102.000000	40.574175	-35.310265	-58.357399	5.780015	0.000000	0.000000	0.000000	0.000000	0.000000	0.000000	0.000000	0.000000	1652876373.714840	0.000000
103.000000	78.257407	-2.515083	-25.210666	43.609103	0.000000	0.000000	0.000000	0.000000	0.000000	0.000000	0.000000	0.000000	1652876373.762664	0.000000
103.000000	110.020377	20.043994	26.796383	110.291520	0.000000	0.000000	0.000000	0.000000	0.000000	0.000000	0.000000	0.000000	1652876373.762664	0.000000
104.000000	75.044833	-9.935044	-5.800585	81.939338	0.000000	0.000000	0.000000	0.000000	0.000000	0.000000	0.000000	0.000000	1652876373.763456	0.000000
104.000000	50.107180	-29.049673	-47.279815	16.161978	0.000000	0.000000	0.000000	0.000000	0.000000	0.000000	0.000000	0.000000	1652876373.763456	0.000000
105.000000	83.867257	-2.163532	-25.206926	43.205194	0.000000	0.000000	0.000000	0.000000	0.000000	0.000000	0.000000	0.000000	1652876373.764038	0.000000
105.000000	117.002770	26.757114	35.229858	117.292612	0.000000	0.000000	0.000000	0.000000	0.000000	0.000000	0.000000	0.000000	1652876373.764038	0.000000
106.000000	83.904656	-3.087287	7.958507	84.860200	0.000000	0.000000	0.000000	0.000000	0.000000	0.000000	0.000000	0.000000	1652876373.764863	0.000000
106.000000	57.250389	-21.558653	-42.032736	13.663724	0.000000	0.000000	0.000000	0.000000	0.000000	0.000000	0.000000	0.000000	1652876373.764863	0.000000
107.000000	94.832643	14.909111	-12.696960	48.373736	0.000000	0.000000	0.000000	0.000000	0.000000	0.000000	0.000000	0.000000	1652876373.775549	0.000000
107.000000	123.738330	31.820939	40.555475	116.705448	0.000000	0.000000	0.000000	0.000000	0.000000	0.000000	0.000000	0.000000	1652876373.775549	0.000000
108.000000	94.260438	-0.248703	10.662455	80.484517	0.000000	0.000000	0.000000	0.000000	0.000000	0.000000	0.000000	0.000000	1652876373.776281	0.000000
108.000000	57.497222	-23.207949	-45.028395	10.103340	0.000000	0.000000	0.000000	0.000000	0.000000	0.000000	0.000000	0.000000	1652876373.776281	0.000000
109.000000	85.834444	0.181385	-22.783471	34.696922	0.000000	0.000000	0.000000	0.000000	0.000000	0.000000	0.000000	0.000000	1652876373.790588	0.000000
109.000000	121.584148	24.000808	29.859361	105.560546	0.000000	0.000000	0.000000	0.000000	0.000000	0.000000	0.000000	0.000000	1652876373.790588	0.000000
110.000000	91.552751	-4.504709	1.249127	74.167826	0.000000	0.000000	0.000000	0.000000	0.000000	0.000000	0.000000	0.000000	1652876373.791242	0.000000
110.000000	55.126125	-31.181416	-55.500115	-1.662386	0.000000	0.000000	0.000000	0.000000	0.000000	0.000000	0.000000	0.000000	1652876373.791242	0.000000
111.000000	97.566510	3.001270	-22.106549	32.565179	0.000000	0.000000	0.000000	0.000000	0.000000	0.000000	0.000000	0.000000	1652876373.821316	0.000000
111.000000	128.764755	31.443209	29.133821	110.332659	0.000000	0.000000	0.000000	0.000000	0.000000	0.000000	0.000000	0.000000	1652876373.821316	0.000000
112.000000	91.563971	2.099954	1.451081	75.211258	0.000000	0.000000	0.000000	0.000000	0.000000	0.000000	0.000000	0.000000	1652876373.822021	0.000000
112.000000	46.932005	-38.231127	-62.497468	-6.531735	0.000000	0.000000	0.000000	0.000000	0.000000	0.000000	0.000000	0.000000	1652876373.822021	0.000000
113.000000	90.819731	2.657199	-21.463286	36.181662	0.000000	0.000000	0.000000	0.000000	0.000000	0.000000	0.000000	0.000000	1652876373.822775	0.000000
113.000000	115.203878	23.522101	27.641601	102.003901	0.000000	0.000000	0.000000	0.000000	0.000000	0.000000	0.000000	0.000000	1652876373.822775	0.000000
114.000000	83.650342	-7.754683	-0.355290	72.649427	0.000000	0.000000	0.000000	0.000000	0.000000	0.000000	0.000000	0.000000	1652876373.834893	0.000000
114.000000	57.126972	-23.073313	-45.604340	7.967857	0.000000	0.000000	0.000000	0.000000	0.000000	0.000000	0.000000	0.000000	1652876373.834893	0.000000
115.000000	96.268765	9.834067	-16.646295	42.434775	0.000000	0.000000	0.000000	0.000000	0.000000	0.000000	0.000000	0.000000	1652876373.850648	0.000000
115.000000	116.628780	31.057999	28.370881	108.840438	0.000000	0.000000	0.000000	0.000000	0.000000	0.000000	0.000000	0.000000	1652876373.850648	0.000000
116.000000	86.141116	-2.440285	2.748826	75.933059	0.000000	0.000000	0.000000	0.000000	0.000000	0.000000	0.000000	0.000000	1652876373.851343	0.000000
116.000000	59.210096	-22.867618	-47.911858	5.383586	0.000000	0.000000	0.000000	0.000000	0.000000	0.000000	0.000000	0.000000	1652876373.851343	0.000000
117.000000	92.405448	7.784602	-18.729419	37.954375	0.000000	0.000000	0.000000	0.000000	0.000000	0.000000	0.000000	0.000000	1652876373.864901	0.000000
117.000000	113.674259	22.284194	16.171327	95.402978	0.000000	0.000000	0.000000	0.000000	0.000000	0.000000	0.000000	0.000000	1652876373.864901	0.000000
118.000000	92.427888	2.761916	0.089758	74.137907	0.000000	0.000000	0.000000	0.000000	0.000000	0.000000	0.000000	0.000000	1652876373.880620	0.000000
118.000000	55.185964	-25.126518	-51.524602	4.418692	0.000000	0.000000	0.000000	0.000000	0.000000	0.000000	0.000000	0.000000	1652876373.880620	0.000000
119.000000	93.546118	7.750943	-21.728819	33.956422	0.000000	0.000000	0.000000	0.000000	0.000000	0.000000	0.000000	0.000000	1652876373.881331	0.000000
119.000000	129.972743	29.532120	30.293190	108.960115	0.000000	0.000000	0.000000	0.000000	0.000000	0.000000	0.000000	0.000000	1652876373.881331	0.000000
120.000000	93.269365	1.101401	-0.097237	75.936799	0.000000	0.000000	0.000000	0.000000	0.000000	0.000000	0.000000	0.000000	1652876373.927681	0.000000
120.000000	57.572020	-22.919977	-48.312028	4.074621	0.000000	0.000000	0.000000	0.000000	0.000000	0.000000	0.000000	0.000000	1652876373.927681	0.000000
121.000000	96.321123	4.964717	-17.285818	40.890196	0.000000	0.000000	0.000000	0.000000	0.000000	0.000000	0.000000	0.000000	1652876373.928423	0.000000
121.000000	126.236583	24.677730	31.074829	108.537507	0.000000	0.000000	0.000000	0.000000	0.000000	0.000000	0.000000	0.000000	1652876373.928423	0.000000
122.000000	84.783532	-7.279715	0.863917	76.849334	0.000000	0.000000	0.000000	0.000000	0.000000	0.000000	0.000000	0.000000	1652876373.929157	0.000000
122.000000	56.169557	-26.846872	-53.645125	4.934798	0.000000	0.000000	0.000000	0.000000	0.000000	0.000000	0.000000	0.000000	1652876373.929157	0.000000
123.000000	94.944840	11.191651	-16.496699	47.468680	0.000000	0.000000	0.000000	0.000000	0.000000	0.000000	0.000000	0.000000	1652876373.929934	0.000000
123.000000	121.397153	26.828172	31.359061	111.492028	0.000000	0.000000	0.000000	0.000000	0.000000	0.000000	0.000000	0.000000	1652876373.929934	0.000000
124.000000	88.740346	-3.289242	7.524679	85.611920	0.000000	0.000000	0.000000	0.000000	0.000000	0.000000	0.000000	0.000000	1652876373.940583	0.000000
124.000000	63.039754	-17.403624	-44.130819	12.788588	0.000000	0.000000	0.000000	0.000000	0.000000	0.000000	0.000000	0.000000	1652876373.940583	0.000000
125.000000	99.690773	9.669511	-14.020885	42.913482	0.000000	0.000000	0.000000	0.000000	0.000000	0.000000	0.000000	0.000000	1652876373.941255	0.000000
125.000000	119.635660	29.902370	28.329742	107.939123	0.000000	0.000000	0.000000	0.000000	0.000000	0.000000	0.000000	0.000000	1652876373.941255	0.000000
126.000000	89.664101	1.699785	0.531066	73.861154	0.000000	0.000000	0.000000	0.000000	0.000000	0.000000	0.000000	0.000000	1652876373.954879	0.000000
126.000000	64.539454	-19.625125	-50.081000	12.231343	0.000000	0.000000	0.000000	0.000000	0.000000	0.000000	0.000000	0.000000	1652876373.954879	0.000000
127.000000	97.125202	8.240870	-21.859715	39.412936	0.000000	0.000000	0.000000	0.000000	0.000000	0.000000	0.000000	0.000000	1652876373.987010	0.000000
127.000000	124.291835	25.160177	26.493451	105.197776	0.000000	0.000000	0.000000	0.000000	0.000000	0.000000	0.000000	0.000000	1652876373.987010	0.000000
128.000000	87.925048	-4.575768	-5.856683	73.756437	0.000000	0.000000	0.000000	0.000000	0.000000	0.000000	0.000000	0.000000	1652876373.987698	0.000000
128.000000	57.512182	-30.474575	-53.809681	-0.274883	0.000000	0.000000	0.000000	0.000000	0.000000	0.000000	0.000000	0.000000	1652876373.987698	0.000000
129.000000	87.958707	-0.443178	-27.196552	34.165856	0.000000	0.000000	0.000000	0.000000	0.000000	0.000000	0.000000	0.000000	1652876373.988470	0.000000
129.000000	118.158399	23.518361	22.158907	101.409257	0.000000	0.000000	0.000000	0.000000	0.000000	0.000000	0.000000	0.000000	1652876373.988470	0.000000
130.000000	82.285279	-6.213844	-5.475214	75.297276	0.000000	0.000000	0.000000	0.000000	0.000000	0.000000	0.000000	0.000000	1652876373.989152	0.000000
130.000000	54.681077	-27.576152	-51.195490	9.886426	0.000000	0.000000	0.000000	0.000000	0.000000	0.000000	0.000000	0.000000	1652876373.989152	0.000000
131.000000	83.736360	-2.541262	-26.452312	39.914082	0.000000	0.000000	0.000000	0.000000	0.000000	0.000000	0.000000	0.000000	1652876373.999880	0.000000
131.000000	121.157799	24.909604	28.082909	112.168949	0.000000	0.000000	0.000000	0.000000	0.000000	0.000000	0.000000	0.000000	1652876373.999880	0.000000
132.000000	81.570958	-4.295275	8.040785	88.813274	0.000000	0.000000	0.000000	0.000000	0.000000	0.000000	0.000000	0.000000	1652876374.031334	0.000000
132.000000	51.898592	-29.726595	-47.780962	13.076560	0.000000	0.000000	0.000000	0.000000	0.000000	0.000000	0.000000	0.000000	1652876374.031334	0.000000
133.000000	99.387841	9.198284	-11.552551	52.027618	0.000000	0.000000	0.000000	0.000000	0.000000	0.000000	0.000000	0.000000	1652876374.032010	0.000000
133.000000	126.928465	32.905510	38.760323	125.423155	0.000000	0.000000	0.000000	0.000000	0.000000	0.000000	0.000000	0.000000	1652876374.032010	0.000000
134.000000	89.690281	5.073174	12.928834	90.039961	0.000000	0.000000	0.000000	0.000000	0.000000	0.000000	0.000000	0.000000	1652876374.032761	0.000000
134.000000	62.834059	-18.073067	-39.669119	22.426310	0.000000	0.000000	0.000000	0.000000	0.000000	0.000000	0.000000	0.000000	1652876374.032761	0.000000
135.000000	97.128942	11.984509	-18.688280	50.094090	0.000000	0.000000	0.000000	0.000000	0.000000	0.000000	0.000000	0.000000	1652876374.044898	0.000000
135.000000	129.381839	34.951235	37.339161	117.221554	0.000000	0.000000	0.000000	0.000000	0.000000	0.000000	0.000000	0.000000	1652876374.044898	0.000000
136.000000	99.227026	5.772536	7.831351	88.173751	0.000000	0.000000	0.000000	0.000000	0.000000	0.000000	0.000000	0.000000	1652876374.076984	0.000000
136.000000	66.787133	-16.124579	-44.145779	15.945063	0.000000	0.000000	0.000000	0.000000	0.000000	0.000000	0.000000	0.000000	1652876374.076984	0.000000
137.000000	98.912874	4.620646	-22.499238	42.674128	0.000000	0.000000	0.000000	0.000000	0.000000	0.000000	0.000000	0.000000	1652876374.077738	0.000000
137.000000	127.844740	27.224602	26.377514	109.027433	0.000000	0.000000	0.000000	0.000000	0.000000	0.000000	0.000000	0.000000	1652876374.077738	0.000000
138.000000	84.181408	-8.495183	-2.580531	75.315975	0.000000	0.000000	0.000000	0.000000	0.000000	0.000000	0.000000	0.000000	1652876374.078424	0.000000
138.000000	53.884479	-28.152097	-55.776868	7.578907	0.000000	0.000000	0.000000	0.000000	0.000000	0.000000	0.000000	0.000000	1652876374.078424	0.000000
139.000000	92.109996	-2.028896	-27.252651	37.348511	0.000000	0.000000	0.000000	0.000000	0.000000	0.000000	0.000000	0.000000	1652876374.079187	0.000000
139.000000	115.596568	19.512928	19.234305	103.174490	0.000000	0.000000	0.000000	0.000000	0.000000	0.000000	0.000000	0.000000	1652876374.079187	0.000000
140.000000	81.122170	-7.627526	-3.137776	79.497183	0.000000	0.000000	0.000000	0.000000	0.000000	0.000000	0.000000	0.000000	1652876374.089906	0.000000
140.000000	48.603740	-29.816352	-53.256175	10.683024	0.000000	0.000000	0.000000	0.000000	0.000000	0.000000	0.000000	0.000000	1652876374.089906	0.000000
141.000000	76.985841	-2.803055	-30.102455	34.622124	0.000000	0.000000	0.000000	0.000000	0.000000	0.000000	0.000000	0.000000	1652876374.104945	0.000000
141.000000	106.523570	18.054367	21.152874	102.871558	0.000000	0.000000	0.000000	0.000000	0.000000	0.000000	0.000000	0.000000	1652876374.104945	0.000000
142.000000	81.761693	-1.580108	4.169988	89.336860	0.000000	0.000000	0.000000	0.000000	0.000000	0.000000	0.000000	0.000000	1652876374.120570	0.000000
142.000000	52.085587	-28.369011	-46.225163	21.341739	0.000000	0.000000	0.000000	0.000000	0.000000	0.000000	0.000000	0.000000	1652876374.120570	0.000000
143.000000	85.284679	4.530889	-18.953813	47.992266	0.000000	0.000000	0.000000	0.000000	0.000000	0.000000	0.000000	0.000000	1652876374.121240	0.000000
143.000000	119.022316	29.685456	31.216945	116.185602	0.000000	0.000000	0.000000	0.000000	0.000000	0.000000	0.000000	0.000000	1652876374.121240	0.000000
144.000000	95.588103	2.926472	13.695514	89.875406	0.000000	0.000000	0.000000	0.000000	0.000000	0.000000	0.000000	0.000000	1652876374.165305	0.000000
144.000000	62.777961	-21.401577	-40.263763	17.455983	0.000000	0.000000	0.000000	0.000000	0.000000	0.000000	0.000000	0.000000	1652876374.165305	0.000000
145.000000	99.283124	10.136999	-18.804217	48.328857	0.000000	0.000000	0.000000	0.000000	0.000000	0.000000	0.000000	0.000000	1652876374.182663	0.000000
145.000000	126.677891	28.189496	28.460639	110.343878	0.000000	0.000000	0.000000	0.000000	0.000000	0.000000	0.000000	0.000000	1652876374.182663	0.000000
146.000000	91.500392	-3.401439	1.297745	82.986510	0.000000	0.000000	0.000000	0.000000	0.000000	0.000000	0.000000	0.000000	1652876374.183443	0.000000
146.000000	59.801000	-24.640331	-51.214190	14.041454	0.000000	0.000000	0.000000	0.000000	0.000000	0.000000	0.000000	0.000000	1652876374.183443	0.000000
147.000000	87.274305	2.084994	-24.301870	41.582078	0.000000	0.000000	0.000000	0.000000	0.000000	0.000000	0.000000	0.000000	1652876374.184150	0.000000
147.000000	118.824101	25.881978	27.903394	112.935629	0.000000	0.000000	0.000000	0.000000	0.000000	0.000000	0.000000	0.000000	1652876374.184150	0.000000
148.000000	86.545025	-4.616906	1.559538	82.066495	0.000000	0.000000	0.000000	0.000000	0.000000	0.000000	0.000000	0.000000	1652876374.184928	0.000000
148.000000	47.358353	-32.767133	-50.668165	15.118546	0.000000	0.000000	0.000000	0.000000	0.000000	0.000000	0.000000	0.000000	1652876374.184928	0.000000
149.000000	80.321831	-2.339307	-25.730512	40.609704	0.000000	0.000000	0.000000	0.000000	0.000000	0.000000	0.000000	0.000000	1652876374.195599	0.000000
149.000000	115.069242	27.995021	35.173759	123.081977	0.000000	0.000000	0.000000	0.000000	0.000000	0.000000	0.000000	0.000000	1652876374.195599	0.000000
150.000000	90.468180	0.547895	9.024379	91.326487	0.000000	0.000000	0.000000	0.000000	0.000000	0.000000	0.000000	0.000000	1652876374.196315	0.000000
150.000000	50.552228	-26.147511	-42.141193	23.077053	0.000000	0.000000	0.000000	0.000000	0.000000	0.000000	0.000000	0.000000	1652876374.196315	0.000000
151.000000	85.871843	-0.589034	-16.964186	39.816845	0.000000	0.000000	0.000000	0.000000	0.000000	0.000000	0.000000	0.000000	1652876374.210610	0.000000
151.000000	127.085540	31.383370	44.949858	119.360777	0.000000	0.000000	0.000000	0.000000	0.000000	0.000000	0.000000	0.000000	1652876374.210610	0.000000
152.000000	87.408942	-0.652613	6.526125	86.307541	0.000000	0.000000	0.000000	0.000000	0.000000	0.000000	0.000000	0.000000	1652876374.211307	0.000000
152.000000	64.419777	-23.862432	-42.096314	19.370812	0.000000	0.000000	0.000000	0.000000	0.000000	0.000000	0.000000	0.000000	1652876374.211307	0.000000
153.000000	98.467826	6.894506	-15.513105	47.363963	0.000000	0.000000	0.000000	0.000000	0.000000	0.000000	0.000000	0.000000	1652876374.241288	0.000000
153.000000	127.175298	27.662170	29.792043	111.342432	0.000000	0.000000	0.000000	0.000000	0.000000	0.000000	0.000000	0.000000	1652876374.241288	0.000000
154.000000	91.844463	-2.462724	5.060085	86.831127	0.000000	0.000000	0.000000	0.000000	0.000000	0.000000	0.000000	0.000000	1652876374.242065	0.000000
154.000000	58.394798	-23.297707	-43.053728	16.483609	0.000000	0.000000	0.000000	0.000000	0.000000	0.000000	0.000000	0.000000	1652876374.242065	0.000000
155.000000	83.837337	-5.118053	-24.238292	39.248380	0.000000	0.000000	0.000000	0.000000	0.000000	0.000000	0.000000	0.000000	1652876374.242779	0.000000
155.000000	117.915306	20.799454	30.390427	114.966395	0.000000	0.000000	0.000000	0.000000	0.000000	0.000000	0.000000	0.000000	1652876374.242779	0.000000
156.000000	80.460208	-6.370920	4.637476	87.534228	0.000000	0.000000	0.000000	0.000000	0.000000	0.000000	0.000000	0.000000	1652876374.254923	0.000000
156.000000	59.460669	-23.772674	-47.074121	18.189003	0.000000	0.000000	0.000000	0.000000	0.000000	0.000000	0.000000	0.000000	1652876374.254923	0.000000
157.000000	93.725633	4.373813	-14.750165	50.699954	0.000000	0.000000	0.000000	0.000000	0.000000	0.000000	0.000000	0.000000	1652876374.270555	0.000000
157.000000	120.634213	29.685456	34.870827	116.892443	0.000000	0.000000	0.000000	0.000000	0.000000	0.000000	0.000000	0.000000	1652876374.270555	0.000000
158.000000	88.852543	-3.382740	5.116183	87.983016	0.000000	0.000000	0.000000	0.000000	0.000000	0.000000	0.000000	0.000000	1652876374.271316	0.000000
158.000000	57.564540	-26.633698	-42.597460	16.240516	0.000000	0.000000	0.000000	0.000000	0.000000	0.000000	0.000000	0.000000	1652876374.271316	0.000000
159.000000	84.600277	1.363194	-18.228272	49.211474	0.000000	0.000000	0.000000	0.000000	0.000000	0.000000	0.000000	0.000000	1652876374.284925	0.000000
159.000000	112.724325	22.142078	26.119461	113.059046	0.000000	0.000000	0.000000	0.000000	0.000000	0.000000	0.000000	0.000000	1652876374.284925	0.000000
160.000000	78.036752	-6.703771	4.959107	91.247949	0.000000	0.000000	0.000000	0.000000	0.000000	0.000000	0.000000	0.000000	1652876374.300633	0.000000
160.000000	51.008495	-27.707049	-47.171358	20.006595	0.000000	0.000000	0.000000	0.000000	0.000000	0.000000	0.000000	0.000000	1652876374.300633	0.000000
161.000000	84.144009	-2.417845	-20.640508	45.673528	0.000000	0.000000	0.000000	0.000000	0.000000	0.000000	0.000000	0.000000	1652876374.301461	0.000000
161.000000	113.038476	22.789080	27.828596	113.403116	0.000000	0.000000	0.000000	0.000000	0.000000	0.000000	0.000000	0.000000	1652876374.301461	0.000000
162.000000	81.843971	-10.245456	0.254313	82.504063	0.000000	0.000000	0.000000	0.000000	0.000000	0.000000	0.000000	0.000000	1652876374.314972	0.000000
162.000000	54.774575	-26.693536	-47.661285	13.199977	0.000000	0.000000	0.000000	0.000000	0.000000	0.000000	0.000000	0.000000	1652876374.314972	0.000000
163.000000	93.890188	2.597361	-18.175914	46.365410	0.000000	0.000000	0.000000	0.000000	0.000000	0.000000	0.000000	0.000000	1652876374.330709	0.000000
163.000000	117.167326	26.951589	27.933313	116.077145	0.000000	0.000000	0.000000	0.000000	0.000000	0.000000	0.000000	0.000000	1652876374.330709	0.000000
164.000000	79.439215	-10.679284	0.145856	85.458584	0.000000	0.000000	0.000000	0.000000	0.000000	0.000000	0.000000	0.000000	1652876374.331424	0.000000
164.000000	53.992936	-26.749634	-46.733790	13.405671	0.000000	0.000000	0.000000	0.000000	0.000000	0.000000	0.000000	0.000000	1652876374.331424	0.000000
165.000000	85.165002	-3.367780	-23.131281	37.060539	0.000000	0.000000	0.000000	0.000000	0.000000	0.000000	0.000000	0.000000	1652876374.344926	0.000000
165.000000	118.921339	26.551420	30.431566	113.429296	0.000000	0.000000	0.000000	0.000000	0.000000	0.000000	0.000000	0.000000	1652876374.344926	0.000000
166.000000	77.928295	-10.690504	0.437568	82.002916	0.000000	0.000000	0.000000	0.000000	0.000000	0.000000	0.000000	0.000000	1652876374.376971	0.000000
166.000000	46.782409	-33.874144	-47.399492	17.601839	0.000000	0.000000	0.000000	0.000000	0.000000	0.000000	0.000000	0.000000	1652876374.376971	0.000000
167.000000	83.134236	0.895706	-20.146841	44.921808	0.000000	0.000000	0.000000	0.000000	0.000000	0.000000	0.000000	0.000000	1652876374.377698	0.000000
167.000000	114.328742	25.560346	30.869134	111.308772	0.000000	0.000000	0.000000	0.000000	0.000000	0.000000	0.000000	0.000000	1652876374.377698	0.000000
168.000000	83.209034	-5.267649	2.677768	88.267249	0.000000	0.000000	0.000000	0.000000	0.000000	0.000000	0.000000	0.000000	1652876374.378442	0.000000
168.000000	59.348472	-24.472035	-42.518923	19.105279	0.000000	0.000000	0.000000	0.000000	0.000000	0.000000	0.000000	0.000000	1652876374.378442	0.000000
169.000000	93.632135	5.967010	-14.757645	45.909142	0.000000	0.000000	0.000000	0.000000	0.000000	0.000000	0.000000	0.000000	1652876374.379182	0.000000
169.000000	123.712151	30.081885	37.092328	117.505787	0.000000	0.000000	0.000000	0.000000	0.000000	0.000000	0.000000	0.000000	1652876374.379182	0.000000
170.000000	84.757353	-4.183078	4.708534	86.359900	0.000000	0.000000	0.000000	0.000000	0.000000	0.000000	0.000000	0.000000	1652876374.389965	0.000000
170.000000	53.562847	-23.780154	-44.407572	18.405918	0.000000	0.000000	0.000000	0.000000	0.000000	0.000000	0.000000	0.000000	1652876374.389965	0.000000
171.000000	90.830950	5.069434	-18.269411	45.662309	0.000000	0.000000	0.000000	0.000000	0.000000	0.000000	0.000000	0.000000	1652876374.405029	0.000000
171.000000	115.719984	25.182616	33.161693	115.119730	0.000000	0.000000	0.000000	0.000000	0.000000	0.000000	0.000000	0.000000	1652876374.405029	0.000000
172.000000	86.586164	-3.797868	9.054298	90.253136	0.000000	0.000000	0.000000	0.000000	0.000000	0.000000	0.000000	0.000000	1652876374.420618	0.000000
172.000000	55.096206	-23.982108	-43.513736	20.485302	0.000000	0.000000	0.000000	0.000000	0.000000	0.000000	0.000000	0.000000	1652876374.420618	0.000000
173.000000	87.640816	6.292382	-17.532651	48.134382	0.000000	0.000000	0.000000	0.000000	0.000000	0.000000	0.000000	0.000000	1652876374.421355	0.000000
173.000000	123.166125	31.170196	34.825948	124.753713	0.000000	0.000000	0.000000	0.000000	0.000000	0.000000	0.000000	0.000000	1652876374.421355	0.000000
174.000000	92.667241	3.723070	11.242139	96.038761	0.000000	0.000000	0.000000	0.000000	0.000000	0.000000	0.000000	0.000000	1652876374.434938	0.000000
174.000000	57.437384	-25.908157	-43.150966	15.870265	0.000000	0.000000	0.000000	0.000000	0.000000	0.000000	0.000000	0.000000	1652876374.434938	0.000000
175.000000	87.517399	2.533782	-16.362062	53.800331	0.000000	0.000000	0.000000	0.000000	0.000000	0.000000	0.000000	0.000000	1652876374.451249	0.000000
175.000000	119.067195	25.552866	34.919446	117.146756	0.000000	0.000000	0.000000	0.000000	0.000000	0.000000	0.000000	0.000000	1652876374.451249	0.000000
176.000000	81.211928	-6.378399	4.386903	87.818461	0.000000	0.000000	0.000000	0.000000	0.000000	0.000000	0.000000	0.000000	1652876374.451962	0.000000
176.000000	46.038168	-37.176476	-49.755629	9.718130	0.000000	0.000000	0.000000	0.000000	0.000000	0.000000	0.000000	0.000000	1652876374.451962	0.000000
177.000000	84.671335	0.177645	-18.542424	46.025079	0.000000	0.000000	0.000000	0.000000	0.000000	0.000000	0.000000	0.000000	1652876374.464918	0.000000
177.000000	115.338515	24.834806	33.027057	115.669496	0.000000	0.000000	0.000000	0.000000	0.000000	0.000000	0.000000	0.000000	1652876374.464918	0.000000
178.000000	74.992474	-11.341247	-2.501993	83.768149	0.000000	0.000000	0.000000	0.000000	0.000000	0.000000	0.000000	0.000000	1652876374.480597	0.000000
178.000000	46.023209	-32.239808	-53.357153	8.491443	0.000000	0.000000	0.000000	0.000000	0.000000	0.000000	0.000000	0.000000	1652876374.480597	0.000000
179.000000	91.014205	8.274529	-20.393674	46.260693	0.000000	0.000000	0.000000	0.000000	0.000000	0.000000	0.000000	0.000000	1652876374.481321	0.000000
179.000000	119.826395	23.510881	27.260131	111.563086	0.000000	0.000000	0.000000	0.000000	0.000000	0.000000	0.000000	0.000000	1652876374.481321	0.000000
180.000000	84.372143	-8.046395	-1.481000	79.691658	0.000000	0.000000	0.000000	0.000000	0.000000	0.000000	0.000000	0.000000	1652876374.495033	0.000000
180.000000	52.250142	-27.871604	-50.802801	14.972689	0.000000	0.000000	0.000000	0.000000	0.000000	0.000000	0.000000	0.000000	1652876374.495033	0.000000
181.000000	95.075737	4.601947	-16.915567	48.459754	0.000000	0.000000	0.000000	0.000000	0.000000	0.000000	0.000000	0.000000	1652876374.510638	0.000000
181.000000	129.939084	35.317745	35.371974	117.692782	0.000000	0.000000	0.000000	0.000000	0.000000	0.000000	0.000000	0.000000	1652876374.510638	0.000000
182.000000	95.251512	5.854813	11.537591	93.458230	0.000000	0.000000	0.000000	0.000000	0.000000	0.000000	0.000000	0.000000	1652876374.511310	0.000000
182.000000	64.086926	-15.586033	-38.315275	24.486995	0.000000	0.000000	0.000000	0.000000	0.000000	0.000000	0.000000	0.000000	1652876374.511310	0.000000
183.000000	98.120015	9.000069	-15.430827	46.028819	0.000000	0.000000	0.000000	0.000000	0.000000	0.000000	0.000000	0.000000	1652876374.541341	0.000000
183.000000	128.588980	33.230881	39.250250	121.361624	0.000000	0.000000	0.000000	0.000000	0.000000	0.000000	0.000000	0.000000	1652876374.541341	0.000000
184.000000	85.737206	0.428219	5.699608	86.307541	0.000000	0.000000	0.000000	0.000000	0.000000	0.000000	0.000000	0.000000	1652876374.542062	0.000000
184.000000	52.900885	-28.398930	-46.587934	14.164871	0.000000	0.000000	0.000000	0.000000	0.000000	0.000000	0.000000	0.000000	1652876374.542062	0.000000
185.000000	84.263686	0.084148	-19.365202	45.961501	0.000000	0.000000	0.000000	0.000000	0.000000	0.000000	0.000000	0.000000	1652876374.542763	0.000000
185.000000	114.425979	26.914190	36.063855	114.528826	0.000000	0.000000	0.000000	0.000000	0.000000	0.000000	0.000000	0.000000	1652876374.542763	0.000000
186.000000	83.616683	0.491797	6.795398	91.573320	0.000000	0.000000	0.000000	0.000000	0.000000	0.000000	0.000000	0.000000	1652876374.554899	0.000000
186.000000	53.637645	-22.710542	-40.993043	16.592066	0.000000	0.000000	0.000000	0.000000	0.000000	0.000000	0.000000	0.000000	1652876374.554899	0.000000
187.000000	88.074644	2.384186	-16.216206	47.809011	0.000000	0.000000	0.000000	0.000000	0.000000	0.000000	0.000000	0.000000	1652876374.570588	0.000000
187.000000	118.173359	26.689796	31.976145	116.013567	0.000000	0.000000	0.000000	0.000000	0.000000	0.000000	0.000000	0.000000	1652876374.570588	0.000000
188.000000	81.032412	-8.087534	0.317891	84.291735	0.000000	0.000000	0.000000	0.000000	0.000000	0.000000	0.000000	0.000000	1652876374.571314	0.000000
188.000000	59.000662	-25.926856	-40.641493	20.518961	0.000000	0.000000	0.000000	0.000000	0.000000	0.000000	0.000000	0.000000	1652876374.571314	0.000000
189.000000	95.053297	10.784002	-8.687788	49.551804	0.000000	0.000000	0.000000	0.000000	0.000000	0.000000	0.000000	0.000000	1652876374.584932	0.000000
189.000000	126.580654	32.598838	35.977838	115.239407	0.000000	0.000000	0.000000	0.000000	0.000000	0.000000	0.000000	0.000000	1652876374.584932	0.000000
190.000000	88.542131	-0.155206	8.799985	88.667418	0.000000	0.000000	0.000000	0.000000	0.000000	0.000000	0.000000	0.000000	1652876374.600589	0.000000
190.000000	59.258715	-21.289380	-39.949611	19.535367	0.000000	0.000000	0.000000	0.000000	0.000000	0.000000	0.000000	0.000000	1652876374.600589	0.000000
191.000000	88.766525	2.634760	-17.181100	41.282886	0.000000	0.000000	0.000000	0.000000	0.000000	0.000000	0.000000	0.000000	1652876374.601337	0.000000
191.000000	123.861747	27.288180	31.632074	112.367164	0.000000	0.000000	0.000000	0.000000	0.000000	0.000000	0.000000	0.000000	1652876374.601337	0.000000
192.000000	82.618130	-3.775429	4.543978	85.585741	0.000000	0.000000	0.000000	0.000000	0.000000	0.000000	0.000000	0.000000	1652876374.631328	0.000000
192.000000	53.166418	-24.718869	-46.056868	18.701370	0.000000	0.000000	0.000000	0.000000	0.000000	0.000000	0.000000	0.000000	1652876374.631328	0.000000
193.000000	89.050758	8.091274	-14.694067	55.210273	0.000000	0.000000	0.000000	0.000000	0.000000	0.000000	0.000000	0.000000	1652876374.632024	0.000000
193.000000	119.257930	29.094552	38.618207	120.142416	0.000000	0.000000	0.000000	0.000000	0.000000	0.000000	0.000000	0.000000	1652876374.632024	0.000000
194.000000	92.151135	1.763363	9.596583	92.478376	0.000000	0.000000	0.000000	0.000000	0.000000	0.000000	0.000000	0.000000	1652876374.632763	0.000000
194.000000	55.451497	-26.566379	-41.961678	23.297707	0.000000	0.000000	0.000000	0.000000	0.000000	0.000000	0.000000	0.000000	1652876374.632763	0.000000
195.000000	93.404001	6.655152	-13.564617	49.993113	0.000000	0.000000	0.000000	0.000000	0.000000	0.000000	0.000000	0.000000	1652876374.644989	0.000000
195.000000	125.357707	32.172489	37.709411	115.665756	0.000000	0.000000	0.000000	0.000000	0.000000	0.000000	0.000000	0.000000	1652876374.644989	0.000000
196.000000	84.293605	-6.030589	8.710227	88.256029	0.000000	0.000000	0.000000	0.000000	0.000000	0.000000	0.000000	0.000000	1652876374.660641	0.000000
196.000000	54.617499	-28.728042	-41.468011	21.147264	0.000000	0.000000	0.000000	0.000000	0.000000	0.000000	0.000000	0.000000	1652876374.660641	0.000000
197.000000	87.251866	1.692305	-18.463886	41.585818	0.000000	0.000000	0.000000	0.000000	0.000000	0.000000	0.000000	0.000000	1652876374.661376	0.000000
197.000000	116.924232	22.624525	32.323955	109.577199	0.000000	0.000000	0.000000	0.000000	0.000000	0.000000	0.000000	0.000000	1652876374.661376	0.000000
198.000000	73.399277	-13.495429	-1.682955	68.109188	0.000000	0.000000	0.000000	0.000000	0.000000	0.000000	0.000000	0.000000	1652876374.675031	0.000000
198.000000	49.276922	-29.947249	-47.429411	9.733090	0.000000	0.000000	0.000000	0.000000	0.000000	0.000000	0.000000	0.000000	1652876374.675031	0.000000
199.000000	90.958107	7.635006	-19.604556	37.958115	0.000000	0.000000	0.000000	0.000000	0.000000	0.000000	0.000000	0.000000	1652876374.707030	0.000000
199.000000	119.931112	24.139184	32.065902	109.386464	0.000000	0.000000	0.000000	0.000000	0.000000	0.000000	0.000000	0.000000	1652876374.707030	0.000000
200.000000	89.832397	-6.468157	6.271812	80.862247	0.000000	0.000000	0.000000	0.000000	0.000000	0.000000	0.000000	0.000000	1652876374.707759	0.000000
200.000000	63.275367	-24.587972	-43.943824	13.480469	0.000000	0.000000	0.000000	0.000000	0.000000	0.000000	0.000000	0.000000	1652876374.707759	0.000000
0.000000	90.982416	5.110573	-17.536391	34.296753	0.000000	0.000000	0.000000	0.000000	0.000000	0.000000	0.000000	0.000000	1652876374.708506	0.000000
101.000000	124.278745	30.687749	29.732205	103.440023	0.000000	0.000000	0.000000	0.000000	0.000000	0.000000	0.000000	0.000000	1652876374.709254	0.000000
101.000000	91.506002	-3.214444	4.839431	79.803855	0.000000	0.000000	0.000000	0.000000	0.000000	0.000000	0.000000	0.000000	1652876374.709254	0.000000
