117.000000	81.075421	-4.186818	-25.145217	34.446349	0.000000	0.000000	0.000000	0.000000	0.000000	0.000000	0.000000	0.000000	1652876376.881434	0.000000
118.000000	117.341231	27.112405	27.415337	104.311420	0.000000	0.000000	0.000000	0.000000	0.000000	0.000000	0.000000	0.000000	1652876376.927502	0.000000
118.000000	97.314067	9.284302	16.247995	97.448703	0.000000	0.000000	0.000000	0.000000	0.000000	0.000000	0.000000	0.000000	1652876376.927502	0.000000
119.000000	52.255752	-27.923963	-40.452628	19.079100	0.000000	0.000000	0.000000	0.000000	0.000000	0.000000	0.000000	0.000000	1652876376.928244	0.000000
119.000000	77.601054	-2.159792	-26.207349	27.351758	0.000000	0.000000	0.000000	0.000000	0.000000	0.000000	0.000000	0.000000	1652876376.928244	0.000000
120.000000	110.927303	25.519207	24.632851	103.926210	0.000000	0.000000	0.000000	0.000000	0.000000	0.000000	0.000000	0.000000	1652876376.928905	0.000000
120.000000	88.371966	6.112866	12.354760	93.439530	0.000000	0.000000	0.000000	0.000000	0.000000	0.000000	0.000000	0.000000	1652876376.928905	0.000000
121.000000	50.707434	-30.624171	-45.808165	17.272728	0.000000	0.000000	0.000000	0.000000	0.000000	0.000000	0.000000	0.000000	1652876376.957790	0.000000
121.000000	81.307295	-6.789788	-28.051120	29.947249	0.000000	0.000000	0.000000	0.000000	0.000000	0.000000	0.000000	0.000000	1652876376.957790	0.000000
122.000000	114.816799	21.902724	19.352112	99.988095	0.000000	0.000000	0.000000	0.000000	0.000000	0.000000	0.000000	0.000000	1652876376.958530	0.000000
122.000000	88.413105	1.482870	6.501816	85.907372	0.000000	0.000000	0.000000	0.000000	0.000000	0.000000	0.000000	0.000000	1652876376.958530	0.000000
123.000000	57.285918	-26.386864	-47.928688	20.631158	0.000000	0.000000	0.000000	0.000000	0.000000	0.000000	0.000000	0.000000	1652876376.959263	0.000000
123.000000	86.064448	0.342201	-23.963409	41.469881	0.000000	0.000000	0.000000	0.000000	0.000000	0.000000	0.000000	0.000000	1652876376.959263	0.000000
124.000000	122.027326	32.583878	28.817799	106.252428	0.000000	0.000000	0.000000	0.000000	0.000000	0.000000	0.000000	0.000000	1652876376.960015	0.000000
124.000000	94.827033	5.435945	14.161131	98.009688	0.000000	0.000000	0.000000	0.000000	0.000000	0.000000	0.000000	0.000000	1652876376.960015	0.000000
125.000000	66.153220	-14.235929	-33.488934	32.890550	0.000000	0.000000	0.000000	0.000000	0.000000	0.000000	0.000000	0.000000	1652876376.970706	0.000000
125.000000	91.569580	9.815367	-14.651058	44.835791	0.000000	0.000000	0.000000	0.000000	0.000000	0.000000	0.000000	0.000000	1652876376.970706	0.000000
126.000000	125.699907	32.434282	29.782693	109.670696	0.000000	0.000000	0.000000	0.000000	0.000000	0.000000	0.000000	0.000000	1652876376.971424	0.000000
126.000000	101.412997	11.445964	18.364779	105.220215	0.000000	0.000000	0.000000	0.000000	0.000000	0.000000	0.000000	0.000000	1652876376.971424	0.000000
127.000000	54.331397	-26.996468	-42.363717	25.186356	0.000000	0.000000	0.000000	0.000000	0.000000	0.000000	0.000000	0.000000	1652876376.985728	0.000000
127.000000	79.160592	-2.238330	-31.035560	31.978015	0.000000	0.000000	0.000000	0.000000	0.000000	0.000000	0.000000	0.000000	1652876376.985728	0.000000
128.000000	107.897984	13.435591	16.405071	98.873605	0.000000	0.000000	0.000000	0.000000	0.000000	0.000000	0.000000	0.000000	1652876376.986457	0.000000
128.000000	81.217537	-4.904879	7.324594	92.665371	0.000000	0.000000	0.000000	0.000000	0.000000	0.000000	0.000000	0.000000	1652876376.986457	0.000000
129.000000	48.313898	-36.847364	-46.152235	17.115652	0.000000	0.000000	0.000000	0.000000	0.000000	0.000000	0.000000	0.000000	1652876377.016452	0.000000
129.000000	76.194852	-9.231943	-38.152589	23.761454	0.000000	0.000000	0.000000	0.000000	0.000000	0.000000	0.000000	0.000000	1652876377.016452	0.000000
130.000000	118.186448	19.569027	22.747941	103.769134	0.000000	0.000000	0.000000	0.000000	0.000000	0.000000	0.000000	0.000000	1652876377.017170	0.000000
130.000000	90.197037	1.150019	7.601347	87.676345	0.000000	0.000000	0.000000	0.000000	0.000000	0.000000	0.000000	0.000000	1652876377.017170	0.000000
131.000000	63.580169	-14.348126	-33.829265	30.014567	0.000000	0.000000	0.000000	0.000000	0.000000	0.000000	0.000000	0.000000	1652876377.017896	0.000000
131.000000	91.461123	8.981370	-18.192743	41.137030	0.000000	0.000000	0.000000	0.000000	0.000000	0.000000	0.000000	0.000000	1652876377.017896	0.000000
132.000000	127.618476	35.893690	33.750727	113.560192	0.000000	0.000000	0.000000	0.000000	0.000000	0.000000	0.000000	0.000000	1652876377.030016	0.000000
132.000000	97.972289	9.662032	17.130612	101.334459	0.000000	0.000000	0.000000	0.000000	0.000000	0.000000	0.000000	0.000000	1652876377.030016	0.000000
133.000000	64.410427	-20.724656	-35.044733	33.156083	0.000000	0.000000	0.000000	0.000000	0.000000	0.000000	0.000000	0.000000	1652876377.092850	0.000000
133.000000	88.592620	1.370673	-21.438976	38.059092	0.000000	0.000000	0.000000	0.000000	0.000000	0.000000	0.000000	0.000000	1652876377.092850	0.000000
134.000000	121.167149	31.446949	33.208442	112.872051	0.000000	0.000000	0.000000	0.000000	0.000000	0.000000	0.000000	0.000000	1652876377.093528	0.000000
134.000000	98.735229	4.975937	19.497968	104.999561	0.000000	0.000000	0.000000	0.000000	0.000000	0.000000	0.000000	0.000000	1652876377.093528	0.000000
135.000000	62.009411	-23.997068	-40.774259	26.697276	0.000000	0.000000	0.000000	0.000000	0.000000	0.000000	0.000000	0.000000	1652876377.094272	0.000000
135.000000	85.963470	-1.823201	-30.085625	34.248134	0.000000	0.000000	0.000000	0.000000	0.000000	0.000000	0.000000	0.000000	1652876377.094272	0.000000
136.000000	124.551758	29.367564	28.791620	112.127811	0.000000	0.000000	0.000000	0.000000	0.000000	0.000000	0.000000	0.000000	1652876377.094993	0.000000
136.000000	88.491643	0.402039	8.633559	93.125379	0.000000	0.000000	0.000000	0.000000	0.000000	0.000000	0.000000	0.000000	1652876377.094993	0.000000
137.000000	53.733013	-32.752174	-44.289765	22.448749	0.000000	0.000000	0.000000	0.000000	0.000000	0.000000	0.000000	0.000000	1652876377.107123	0.000000
137.000000	83.614813	-0.963024	-27.725748	34.880177	0.000000	0.000000	0.000000	0.000000	0.000000	0.000000	0.000000	0.000000	1652876377.107123	0.000000
138.000000	114.704602	17.871112	21.891504	105.354852	0.000000	0.000000	0.000000	0.000000	0.000000	0.000000	0.000000	0.000000	1652876377.107843	0.000000
138.000000	83.106187	-11.599300	0.450658	88.050335	0.000000	0.000000	0.000000	0.000000	0.000000	0.000000	0.000000	0.000000	1652876377.107843	0.000000
139.000000	48.160562	-34.846518	-50.281085	19.355852	0.000000	0.000000	0.000000	0.000000	0.000000	0.000000	0.000000	0.000000	1652876377.108558	0.000000
139.000000	79.463524	-3.270543	-30.137984	32.015414	0.000000	0.000000	0.000000	0.000000	0.000000	0.000000	0.000000	0.000000	1652876377.108558	0.000000
140.000000	125.509173	29.853751	27.972582	109.745494	0.000000	0.000000	0.000000	0.000000	0.000000	0.000000	0.000000	0.000000	1652876377.109353	0.000000
140.000000	102.871558	7.313374	14.628619	92.504555	0.000000	0.000000	0.000000	0.000000	0.000000	0.000000	0.000000	0.000000	1652876377.109353	0.000000
141.000000	72.806502	-10.956037	-27.134844	32.221108	0.000000	0.000000	0.000000	0.000000	0.000000	0.000000	0.000000	0.000000	1652876377.120146	0.000000
141.000000	97.411304	12.294921	-18.581693	43.410889	0.000000	0.000000	0.000000	0.000000	0.000000	0.000000	0.000000	0.000000	1652876377.120146	0.000000
142.000000	137.660108	45.890442	43.265033	114.199715	0.000000	0.000000	0.000000	0.000000	0.000000	0.000000	0.000000	0.000000	1652876377.135783	0.000000
142.000000	104.790127	16.427511	19.109019	100.567780	0.000000	0.000000	0.000000	0.000000	0.000000	0.000000	0.000000	0.000000	1652876377.135783	0.000000
143.000000	62.577876	-17.216629	-35.463601	31.263694	0.000000	0.000000	0.000000	0.000000	0.000000	0.000000	0.000000	0.000000	1652876377.136446	0.000000
143.000000	89.852966	3.973644	-21.697030	39.973921	0.000000	0.000000	0.000000	0.000000	0.000000	0.000000	0.000000	0.000000	1652876377.136446	0.000000
144.000000	119.985340	30.100585	32.999007	113.358238	0.000000	0.000000	0.000000	0.000000	0.000000	0.000000	0.000000	0.000000	1652876377.150110	0.000000
144.000000	91.842593	3.315421	17.882332	98.974582	0.000000	0.000000	0.000000	0.000000	0.000000	0.000000	0.000000	0.000000	1652876377.150110	0.000000
145.000000	55.595483	-17.856152	-37.326072	30.149203	0.000000	0.000000	0.000000	0.000000	0.000000	0.000000	0.000000	0.000000	1652876377.165780	0.000000
145.000000	79.695398	-0.667572	-25.104078	43.429588	0.000000	0.000000	0.000000	0.000000	0.000000	0.000000	0.000000	0.000000	1652876377.165780	0.000000
146.000000	110.149403	23.477222	25.182616	110.100785	0.000000	0.000000	0.000000	0.000000	0.000000	0.000000	0.000000	0.000000	1652876377.166413	0.000000
146.000000	82.231050	-2.945171	7.721023	97.564640	0.000000	0.000000	0.000000	0.000000	0.000000	0.000000	0.000000	0.000000	1652876377.166413	0.000000
147.000000	42.666649	-34.790419	-50.497999	20.810673	0.000000	0.000000	0.000000	0.000000	0.000000	0.000000	0.000000	0.000000	1652876377.180121	0.000000
147.000000	67.873574	-11.143032	-36.061985	32.247287	0.000000	0.000000	0.000000	0.000000	0.000000	0.000000	0.000000	0.000000	1652876377.180121	0.000000
148.000000	109.049873	17.549481	22.531027	107.845625	0.000000	0.000000	0.000000	0.000000	0.000000	0.000000	0.000000	0.000000	1652876377.195729	0.000000
148.000000	82.769596	-5.106833	7.994036	88.884332	0.000000	0.000000	0.000000	0.000000	0.000000	0.000000	0.000000	0.000000	1652876377.195729	0.000000
149.000000	46.548665	-28.963655	-46.653382	18.435837	0.000000	0.000000	0.000000	0.000000	0.000000	0.000000	0.000000	0.000000	1652876377.196439	0.000000
149.000000	71.692012	-10.593267	-37.154036	25.878238	0.000000	0.000000	0.000000	0.000000	0.000000	0.000000	0.000000	0.000000	1652876377.196439	0.000000
150.000000	119.439315	32.838192	30.968242	113.264740	0.000000	0.000000	0.000000	0.000000	0.000000	0.000000	0.000000	0.000000	1652876377.210178	0.000000
150.000000	94.565240	6.225063	19.224956	98.899784	0.000000	0.000000	0.000000	0.000000	0.000000	0.000000	0.000000	0.000000	1652876377.210178	0.000000
151.000000	62.645194	-20.294567	-34.229434	28.978615	0.000000	0.000000	0.000000	0.000000	0.000000	0.000000	0.000000	0.000000	1652876377.226903	0.000000
151.000000	97.841393	10.151958	-15.301801	44.125210	0.000000	0.000000	0.000000	0.000000	0.000000	0.000000	0.000000	0.000000	1652876377.226903	0.000000
152.000000	134.656968	39.113744	35.732874	111.955775	0.000000	0.000000	0.000000	0.000000	0.000000	0.000000	0.000000	0.000000	1652876377.240786	0.000000
152.000000	112.112851	15.967503	26.143771	102.957576	0.000000	0.000000	0.000000	0.000000	0.000000	0.000000	0.000000	0.000000	1652876377.240786	0.000000
153.000000	67.738938	-12.377199	-32.838192	27.729488	0.000000	0.000000	0.000000	0.000000	0.000000	0.000000	0.000000	0.000000	1652876377.241464	0.000000
153.000000	84.299215	2.447765	-23.750235	30.519454	0.000000	0.000000	0.000000	0.000000	0.000000	0.000000	0.000000	0.000000	1652876377.241464	0.000000
154.000000	118.317345	24.195283	26.768334	101.401777	0.000000	0.000000	0.000000	0.000000	0.000000	0.000000	0.000000	0.000000	1652876377.255766	0.000000
154.000000	86.872266	0.850827	9.172105	95.047687	0.000000	0.000000	0.000000	0.000000	0.000000	0.000000	0.000000	0.000000	1652876377.255766	0.000000
155.000000	45.737107	-30.646610	-44.458061	18.690150	0.000000	0.000000	0.000000	0.000000	0.000000	0.000000	0.000000	0.000000	1652876377.256438	0.000000
155.000000	70.820616	-11.285148	-34.349111	25.694983	0.000000	0.000000	0.000000	0.000000	0.000000	0.000000	0.000000	0.000000	1652876377.256438	0.000000
156.000000	103.331566	15.354159	17.979569	95.881685	0.000000	0.000000	0.000000	0.000000	0.000000	0.000000	0.000000	0.000000	1652876377.270099	0.000000
156.000000	85.174352	-3.738030	8.255829	89.464017	0.000000	0.000000	0.000000	0.000000	0.000000	0.000000	0.000000	0.000000	1652876377.270099	0.000000
157.000000	44.084071	-33.294459	-46.761839	15.324240	0.000000	0.000000	0.000000	0.000000	0.000000	0.000000	0.000000	0.000000	1652876377.285758	0.000000
157.000000	68.688873	-12.538015	-37.666402	23.297707	0.000000	0.000000	0.000000	0.000000	0.000000	0.000000	0.000000	0.000000	1652876377.285758	0.000000
158.000000	109.670696	16.061000	20.174890	101.274621	0.000000	0.000000	0.000000	0.000000	0.000000	0.000000	0.000000	0.000000	1652876377.286470	0.000000
158.000000	86.008349	-5.551881	5.847334	89.624832	0.000000	0.000000	0.000000	0.000000	0.000000	0.000000	0.000000	0.000000	1652876377.286470	0.000000
159.000000	53.830250	-28.095998	-39.745787	23.125671	0.000000	0.000000	0.000000	0.000000	0.000000	0.000000	0.000000	0.000000	1652876377.316471	0.000000
159.000000	84.460031	-0.895706	-24.113005	34.162116	0.000000	0.000000	0.000000	0.000000	0.000000	0.000000	0.000000	0.000000	1652876377.316471	0.000000
160.000000	124.013213	35.100831	31.203855	110.848765	0.000000	0.000000	0.000000	0.000000	0.000000	0.000000	0.000000	0.000000	1652876377.317223	0.000000
160.000000	104.651751	16.244255	17.856152	103.885071	0.000000	0.000000	0.000000	0.000000	0.000000	0.000000	0.000000	0.000000	1652876377.317223	0.000000
161.000000	68.610335	-15.731889	-31.454429	31.446949	0.000000	0.000000	0.000000	0.000000	0.000000	0.000000	0.000000	0.000000	1652876377.317924	0.000000
161.000000	89.015229	1.785802	-24.677730	35.643117	0.000000	0.000000	0.000000	0.000000	0.000000	0.000000	0.000000	0.000000	1652876377.317924	0.000000
162.000000	129.260292	36.073205	33.365517	111.424709	0.000000	0.000000	0.000000	0.000000	0.000000	0.000000	0.000000	0.000000	1652876377.346476	0.000000
162.000000	100.257368	12.620292	18.858446	102.950096	0.000000	0.000000	0.000000	0.000000	0.000000	0.000000	0.000000	0.000000	1652876377.346476	0.000000
163.000000	66.385094	-15.567334	-33.328118	28.223155	0.000000	0.000000	0.000000	0.000000	0.000000	0.000000	0.000000	0.000000	1652876377.347194	0.000000
163.000000	84.063601	-0.155206	-28.428850	32.441762	0.000000	0.000000	0.000000	0.000000	0.000000	0.000000	0.000000	0.000000	1652876377.347194	0.000000
164.000000	117.677822	26.005394	28.492428	108.698322	0.000000	0.000000	0.000000	0.000000	0.000000	0.000000	0.000000	0.000000	1652876377.347907	0.000000
164.000000	89.153605	2.937691	10.619446	98.892305	0.000000	0.000000	0.000000	0.000000	0.000000	0.000000	0.000000	0.000000	1652876377.347907	0.000000
165.000000	49.753759	-30.874744	-44.001793	29.173090	0.000000	0.000000	0.000000	0.000000	0.000000	0.000000	0.000000	0.000000	1652876377.360047	0.000000
165.000000	70.181093	-9.931304	-35.673036	30.684009	0.000000	0.000000	0.000000	0.000000	0.000000	0.000000	0.000000	0.000000	1652876377.360047	0.000000
166.000000	112.094151	22.157037	23.140631	105.268834	0.000000	0.000000	0.000000	0.000000	0.000000	0.000000	0.000000	0.000000	1652876377.375832	0.000000
166.000000	86.808688	-3.457538	10.309034	97.388865	0.000000	0.000000	0.000000	0.000000	0.000000	0.000000	0.000000	0.000000	1652876377.375832	0.000000
167.000000	48.040885	-35.014813	-45.048965	25.350912	0.000000	0.000000	0.000000	0.000000	0.000000	0.000000	0.000000	0.000000	1652876377.376528	0.000000
167.000000	74.216445	-9.983663	-32.621277	32.135090	0.000000	0.000000	0.000000	0.000000	0.000000	0.000000	0.000000	0.000000	1652876377.376528	0.000000
168.000000	114.072558	20.791974	24.659030	104.644271	0.000000	0.000000	0.000000	0.000000	0.000000	0.000000	0.000000	0.000000	1652876377.406495	0.000000
168.000000	86.722670	-6.359700	10.002362	99.961916	0.000000	0.000000	0.000000	0.000000	0.000000	0.000000	0.000000	0.000000	1652876377.406495	0.000000
169.000000	48.938461	-30.246441	-46.238253	18.469496	0.000000	0.000000	0.000000	0.000000	0.000000	0.000000	0.000000	0.000000	1652876377.407166	0.000000
169.000000	70.061416	-9.400239	-31.043040	32.037853	0.000000	0.000000	0.000000	0.000000	0.000000	0.000000	0.000000	0.000000	1652876377.407166	0.000000
170.000000	108.933936	18.574213	19.101539	101.712189	0.000000	0.000000	0.000000	0.000000	0.000000	0.000000	0.000000	0.000000	1652876377.407910	0.000000
170.000000	77.219584	-8.158592	6.404579	92.179184	0.000000	0.000000	0.000000	0.000000	0.000000	0.000000	0.000000	0.000000	1652876377.407910	0.000000
171.000000	48.254059	-31.420769	-44.158869	21.450196	0.000000	0.000000	0.000000	0.000000	0.000000	0.000000	0.000000	0.000000	1652876377.420090	0.000000
171.000000	75.319715	-9.886426	-33.653490	29.872451	0.000000	0.000000	0.000000	0.000000	0.000000	0.000000	0.000000	0.000000	1652876377.420090	0.000000
172.000000	119.371997	26.764594	27.265741	107.288380	0.000000	0.000000	0.000000	0.000000	0.000000	0.000000	0.000000	0.000000	1652876377.435761	0.000000
172.000000	99.827280	11.337507	18.989342	101.843086	0.000000	0.000000	0.000000	0.000000	0.000000	0.000000	0.000000	0.000000	1652876377.435761	0.000000
173.000000	65.233205	-19.015521	-37.393390	29.547080	0.000000	0.000000	0.000000	0.000000	0.000000	0.000000	0.000000	0.000000	1652876377.436433	0.000000
173.000000	89.183524	3.842747	-25.623925	34.756760	0.000000	0.000000	0.000000	0.000000	0.000000	0.000000	0.000000	0.000000	1652876377.436433	0.000000
174.000000	122.031066	29.749034	26.297107	103.167010	0.000000	0.000000	0.000000	0.000000	0.000000	0.000000	0.000000	0.000000	1652876377.450077	0.000000
174.000000	100.859492	6.991743	17.740215	97.224309	0.000000	0.000000	0.000000	0.000000	0.000000	0.000000	0.000000	0.000000	1652876377.450077	0.000000
175.000000	67.237791	-16.049781	-36.275160	27.923963	0.000000	0.000000	0.000000	0.000000	0.000000	0.000000	0.000000	0.000000	1652876377.465746	0.000000
175.000000	90.836560	2.208411	-25.515467	32.475421	0.000000	0.000000	0.000000	0.000000	0.000000	0.000000	0.000000	0.000000	1652876377.465746	0.000000
176.000000	124.462001	26.809473	26.551420	101.820646	0.000000	0.000000	0.000000	0.000000	0.000000	0.000000	0.000000	0.000000	1652876377.466414	0.000000
176.000000	95.212243	1.396853	17.912251	93.173998	0.000000	0.000000	0.000000	0.000000	0.000000	0.000000	0.000000	0.000000	1652876377.466414	0.000000
177.000000	52.790558	-27.187203	-40.561085	20.631158	0.000000	0.000000	0.000000	0.000000	0.000000	0.000000	0.000000	0.000000	1652876377.512872	0.000000
177.000000	75.028003	-5.106833	-27.205902	27.325579	0.000000	0.000000	0.000000	0.000000	0.000000	0.000000	0.000000	0.000000	1652876377.512872	0.000000
178.000000	110.725348	23.092012	23.196729	96.068680	0.000000	0.000000	0.000000	0.000000	0.000000	0.000000	0.000000	0.000000	1652876377.513538	0.000000
178.000000	83.700831	-1.875560	7.002963	85.282809	0.000000	0.000000	0.000000	0.000000	0.000000	0.000000	0.000000	0.000000	1652876377.513538	0.000000
179.000000	48.863663	-29.887410	-45.755806	16.782801	0.000000	0.000000	0.000000	0.000000	0.000000	0.000000	0.000000	0.000000	1652876377.514311	0.000000
179.000000	79.298969	-4.358853	-29.749034	21.685810	0.000000	0.000000	0.000000	0.000000	0.000000	0.000000	0.000000	0.000000	1652876377.514311	0.000000
180.000000	110.321439	21.394098	16.135798	89.912805	0.000000	0.000000	0.000000	0.000000	0.000000	0.000000	0.000000	0.000000	1652876377.515002	0.000000
180.000000	76.763317	-5.406025	5.484563	81.367133	0.000000	0.000000	0.000000	0.000000	0.000000	0.000000	0.000000	0.000000	1652876377.515002	0.000000
181.000000	50.857030	-31.746141	-44.749773	19.651304	0.000000	0.000000	0.000000	0.000000	0.000000	0.000000	0.000000	0.000000	1652876377.525764	0.000000
181.000000	78.393913	-6.382139	-33.623571	26.012874	0.000000	0.000000	0.000000	0.000000	0.000000	0.000000	0.000000	0.000000	1652876377.525764	0.000000
182.000000	118.594098	24.004548	21.603532	102.407811	0.000000	0.000000	0.000000	0.000000	0.000000	0.000000	0.000000	0.000000	1652876377.526518	0.000000
182.000000	90.847780	3.438838	9.538615	82.754636	0.000000	0.000000	0.000000	0.000000	0.000000	0.000000	0.000000	0.000000	1652876377.526518	0.000000
183.000000	63.957899	-21.558653	-40.957514	14.998869	0.000000	0.000000	0.000000	0.000000	0.000000	0.000000	0.000000	0.000000	1652876377.540086	0.000000
183.000000	85.424925	0.757330	-31.009380	20.791974	0.000000	0.000000	0.000000	0.000000	0.000000	0.000000	0.000000	0.000000	1652876377.540086	0.000000
184.000000	121.832851	32.654936	26.304586	97.186910	0.000000	0.000000	0.000000	0.000000	0.000000	0.000000	0.000000	0.000000	1652876377.572209	0.000000
184.000000	102.441470	9.605933	14.950250	90.189557	0.000000	0.000000	0.000000	0.000000	0.000000	0.000000	0.000000	0.000000	1652876377.572209	0.000000
185.000000	61.212813	-24.008288	-42.962101	13.910558	0.000000	0.000000	0.000000	0.000000	0.000000	0.000000	0.000000	0.000000	1652876377.572871	0.000000
185.000000	91.764055	0.802209	-30.489534	22.643224	0.000000	0.000000	0.000000	0.000000	0.000000	0.000000	0.000000	0.000000	1652876377.572871	0.000000
186.000000	128.882562	36.364917	26.428003	99.430850	0.000000	0.000000	0.000000	0.000000	0.000000	0.000000	0.000000	0.000000	1652876377.573596	0.000000
186.000000	104.767687	8.334367	13.573967	88.293428	0.000000	0.000000	0.000000	0.000000	0.000000	0.000000	0.000000	0.000000	1652876377.573596	0.000000
187.000000	59.073590	-21.857845	-45.314498	13.207457	0.000000	0.000000	0.000000	0.000000	0.000000	0.000000	0.000000	0.000000	1652876377.574462	0.000000
187.000000	80.742570	-2.455244	-34.068619	19.198776	0.000000	0.000000	0.000000	0.000000	0.000000	0.000000	0.000000	0.000000	1652876377.574462	0.000000
188.000000	117.150496	24.378538	20.122532	93.424571	0.000000	0.000000	0.000000	0.000000	0.000000	0.000000	0.000000	0.000000	1652876377.585064	0.000000
188.000000	93.562947	-1.138800	9.987403	88.977830	0.000000	0.000000	0.000000	0.000000	0.000000	0.000000	0.000000	0.000000	1652876377.585064	0.000000
189.000000	44.723594	-36.435975	-49.525625	11.457184	0.000000	0.000000	0.000000	0.000000	0.000000	0.000000	0.000000	0.000000	1652876377.600083	0.000000
189.000000	66.605748	-15.088626	-42.950881	12.298661	0.000000	0.000000	0.000000	0.000000	0.000000	0.000000	0.000000	0.000000	1652876377.600083	0.000000
190.000000	106.637637	15.810427	13.046641	93.671404	0.000000	0.000000	0.000000	0.000000	0.000000	0.000000	0.000000	0.000000	1652876377.615782	0.000000
190.000000	82.204871	-9.209504	0.633913	80.611674	0.000000	0.000000	0.000000	0.000000	0.000000	0.000000	0.000000	0.000000	1652876377.615782	0.000000
191.000000	44.312205	-39.308218	-50.905648	4.710404	0.000000	0.000000	0.000000	0.000000	0.000000	0.000000	0.000000	0.000000	1652876377.616434	0.000000
191.000000	72.316575	-10.327734	-38.324625	18.592913	0.000000	0.000000	0.000000	0.000000	0.000000	0.000000	0.000000	0.000000	1652876377.616434	0.000000
192.000000	105.695183	15.473836	17.048334	92.702770	0.000000	0.000000	0.000000	0.000000	0.000000	0.000000	0.000000	0.000000	1652876377.646488	0.000000
192.000000	88.686118	0.753590	8.154852	89.778168	0.000000	0.000000	0.000000	0.000000	0.000000	0.000000	0.000000	0.000000	1652876377.646488	0.000000
193.000000	50.239946	-31.286133	-47.262986	18.622832	0.000000	0.000000	0.000000	0.000000	0.000000	0.000000	0.000000	0.000000	1652876377.647186	0.000000
193.000000	76.695998	-4.628126	-31.121577	25.717422	0.000000	0.000000	0.000000	0.000000	0.000000	0.000000	0.000000	0.000000	1652876377.647186	0.000000
194.000000	123.276452	31.192636	30.358638	100.104032	0.000000	0.000000	0.000000	0.000000	0.000000	0.000000	0.000000	0.000000	1652876377.647934	0.000000
194.000000	102.804240	12.246302	19.236175	94.643778	0.000000	0.000000	0.000000	0.000000	0.000000	0.000000	0.000000	0.000000	1652876377.647934	0.000000
195.000000	64.036437	-19.501708	-33.997561	20.855552	0.000000	0.000000	0.000000	0.000000	0.000000	0.000000	0.000000	0.000000	1652876377.660143	0.000000
195.000000	88.005456	-1.191158	-27.411597	21.898984	0.000000	0.000000	0.000000	0.000000	0.000000	0.000000	0.000000	0.000000	1652876377.660143	0.000000
196.000000	126.010319	24.995621	26.106372	99.913297	0.000000	0.000000	0.000000	0.000000	0.000000	0.000000	0.000000	0.000000	1652876377.675792	0.000000
196.000000	97.688057	-0.072928	14.647318	89.879146	0.000000	0.000000	0.000000	0.000000	0.000000	0.000000	0.000000	0.000000	1652876377.675792	0.000000
197.000000	63.901801	-22.875098	-39.506433	16.835160	0.000000	0.000000	0.000000	0.000000	0.000000	0.000000	0.000000	0.000000	1652876377.676570	0.000000
197.000000	89.512635	-3.898846	-28.780400	25.238715	0.000000	0.000000	0.000000	0.000000	0.000000	0.000000	0.000000	0.000000	1652876377.676570	0.000000
198.000000	124.263786	25.395791	24.270081	103.735475	0.000000	0.000000	0.000000	0.000000	0.000000	0.000000	0.000000	0.000000	1652876377.707178	0.000000
198.000000	94.370766	-0.271143	11.045795	91.696737	0.000000	0.000000	0.000000	0.000000	0.000000	0.000000	0.000000	0.000000	1652876377.707178	0.000000
199.000000	55.023278	-30.111804	-47.162008	18.132905	0.000000	0.000000	0.000000	0.000000	0.000000	0.000000	0.000000	0.000000	1652876377.707888	0.000000
199.000000	77.017630	-9.078607	-34.509927	25.309773	0.000000	0.000000	0.000000	0.000000	0.000000	0.000000	0.000000	0.000000	1652876377.707888	0.000000
200.000000	113.631250	13.222416	16.214336	92.175444	0.000000	0.000000	0.000000	0.000000	0.000000	0.000000	0.000000	0.000000	1652876377.708652	0.000000
200.000000	90.660785	1.280916	11.689057	94.561500	0.000000	0.000000	0.000000	0.000000	0.000000	0.000000	0.000000	0.000000	1652876377.708652	0.000000
0.000000	53.041131	-28.774790	-42.661039	24.322439	0.000000	0.000000	0.000000	0.000000	0.000000	0.000000	0.000000	0.000000	1652876377.709438	0.000000
101.000000	79.800115	-4.270966	-28.236245	29.936029	0.000000	0.000000	0.000000	0.000000	0.000000	0.000000	0.000000	0.000000	1652876377.735758	0.000000
101.000000	121.440161	28.243724	28.464379	106.824632	0.000000	0.000000	0.000000	0.000000	0.000000	0.000000	0.000000	0.000000	1652876377.735758	0.000000
102.000000	92.295121	0.968634	14.836183	97.272928	0.000000	0.000000	0.000000	0.000000	0.000000	0.000000	0.000000	0.000000	1652876377.736405	0.000000
102.000000	50.819631	-27.495744	-41.785902	24.516914	0.000000	0.000000	0.000000	0.000000	0.000000	0.000000	0.000000	0.000000	1652876377.736405	0.000000
103.000000	79.444825	-5.097484	-30.427826	28.653244	0.000000	0.000000	0.000000	0.000000	0.000000	0.000000	0.000000	0.000000	1652876377.751111	0.000000
103.000000	116.817645	19.982285	23.621208	98.798807	0.000000	0.000000	0.000000	0.000000	0.000000	0.000000	0.000000	0.000000	1652876377.751111	0.000000
104.000000	88.431804	0.175775	9.607803	89.351820	0.000000	0.000000	0.000000	0.000000	0.000000	0.000000	0.000000	0.000000	1652876377.751481	0.000000
104.000000	51.631189	-30.109935	-45.593120	17.119392	0.000000	0.000000	0.000000	0.000000	0.000000	0.000000	0.000000	0.000000	1652876377.751481	0.000000
105.000000	82.343247	-3.343471	-33.935852	31.353451	0.000000	0.000000	0.000000	0.000000	0.000000	0.000000	0.000000	0.000000	1652876377.765067	0.000000
105.000000	112.348465	23.045264	18.684540	93.402131	0.000000	0.000000	0.000000	0.000000	0.000000	0.000000	0.000000	0.000000	1652876377.765067	0.000000
106.000000	93.375952	-1.563278	11.320677	93.536768	0.000000	0.000000	0.000000	0.000000	0.000000	0.000000	0.000000	0.000000	1652876377.780820	0.000000
106.000000	58.348049	-21.321170	-39.661639	20.335706	0.000000	0.000000	0.000000	0.000000	0.000000	0.000000	0.000000	0.000000	1652876377.780820	0.000000
107.000000	82.496583	-4.177468	-31.071089	26.184910	0.000000	0.000000	0.000000	0.000000	0.000000	0.000000	0.000000	0.000000	1652876377.781524	0.000000
107.000000	114.742001	14.791304	19.959846	94.976629	0.000000	0.000000	0.000000	0.000000	0.000000	0.000000	0.000000	0.000000	1652876377.781524	0.000000
108.000000	99.273774	3.384609	16.148888	96.322993	0.000000	0.000000	0.000000	0.000000	0.000000	0.000000	0.000000	0.000000	1652876377.827879	0.000000
108.000000	64.204732	-20.199200	-37.619654	25.455629	0.000000	0.000000	0.000000	0.000000	0.000000	0.000000	0.000000	0.000000	1652876377.827879	0.000000
109.000000	89.725810	-1.256606	-26.231658	29.517160	0.000000	0.000000	0.000000	0.000000	0.000000	0.000000	0.000000	0.000000	1652876377.828570	0.000000
109.000000	115.777953	18.452666	22.574036	101.132505	0.000000	0.000000	0.000000	0.000000	0.000000	0.000000	0.000000	0.000000	1652876377.828570	0.000000
110.000000	95.253382	3.051758	13.602016	97.830173	0.000000	0.000000	0.000000	0.000000	0.000000	0.000000	0.000000	0.000000	1652876377.829316	0.000000
110.000000	53.650735	-28.546656	-41.662486	22.456229	0.000000	0.000000	0.000000	0.000000	0.000000	0.000000	0.000000	0.000000	1652876377.829316	0.000000
111.000000	76.864294	-3.373390	-25.360262	31.772320	0.000000	0.000000	0.000000	0.000000	0.000000	0.000000	0.000000	0.000000	1652876377.830050	0.000000
111.000000	111.192836	21.377268	21.882155	94.580200	0.000000	0.000000	0.000000	0.000000	0.000000	0.000000	0.000000	0.000000	1652876377.830050	0.000000
112.000000	87.455691	-6.021239	10.221147	92.930904	0.000000	0.000000	0.000000	0.000000	0.000000	0.000000	0.000000	0.000000	1652876377.840797	0.000000
112.000000	53.680654	-28.569096	-44.530989	25.601485	0.000000	0.000000	0.000000	0.000000	0.000000	0.000000	0.000000	0.000000	1652876377.840797	0.000000
113.000000	85.282809	-4.760893	-27.817376	36.177922	0.000000	0.000000	0.000000	0.000000	0.000000	0.000000	0.000000	0.000000	1652876377.841470	0.000000
113.000000	119.974121	23.636168	18.976252	102.841639	0.000000	0.000000	0.000000	0.000000	0.000000	0.000000	0.000000	0.000000	1652876377.841470	0.000000
114.000000	93.753682	-0.751720	12.064917	97.848872	0.000000	0.000000	0.000000	0.000000	0.000000	0.000000	0.000000	0.000000	1652876377.871458	0.000000
114.000000	57.551450	-31.658253	-45.024656	18.933244	0.000000	0.000000	0.000000	0.000000	0.000000	0.000000	0.000000	0.000000	1652876377.871458	0.000000
115.000000	82.163732	-7.045972	-27.248911	32.553959	0.000000	0.000000	0.000000	0.000000	0.000000	0.000000	0.000000	0.000000	1652876377.872196	0.000000
115.000000	127.046271	29.414313	30.835475	104.274021	0.000000	0.000000	0.000000	0.000000	0.000000	0.000000	0.000000	0.000000	1652876377.872196	0.000000
116.000000	98.469696	6.361570	13.370142	92.171704	0.000000	0.000000	0.000000	0.000000	0.000000	0.000000	0.000000	0.000000	1652876377.872929	0.000000
116.000000	63.482932	-22.506718	-36.389227	25.777260	0.000000	0.000000	0.000000	0.000000	0.000000	0.000000	0.000000	0.000000	1652876377.872929	0.000000
