107.000000	-46.127926	-115.043063	-120.731450	159.701208	0.000000	0.000000	0.000000	0.000000	0.000000	0.000000	0.000000	0.000000	1652280933.562519	0.000000
107.000000	-9.342270	-89.671581	-91.762185	180.162201	0.000000	0.000000	0.000000	0.000000	0.000000	0.000000	0.000000	0.000000	1652280933.562519	0.000000
108.000000	-66.510381	-135.657391	-132.987103	144.786487	0.000000	0.000000	0.000000	0.000000	0.000000	0.000000	0.000000	0.000000	1652280933.576374	0.000000
108.000000	-97.847003	-155.766833	-156.918722	141.727249	0.000000	0.000000	0.000000	0.000000	0.000000	0.000000	0.000000	0.000000	1652280933.576374	0.000000
109.000000	-45.952151	-115.562909	-120.929665	154.102578	0.000000	0.000000	0.000000	0.000000	0.000000	0.000000	0.000000	0.000000	1652280933.591914	0.000000
109.000000	-14.776345	-90.961847	-93.587256	160.983994	0.000000	0.000000	0.000000	0.000000	0.000000	0.000000	0.000000	0.000000	1652280933.591914	0.000000
110.000000	-62.385271	-126.296422	-125.099654	150.979761	0.000000	0.000000	0.000000	0.000000	0.000000	0.000000	0.000000	0.000000	1652280933.592515	0.000000
110.000000	-87.700654	-150.721708	-149.397784	143.163370	0.000000	0.000000	0.000000	0.000000	0.000000	0.000000	0.000000	0.000000	1652280933.592515	0.000000
111.000000	-42.215991	-118.741824	-117.784409	154.914136	0.000000	0.000000	0.000000	0.000000	0.000000	0.000000	0.000000	0.000000	1652280933.606166	0.000000
111.000000	-15.434567	-96.953166	-96.395921	161.283186	0.000000	0.000000	0.000000	0.000000	0.000000	0.000000	0.000000	0.000000	1652280933.606166	0.000000
112.000000	-71.533066	-139.696483	-135.182424	144.423717	0.000000	0.000000	0.000000	0.000000	0.000000	0.000000	0.000000	0.000000	1652280933.621799	0.000000
112.000000	-96.107949	-153.713628	-154.125017	146.028134	0.000000	0.000000	0.000000	0.000000	0.000000	0.000000	0.000000	0.000000	1652280933.621799	0.000000
113.000000	-46.535575	-122.937991	-126.704071	154.985194	0.000000	0.000000	0.000000	0.000000	0.000000	0.000000	0.000000	0.000000	1652280933.622521	0.000000
113.000000	-19.469919	-103.539130	-102.155367	165.374636	0.000000	0.000000	0.000000	0.000000	0.000000	0.000000	0.000000	0.000000	1652280933.622521	0.000000
114.000000	-71.828519	-143.933790	-139.139238	145.717722	0.000000	0.000000	0.000000	0.000000	0.000000	0.000000	0.000000	0.000000	1652280933.636022	0.000000
114.000000	-104.429226	-159.080385	-154.196075	143.066133	0.000000	0.000000	0.000000	0.000000	0.000000	0.000000	0.000000	0.000000	1652280933.636022	0.000000
115.000000	-50.828980	-119.362647	-116.699838	167.252066	0.000000	0.000000	0.000000	0.000000	0.000000	0.000000	0.000000	0.000000	1652280933.651798	0.000000
115.000000	-9.072997	-93.011312	-89.559384	173.280785	0.000000	0.000000	0.000000	0.000000	0.000000	0.000000	0.000000	0.000000	1652280933.651798	0.000000
116.000000	-70.171743	-136.341793	-129.026548	153.571512	0.000000	0.000000	0.000000	0.000000	0.000000	0.000000	0.000000	0.000000	1652280933.652500	0.000000
116.000000	-97.746025	-161.372943	-155.923909	141.416837	0.000000	0.000000	0.000000	0.000000	0.000000	0.000000	0.000000	0.000000	1652280933.652500	0.000000
117.000000	-42.765756	-115.929419	-118.947518	162.229380	0.000000	0.000000	0.000000	0.000000	0.000000	0.000000	0.000000	0.000000	1652280933.682351	0.000000
117.000000	-13.837630	-94.488572	-93.202047	165.277399	0.000000	0.000000	0.000000	0.000000	0.000000	0.000000	0.000000	0.000000	1652280933.682351	0.000000
118.000000	-58.061947	-131.775375	-122.964171	157.352551	0.000000	0.000000	0.000000	0.000000	0.000000	0.000000	0.000000	0.000000	1652280933.683068	0.000000
118.000000	-95.509565	-152.565479	-152.056852	150.415036	0.000000	0.000000	0.000000	0.000000	0.000000	0.000000	0.000000	0.000000	1652280933.683068	0.000000
119.000000	-46.034429	-123.573774	-119.299069	161.601077	0.000000	0.000000	0.000000	0.000000	0.000000	0.000000	0.000000	0.000000	1652280933.683812	0.000000
119.000000	-14.985779	-97.835783	-93.329203	169.032258	0.000000	0.000000	0.000000	0.000000	0.000000	0.000000	0.000000	0.000000	1652280933.683812	0.000000
120.000000	-68.529927	-134.232489	-128.562801	159.645109	0.000000	0.000000	0.000000	0.000000	0.000000	0.000000	0.000000	0.000000	1652280933.695945	0.000000
120.000000	-100.906241	-157.068318	-159.334698	140.762355	0.000000	0.000000	0.000000	0.000000	0.000000	0.000000	0.000000	0.000000	1652280933.695945	0.000000
121.000000	-50.720523	-117.702131	-127.680184	155.460161	0.000000	0.000000	0.000000	0.000000	0.000000	0.000000	0.000000	0.000000	1652280933.711667	0.000000
121.000000	-21.852235	-104.287110	-100.494852	158.953228	0.000000	0.000000	0.000000	0.000000	0.000000	0.000000	0.000000	0.000000	1652280933.711667	0.000000
122.000000	-82.487233	-143.507441	-135.059007	148.085079	0.000000	0.000000	0.000000	0.000000	0.000000	0.000000	0.000000	0.000000	1652280933.712467	0.000000
122.000000	-100.139561	-157.535806	-158.381023	142.613605	0.000000	0.000000	0.000000	0.000000	0.000000	0.000000	0.000000	0.000000	1652280933.712467	0.000000
123.000000	-56.120939	-121.872120	-121.632766	164.802431	0.000000	0.000000	0.000000	0.000000	0.000000	0.000000	0.000000	0.000000	1652280933.725959	0.000000
123.000000	-15.172774	-99.238245	-96.818530	164.503239	0.000000	0.000000	0.000000	0.000000	0.000000	0.000000	0.000000	0.000000	1652280933.725959	0.000000
124.000000	-65.713782	-136.510088	-128.218730	154.255914	0.000000	0.000000	0.000000	0.000000	0.000000	0.000000	0.000000	0.000000	1652280933.741621	0.000000
124.000000	-102.454559	-157.221654	-154.880477	145.575606	0.000000	0.000000	0.000000	0.000000	0.000000	0.000000	0.000000	0.000000	1652280933.741621	0.000000
125.000000	-54.505302	-122.175052	-123.685971	161.032612	0.000000	0.000000	0.000000	0.000000	0.000000	0.000000	0.000000	0.000000	1652280933.742472	0.000000
125.000000	-22.181347	-98.651081	-95.887295	165.617730	0.000000	0.000000	0.000000	0.000000	0.000000	0.000000	0.000000	0.000000	1652280933.742472	0.000000
126.000000	-73.732128	-140.545440	-130.997476	148.324432	0.000000	0.000000	0.000000	0.000000	0.000000	0.000000	0.000000	0.000000	1652280933.756051	0.000000
126.000000	-113.603201	-173.179807	-168.542331	128.114013	0.000000	0.000000	0.000000	0.000000	0.000000	0.000000	0.000000	0.000000	1652280933.756051	0.000000
127.000000	-58.701470	-128.839553	-132.063347	146.592859	0.000000	0.000000	0.000000	0.000000	0.000000	0.000000	0.000000	0.000000	1652280933.771748	0.000000
127.000000	-24.548703	-100.352736	-101.583163	159.323478	0.000000	0.000000	0.000000	0.000000	0.000000	0.000000	0.000000	0.000000	1652280933.771748	0.000000
128.000000	-76.638030	-148.552566	-142.651004	138.660531	0.000000	0.000000	0.000000	0.000000	0.000000	0.000000	0.000000	0.000000	1652280933.772515	0.000000
128.000000	-114.725171	-170.703994	-169.611943	135.376899	0.000000	0.000000	0.000000	0.000000	0.000000	0.000000	0.000000	0.000000	1652280933.772515	0.000000
129.000000	-62.261854	-131.023655	-134.049234	148.189796	0.000000	0.000000	0.000000	0.000000	0.000000	0.000000	0.000000	0.000000	1652280933.785985	0.000000
129.000000	-30.588642	-112.907580	-106.437553	153.182562	0.000000	0.000000	0.000000	0.000000	0.000000	0.000000	0.000000	0.000000	1652280933.785985	0.000000
130.000000	-79.671089	-150.452435	-141.087726	139.206556	0.000000	0.000000	0.000000	0.000000	0.000000	0.000000	0.000000	0.000000	1652280933.802002	0.000000
130.000000	-111.119907	-168.718107	-164.671535	139.210296	0.000000	0.000000	0.000000	0.000000	0.000000	0.000000	0.000000	0.000000	1652280933.802002	0.000000
131.000000	-59.744902	-127.115460	-132.553274	151.297653	0.000000	0.000000	0.000000	0.000000	0.000000	0.000000	0.000000	0.000000	1652280933.802457	0.000000
131.000000	-35.884340	-107.387487	-106.186979	154.637383	0.000000	0.000000	0.000000	0.000000	0.000000	0.000000	0.000000	0.000000	1652280933.802457	0.000000
132.000000	-79.476614	-146.185209	-141.615052	143.137191	0.000000	0.000000	0.000000	0.000000	0.000000	0.000000	0.000000	0.000000	1652280933.815979	0.000000
132.000000	-110.016637	-166.204894	-168.123463	132.904825	0.000000	0.000000	0.000000	0.000000	0.000000	0.000000	0.000000	0.000000	1652280933.815979	0.000000
133.000000	-58.518215	-132.010989	-127.915798	149.083632	0.000000	0.000000	0.000000	0.000000	0.000000	0.000000	0.000000	0.000000	1652280933.831787	0.000000
133.000000	-29.709765	-120.256483	-115.278676	143.735575	0.000000	0.000000	0.000000	0.000000	0.000000	0.000000	0.000000	0.000000	1652280933.831787	0.000000
134.000000	-80.950135	-153.399476	-145.848618	134.404525	0.000000	0.000000	0.000000	0.000000	0.000000	0.000000	0.000000	0.000000	1652280933.832477	0.000000
134.000000	-106.994798	-173.108749	-168.460054	128.891912	0.000000	0.000000	0.000000	0.000000	0.000000	0.000000	0.000000	0.000000	1652280933.832477	0.000000
135.000000	-61.461516	-127.960677	-131.868872	151.574405	0.000000	0.000000	0.000000	0.000000	0.000000	0.000000	0.000000	0.000000	1652280933.846111	0.000000
135.000000	-23.688526	-106.048603	-105.517537	153.900623	0.000000	0.000000	0.000000	0.000000	0.000000	0.000000	0.000000	0.000000	1652280933.846111	0.000000
136.000000	-74.895237	-148.466548	-138.391258	145.968295	0.000000	0.000000	0.000000	0.000000	0.000000	0.000000	0.000000	0.000000	1652280933.861875	0.000000
136.000000	-121.475690	-175.580823	-173.351843	130.844140	0.000000	0.000000	0.000000	0.000000	0.000000	0.000000	0.000000	0.000000	1652280933.861875	0.000000
137.000000	-64.718969	-135.571373	-137.235629	146.776114	0.000000	0.000000	0.000000	0.000000	0.000000	0.000000	0.000000	0.000000	1652280933.862515	0.000000
137.000000	-23.804463	-112.619607	-107.028457	159.125263	0.000000	0.000000	0.000000	0.000000	0.000000	0.000000	0.000000	0.000000	1652280933.862515	0.000000
138.000000	-80.157276	-152.367264	-141.450496	146.996768	0.000000	0.000000	0.000000	0.000000	0.000000	0.000000	0.000000	0.000000	1652280933.876102	0.000000
138.000000	-118.584748	-171.818484	-170.416021	132.643032	0.000000	0.000000	0.000000	0.000000	0.000000	0.000000	0.000000	0.000000	1652280933.876102	0.000000
139.000000	-63.716676	-133.204017	-132.444817	152.217668	0.000000	0.000000	0.000000	0.000000	0.000000	0.000000	0.000000	0.000000	1652280933.891879	0.000000
139.000000	-25.629534	-103.333436	-98.912874	165.842124	0.000000	0.000000	0.000000	0.000000	0.000000	0.000000	0.000000	0.000000	1652280933.891879	0.000000
140.000000	-73.724648	-137.643278	-124.819161	155.531219	0.000000	0.000000	0.000000	0.000000	0.000000	0.000000	0.000000	0.000000	1652280933.892560	0.000000
140.000000	-105.536237	-164.383563	-154.906656	141.992782	0.000000	0.000000	0.000000	0.000000	0.000000	0.000000	0.000000	0.000000	1652280933.892560	0.000000
141.000000	-55.664671	-120.166725	-115.596568	160.426748	0.000000	0.000000	0.000000	0.000000	0.000000	0.000000	0.000000	0.000000	1652280933.906060	0.000000
141.000000	-19.885048	-92.588703	-84.981747	177.200200	0.000000	0.000000	0.000000	0.000000	0.000000	0.000000	0.000000	0.000000	1652280933.906060	0.000000
142.000000	-70.104425	-138.234182	-130.776822	148.402970	0.000000	0.000000	0.000000	0.000000	0.000000	0.000000	0.000000	0.000000	1652280933.921879	0.000000
142.000000	-110.663640	-168.396475	-159.132743	133.346133	0.000000	0.000000	0.000000	0.000000	0.000000	0.000000	0.000000	0.000000	1652280933.921879	0.000000
143.000000	-58.286341	-130.750642	-128.921831	149.614698	0.000000	0.000000	0.000000	0.000000	0.000000	0.000000	0.000000	0.000000	1652280933.922528	0.000000
143.000000	-27.402247	-107.675460	-99.634675	159.630150	0.000000	0.000000	0.000000	0.000000	0.000000	0.000000	0.000000	0.000000	1652280933.922528	0.000000
144.000000	-67.684709	-148.350612	-132.411158	144.853805	0.000000	0.000000	0.000000	0.000000	0.000000	0.000000	0.000000	0.000000	1652280933.936148	0.000000
144.000000	-94.959800	-160.998953	-155.071212	141.166264	0.000000	0.000000	0.000000	0.000000	0.000000	0.000000	0.000000	0.000000	1652280933.936148	0.000000
145.000000	-57.938530	-128.749796	-127.380992	160.194875	0.000000	0.000000	0.000000	0.000000	0.000000	0.000000	0.000000	0.000000	1652280933.951918	0.000000
145.000000	-22.233705	-104.818176	-94.963540	168.852743	0.000000	0.000000	0.000000	0.000000	0.000000	0.000000	0.000000	0.000000	1652280933.951918	0.000000
146.000000	-79.465394	-141.671150	-133.495729	149.158430	0.000000	0.000000	0.000000	0.000000	0.000000	0.000000	0.000000	0.000000	1652280933.952529	0.000000
146.000000	-110.499084	-167.102470	-162.453774	137.953690	0.000000	0.000000	0.000000	0.000000	0.000000	0.000000	0.000000	0.000000	1652280933.952529	0.000000
147.000000	-52.089327	-126.169265	-128.158892	152.711335	0.000000	0.000000	0.000000	0.000000	0.000000	0.000000	0.000000	0.000000	1652280933.966058	0.000000
147.000000	-17.570050	-101.347549	-100.016145	170.344963	0.000000	0.000000	0.000000	0.000000	0.000000	0.000000	0.000000	0.000000	1652280933.966058	0.000000
148.000000	-70.291420	-142.209696	-132.605633	151.578145	0.000000	0.000000	0.000000	0.000000	0.000000	0.000000	0.000000	0.000000	1652280933.982059	0.000000
148.000000	-105.812989	-166.967834	-154.267133	146.503101	0.000000	0.000000	0.000000	0.000000	0.000000	0.000000	0.000000	0.000000	1652280933.982059	0.000000
149.000000	-57.276568	-130.021362	-125.017376	154.012820	0.000000	0.000000	0.000000	0.000000	0.000000	0.000000	0.000000	0.000000	1652280933.982523	0.000000
149.000000	-31.905087	-112.058622	-99.548657	158.440862	0.000000	0.000000	0.000000	0.000000	0.000000	0.000000	0.000000	0.000000	1652280933.982523	0.000000
150.000000	-74.992474	-144.098345	-135.178684	142.643524	0.000000	0.000000	0.000000	0.000000	0.000000	0.000000	0.000000	0.000000	1652280933.996240	0.000000
150.000000	-108.808649	-164.664055	-158.586718	142.007741	0.000000	0.000000	0.000000	0.000000	0.000000	0.000000	0.000000	0.000000	1652280933.996240	0.000000
151.000000	-73.144963	-123.577514	-125.858853	154.147456	0.000000	0.000000	0.000000	0.000000	0.000000	0.000000	0.000000	0.000000	1652280934.011846	0.000000
151.000000	-33.273890	-102.914567	-97.880662	161.941408	0.000000	0.000000	0.000000	0.000000	0.000000	0.000000	0.000000	0.000000	1652280934.011846	0.000000
152.000000	-67.318199	-143.073613	-134.509242	147.770927	0.000000	0.000000	0.000000	0.000000	0.000000	0.000000	0.000000	0.000000	1652280934.012611	0.000000
152.000000	-108.098068	-167.985086	-162.939961	138.832566	0.000000	0.000000	0.000000	0.000000	0.000000	0.000000	0.000000	0.000000	1652280934.012611	0.000000
153.000000	-52.695190	-129.684771	-124.460131	151.896037	0.000000	0.000000	0.000000	0.000000	0.000000	0.000000	0.000000	0.000000	1652280934.026431	0.000000
153.000000	-13.448680	-97.757245	-91.193721	169.215513	0.000000	0.000000	0.000000	0.000000	0.000000	0.000000	0.000000	0.000000	1652280934.026431	0.000000
154.000000	-71.394690	-143.103532	-130.084940	145.575606	0.000000	0.000000	0.000000	0.000000	0.000000	0.000000	0.000000	0.000000	1652280934.041892	0.000000
154.000000	-100.831443	-164.570558	-160.400569	141.626271	0.000000	0.000000	0.000000	0.000000	0.000000	0.000000	0.000000	0.000000	1652280934.041892	0.000000
155.000000	-51.416145	-126.311381	-128.158892	154.914136	0.000000	0.000000	0.000000	0.000000	0.000000	0.000000	0.000000	0.000000	1652280934.042600	0.000000
155.000000	-31.961185	-106.422593	-105.079969	154.240954	0.000000	0.000000	0.000000	0.000000	0.000000	0.000000	0.000000	0.000000	1652280934.042600	0.000000
156.000000	-71.054359	-145.242755	-132.418638	143.503701	0.000000	0.000000	0.000000	0.000000	0.000000	0.000000	0.000000	0.000000	1652280934.056183	0.000000
156.000000	-106.632028	-162.846464	-159.050465	141.401877	0.000000	0.000000	0.000000	0.000000	0.000000	0.000000	0.000000	0.000000	1652280934.056183	0.000000
157.000000	-51.311427	-128.559061	-127.317414	154.674782	0.000000	0.000000	0.000000	0.000000	0.000000	0.000000	0.000000	0.000000	1652280934.072047	0.000000
157.000000	-20.838723	-103.497991	-101.153074	157.277753	0.000000	0.000000	0.000000	0.000000	0.000000	0.000000	0.000000	0.000000	1652280934.072047	0.000000
158.000000	-71.723801	-137.766695	-132.141885	146.043093	0.000000	0.000000	0.000000	0.000000	0.000000	0.000000	0.000000	0.000000	1652280934.072451	0.000000
158.000000	-106.740485	-167.068811	-165.804725	135.709750	0.000000	0.000000	0.000000	0.000000	0.000000	0.000000	0.000000	0.000000	1652280934.072451	0.000000
159.000000	-56.307934	-127.392212	-132.227903	152.139130	0.000000	0.000000	0.000000	0.000000	0.000000	0.000000	0.000000	0.000000	1652280934.086084	0.000000
159.000000	-12.023778	-103.269857	-97.880662	163.983393	0.000000	0.000000	0.000000	0.000000	0.000000	0.000000	0.000000	0.000000	1652280934.086084	0.000000
160.000000	-78.077891	-149.423963	-140.066733	143.178330	0.000000	0.000000	0.000000	0.000000	0.000000	0.000000	0.000000	0.000000	1652280934.101900	0.000000
160.000000	-99.900208	-167.364263	-160.808218	147.763447	0.000000	0.000000	0.000000	0.000000	0.000000	0.000000	0.000000	0.000000	1652280934.101900	0.000000
161.000000	-42.421685	-121.071781	-124.116060	156.664409	0.000000	0.000000	0.000000	0.000000	0.000000	0.000000	0.000000	0.000000	1652280934.102523	0.000000
161.000000	-11.238399	-96.852189	-94.237999	165.513012	0.000000	0.000000	0.000000	0.000000	0.000000	0.000000	0.000000	0.000000	1652280934.102523	0.000000
162.000000	-63.626918	-148.877937	-140.130311	142.841739	0.000000	0.000000	0.000000	0.000000	0.000000	0.000000	0.000000	0.000000	1652280934.116140	0.000000
162.000000	-96.653974	-164.349904	-157.700361	137.755475	0.000000	0.000000	0.000000	0.000000	0.000000	0.000000	0.000000	0.000000	1652280934.116140	0.000000
163.000000	-43.270642	-120.656652	-125.727957	155.366664	0.000000	0.000000	0.000000	0.000000	0.000000	0.000000	0.000000	0.000000	1652280934.131830	0.000000
163.000000	-21.654021	-102.716352	-99.903948	160.598784	0.000000	0.000000	0.000000	0.000000	0.000000	0.000000	0.000000	0.000000	1652280934.131830	0.000000
164.000000	-58.338699	-138.159384	-133.372312	143.529880	0.000000	0.000000	0.000000	0.000000	0.000000	0.000000	0.000000	0.000000	1652280934.132460	0.000000
164.000000	-95.363709	-162.408895	-155.912689	138.701670	0.000000	0.000000	0.000000	0.000000	0.000000	0.000000	0.000000	0.000000	1652280934.132460	0.000000
165.000000	-45.409865	-121.434552	-122.021716	160.348211	0.000000	0.000000	0.000000	0.000000	0.000000	0.000000	0.000000	0.000000	1652280934.145997	0.000000
165.000000	-13.235506	-94.626949	-87.831550	177.136622	0.000000	0.000000	0.000000	0.000000	0.000000	0.000000	0.000000	0.000000	1652280934.145997	0.000000
166.000000	-65.291173	-140.294867	-127.833520	152.146610	0.000000	0.000000	0.000000	0.000000	0.000000	0.000000	0.000000	0.000000	1652280934.161896	0.000000
166.000000	-93.598476	-155.673336	-153.246141	143.215729	0.000000	0.000000	0.000000	0.000000	0.000000	0.000000	0.000000	0.000000	1652280934.161896	0.000000
167.000000	-40.405879	-119.205571	-120.768849	161.754413	0.000000	0.000000	0.000000	0.000000	0.000000	0.000000	0.000000	0.000000	1652280934.162499	0.000000
167.000000	-12.124756	-96.855929	-96.736252	165.901962	0.000000	0.000000	0.000000	0.000000	0.000000	0.000000	0.000000	0.000000	1652280934.162499	0.000000
168.000000	-63.230489	-138.507195	-132.841246	148.556306	0.000000	0.000000	0.000000	0.000000	0.000000	0.000000	0.000000	0.000000	1652280934.176261	0.000000
168.000000	-89.996953	-156.279199	-155.250727	147.161323	0.000000	0.000000	0.000000	0.000000	0.000000	0.000000	0.000000	0.000000	1652280934.176261	0.000000
169.000000	-52.665271	-127.710104	-131.158291	160.019099	0.000000	0.000000	0.000000	0.000000	0.000000	0.000000	0.000000	0.000000	1652280934.191893	0.000000
169.000000	-21.250112	-108.419700	-105.745671	158.852251	0.000000	0.000000	0.000000	0.000000	0.000000	0.000000	0.000000	0.000000	1652280934.191893	0.000000
170.000000	-65.429550	-140.216329	-138.413697	144.943563	0.000000	0.000000	0.000000	0.000000	0.000000	0.000000	0.000000	0.000000	1652280934.192458	0.000000
170.000000	-106.213159	-158.949488	-161.795552	141.001708	0.000000	0.000000	0.000000	0.000000	0.000000	0.000000	0.000000	0.000000	1652280934.192458	0.000000
171.000000	-49.849127	-119.983470	-126.771389	160.886756	0.000000	0.000000	0.000000	0.000000	0.000000	0.000000	0.000000	0.000000	1652280934.206108	0.000000
171.000000	-10.823270	-96.354782	-94.462393	175.711720	0.000000	0.000000	0.000000	0.000000	0.000000	0.000000	0.000000	0.000000	1652280934.206108	0.000000
172.000000	-60.373205	-131.322847	-129.957784	156.043586	0.000000	0.000000	0.000000	0.000000	0.000000	0.000000	0.000000	0.000000	1652280934.221906	0.000000
172.000000	-106.957399	-154.611204	-160.396829	142.636044	0.000000	0.000000	0.000000	0.000000	0.000000	0.000000	0.000000	0.000000	1652280934.221906	0.000000
173.000000	-38.270396	-114.755090	-124.377853	160.161216	0.000000	0.000000	0.000000	0.000000	0.000000	0.000000	0.000000	0.000000	1652280934.222421	0.000000
173.000000	-11.141162	-95.176714	-97.918061	166.006679	0.000000	0.000000	0.000000	0.000000	0.000000	0.000000	0.000000	0.000000	1652280934.222421	0.000000
174.000000	-62.777961	-133.645325	-126.042108	152.146610	0.000000	0.000000	0.000000	0.000000	0.000000	0.000000	0.000000	0.000000	1652280934.236253	0.000000
174.000000	-104.163694	-162.794105	-153.964201	145.568126	0.000000	0.000000	0.000000	0.000000	0.000000	0.000000	0.000000	0.000000	1652280934.236253	0.000000
175.000000	-53.884479	-123.865487	-124.748103	158.440862	0.000000	0.000000	0.000000	0.000000	0.000000	0.000000	0.000000	0.000000	1652280934.251873	0.000000
175.000000	-10.052851	-99.937607	-92.027718	172.349550	0.000000	0.000000	0.000000	0.000000	0.000000	0.000000	0.000000	0.000000	1652280934.251873	0.000000
176.000000	-59.281154	-134.374605	-129.983963	153.825825	0.000000	0.000000	0.000000	0.000000	0.000000	0.000000	0.000000	0.000000	1652280934.252453	0.000000
176.000000	-98.882955	-162.954921	-160.041539	140.227549	0.000000	0.000000	0.000000	0.000000	0.000000	0.000000	0.000000	0.000000	1652280934.252453	0.000000
177.000000	-64.285140	-127.807341	-133.260115	157.692882	0.000000	0.000000	0.000000	0.000000	0.000000	0.000000	0.000000	0.000000	1652280934.266487	0.000000
177.000000	-10.262285	-101.485925	-96.575437	168.497453	0.000000	0.000000	0.000000	0.000000	0.000000	0.000000	0.000000	0.000000	1652280934.266487	0.000000
178.000000	-57.781454	-135.163724	-132.856206	150.803986	0.000000	0.000000	0.000000	0.000000	0.000000	0.000000	0.000000	0.000000	1652280934.298177	0.000000
178.000000	-95.042078	-156.750427	-154.237214	148.657283	0.000000	0.000000	0.000000	0.000000	0.000000	0.000000	0.000000	0.000000	1652280934.298177	0.000000
179.000000	-51.689157	-117.967664	-122.504163	160.632443	0.000000	0.000000	0.000000	0.000000	0.000000	0.000000	0.000000	0.000000	1652280934.298967	0.000000
179.000000	-10.355783	-96.238846	-90.842170	167.895329	0.000000	0.000000	0.000000	0.000000	0.000000	0.000000	0.000000	0.000000	1652280934.298967	0.000000
180.000000	-58.465856	-131.158291	-129.684771	149.936329	0.000000	0.000000	0.000000	0.000000	0.000000	0.000000	0.000000	0.000000	1652280934.299722	0.000000
180.000000	-95.857376	-156.963601	-157.053359	145.642924	0.000000	0.000000	0.000000	0.000000	0.000000	0.000000	0.000000	0.000000	1652280934.299722	0.000000
181.000000	-52.919584	-122.470504	-125.301608	161.616037	0.000000	0.000000	0.000000	0.000000	0.000000	0.000000	0.000000	0.000000	1652280934.300401	0.000000
181.000000	-10.815791	-97.465533	-97.214959	165.097884	0.000000	0.000000	0.000000	0.000000	0.000000	0.000000	0.000000	0.000000	1652280934.300401	0.000000
182.000000	-57.119492	-131.090973	-125.967310	150.201862	0.000000	0.000000	0.000000	0.000000	0.000000	0.000000	0.000000	0.000000	1652280934.311186	0.000000
182.000000	-95.879815	-154.263393	-154.502747	147.475475	0.000000	0.000000	0.000000	0.000000	0.000000	0.000000	0.000000	0.000000	1652280934.311186	0.000000
183.000000	-45.985810	-122.522862	-124.112320	167.693374	0.000000	0.000000	0.000000	0.000000	0.000000	0.000000	0.000000	0.000000	1652280934.326222	0.000000
183.000000	-6.802878	-93.695714	-94.507272	174.238199	0.000000	0.000000	0.000000	0.000000	0.000000	0.000000	0.000000	0.000000	1652280934.326222	0.000000
184.000000	-61.207203	-133.959477	-124.568588	155.815452	0.000000	0.000000	0.000000	0.000000	0.000000	0.000000	0.000000	0.000000	1652280934.341894	0.000000
184.000000	-104.186133	-163.919815	-160.325771	139.718922	0.000000	0.000000	0.000000	0.000000	0.000000	0.000000	0.000000	0.000000	1652280934.341894	0.000000
185.000000	-50.507349	-112.312936	-115.809742	168.145902	0.000000	0.000000	0.000000	0.000000	0.000000	0.000000	0.000000	0.000000	1652280934.342574	0.000000
185.000000	-4.401862	-92.169834	-90.913228	173.838030	0.000000	0.000000	0.000000	0.000000	0.000000	0.000000	0.000000	0.000000	1652280934.342574	0.000000
186.000000	-59.232535	-134.516722	-128.858253	154.151196	0.000000	0.000000	0.000000	0.000000	0.000000	0.000000	0.000000	0.000000	1652280934.356061	0.000000
186.000000	-100.229319	-157.842478	-157.576945	147.643770	0.000000	0.000000	0.000000	0.000000	0.000000	0.000000	0.000000	0.000000	1652280934.356061	0.000000
187.000000	-57.433644	-123.057668	-122.477984	170.786271	0.000000	0.000000	0.000000	0.000000	0.000000	0.000000	0.000000	0.000000	1652280934.371882	0.000000
187.000000	-11.556291	-101.706579	-97.024225	164.970727	0.000000	0.000000	0.000000	0.000000	0.000000	0.000000	0.000000	0.000000	1652280934.371882	0.000000
188.000000	-67.475275	-133.162878	-127.609126	150.224301	0.000000	0.000000	0.000000	0.000000	0.000000	0.000000	0.000000	0.000000	1652280934.372504	0.000000
188.000000	-104.571343	-159.454375	-159.095344	142.011481	0.000000	0.000000	0.000000	0.000000	0.000000	0.000000	0.000000	0.000000	1652280934.372504	0.000000
189.000000	-52.990642	-120.892266	-122.885633	165.296098	0.000000	0.000000	0.000000	0.000000	0.000000	0.000000	0.000000	0.000000	1652280934.386160	0.000000
189.000000	-18.022578	-105.109888	-101.781377	170.243986	0.000000	0.000000	0.000000	0.000000	0.000000	0.000000	0.000000	0.000000	1652280934.386160	0.000000
190.000000	-77.860977	-138.529634	-131.835213	155.276906	0.000000	0.000000	0.000000	0.000000	0.000000	0.000000	0.000000	0.000000	1652280934.401973	0.000000
190.000000	-108.535637	-157.670442	-159.469334	146.230088	0.000000	0.000000	0.000000	0.000000	0.000000	0.000000	0.000000	0.000000	1652280934.401973	0.000000
191.000000	-49.190904	-121.075521	-125.454944	166.866856	0.000000	0.000000	0.000000	0.000000	0.000000	0.000000	0.000000	0.000000	1652280934.402556	0.000000
191.000000	-15.341070	-102.877168	-102.200246	168.433874	0.000000	0.000000	0.000000	0.000000	0.000000	0.000000	0.000000	0.000000	1652280934.402556	0.000000
192.000000	-67.108765	-138.787687	-130.253236	151.177976	0.000000	0.000000	0.000000	0.000000	0.000000	0.000000	0.000000	0.000000	1652280934.416520	0.000000
192.000000	-109.579069	-175.375129	-168.362816	136.532528	0.000000	0.000000	0.000000	0.000000	0.000000	0.000000	0.000000	0.000000	1652280934.416520	0.000000
193.000000	-60.743455	-135.952843	-137.287987	152.404663	0.000000	0.000000	0.000000	0.000000	0.000000	0.000000	0.000000	0.000000	1652280934.431954	0.000000
193.000000	-22.704933	-108.438399	-98.501485	164.417222	0.000000	0.000000	0.000000	0.000000	0.000000	0.000000	0.000000	0.000000	1652280934.431954	0.000000
194.000000	-73.552612	-146.402124	-136.121139	143.544840	0.000000	0.000000	0.000000	0.000000	0.000000	0.000000	0.000000	0.000000	1652280934.432606	0.000000
194.000000	-110.110134	-166.298391	-161.025132	147.378238	0.000000	0.000000	0.000000	0.000000	0.000000	0.000000	0.000000	0.000000	1652280934.432606	0.000000
195.000000	-68.574806	-130.788041	-127.343593	152.576698	0.000000	0.000000	0.000000	0.000000	0.000000	0.000000	0.000000	0.000000	1652280934.446244	0.000000
195.000000	-14.996999	-99.443940	-91.485433	167.652235	0.000000	0.000000	0.000000	0.000000	0.000000	0.000000	0.000000	0.000000	1652280934.446244	0.000000
196.000000	-68.844078	-142.594906	-134.269888	142.568726	0.000000	0.000000	0.000000	0.000000	0.000000	0.000000	0.000000	0.000000	1652280934.461869	0.000000
196.000000	-98.482786	-168.037445	-161.040092	138.978422	0.000000	0.000000	0.000000	0.000000	0.000000	0.000000	0.000000	0.000000	1652280934.461869	0.000000
197.000000	-50.821500	-132.470996	-128.656298	155.905209	0.000000	0.000000	0.000000	0.000000	0.000000	0.000000	0.000000	0.000000	1652280934.462622	0.000000
197.000000	-21.609142	-103.101562	-96.683894	167.562478	0.000000	0.000000	0.000000	0.000000	0.000000	0.000000	0.000000	0.000000	1652280934.462622	0.000000
198.000000	-56.472489	-133.611666	-125.986010	157.023440	0.000000	0.000000	0.000000	0.000000	0.000000	0.000000	0.000000	0.000000	1652280934.476128	0.000000
198.000000	-99.275644	-164.297545	-158.732574	139.715183	0.000000	0.000000	0.000000	0.000000	0.000000	0.000000	0.000000	0.000000	1652280934.476128	0.000000
199.000000	-46.655252	-122.047895	-119.904932	166.653682	0.000000	0.000000	0.000000	0.000000	0.000000	0.000000	0.000000	0.000000	1652280934.492701	0.000000
199.000000	-11.171081	-103.789704	-97.188780	165.572851	0.000000	0.000000	0.000000	0.000000	0.000000	0.000000	0.000000	0.000000	1652280934.492701	0.000000
200.000000	-56.023701	-136.065040	-124.822901	149.861531	0.000000	0.000000	0.000000	0.000000	0.000000	0.000000	0.000000	0.000000	1652280934.493152	0.000000
200.000000	-97.731066	-163.003540	-157.274013	141.379438	0.000000	0.000000	0.000000	0.000000	0.000000	0.000000	0.000000	0.000000	1652280934.493152	0.000000
0.000000	-61.117445	-131.420084	-130.746902	149.414613	0.000000	0.000000	0.000000	0.000000	0.000000	0.000000	0.000000	0.000000	1652280934.493849	0.000000
101.000000	-14.155521	-101.863655	-102.540577	159.908772	0.000000	0.000000	0.000000	0.000000	0.000000	0.000000	0.000000	0.000000	1652280934.506229	0.000000
101.000000	-62.104779	-137.044894	-127.654005	149.941939	0.000000	0.000000	0.000000	0.000000	0.000000	0.000000	0.000000	0.000000	1652280934.506229	0.000000
102.000000	-97.547811	-156.686849	-157.520846	147.963532	0.000000	0.000000	0.000000	0.000000	0.000000	0.000000	0.000000	0.000000	1652280934.521224	0.000000
102.000000	-53.129019	-127.216437	-125.256729	155.836021	0.000000	0.000000	0.000000	0.000000	0.000000	0.000000	0.000000	0.000000	1652280934.521224	0.000000
103.000000	-8.287618	-96.164048	-88.684248	169.344540	0.000000	0.000000	0.000000	0.000000	0.000000	0.000000	0.000000	0.000000	1652280934.536911	0.000000
103.000000	-61.925263	-136.319353	-126.756429	150.502924	0.000000	0.000000	0.000000	0.000000	0.000000	0.000000	0.000000	0.000000	1652280934.536911	0.000000
104.000000	-93.957507	-159.375837	-156.578391	145.016491	0.000000	0.000000	0.000000	0.000000	0.000000	0.000000	0.000000	0.000000	1652280934.537542	0.000000
104.000000	-48.435444	-119.628180	-123.457837	164.864140	0.000000	0.000000	0.000000	0.000000	0.000000	0.000000	0.000000	0.000000	1652280934.537542	0.000000
105.000000	-8.235260	-100.079723	-98.800677	169.228603	0.000000	0.000000	0.000000	0.000000	0.000000	0.000000	0.000000	0.000000	1652280934.551409	0.000000
105.000000	-59.617745	-133.757522	-129.112566	151.897907	0.000000	0.000000	0.000000	0.000000	0.000000	0.000000	0.000000	0.000000	1652280934.551409	0.000000
106.000000	-100.640708	-164.308765	-163.089557	143.999238	0.000000	0.000000	0.000000	0.000000	0.000000	0.000000	0.000000	0.000000	1652280934.567005	0.000000
106.000000	-55.694590	-130.544948	-134.550381	156.153913	0.000000	0.000000	0.000000	0.000000	0.000000	0.000000	0.000000	0.000000	1652280934.567005	0.000000
107.000000	-17.558830	-104.077676	-103.625148	161.636606	0.000000	0.000000	0.000000	0.000000	0.000000	0.000000	0.000000	0.000000	1652280934.567560	0.000000
107.000000	-67.942762	-138.585733	-131.868872	145.072589	0.000000	0.000000	0.000000	0.000000	0.000000	0.000000	0.000000	0.000000	1652280934.567560	0.000000
108.000000	-102.402201	-161.907749	-160.052759	143.614028	0.000000	0.000000	0.000000	0.000000	0.000000	0.000000	0.000000	0.000000	1652280934.581280	0.000000
108.000000	-60.519061	-131.517322	-130.331774	156.322208	0.000000	0.000000	0.000000	0.000000	0.000000	0.000000	0.000000	0.000000	1652280934.581280	0.000000
109.000000	-23.796983	-101.059577	-99.013851	175.122685	0.000000	0.000000	0.000000	0.000000	0.000000	0.000000	0.000000	0.000000	1652280934.597350	0.000000
109.000000	-63.840092	-134.651358	-126.382439	156.516683	0.000000	0.000000	0.000000	0.000000	0.000000	0.000000	0.000000	0.000000	1652280934.597350	0.000000
110.000000	-107.634321	-165.146502	-158.194028	145.364301	0.000000	0.000000	0.000000	0.000000	0.000000	0.000000	0.000000	0.000000	1652280934.597620	0.000000
110.000000	-55.803047	-126.498376	-125.731697	162.597760	0.000000	0.000000	0.000000	0.000000	0.000000	0.000000	0.000000	0.000000	1652280934.597620	0.000000
111.000000	-19.585856	-101.684140	-96.474459	169.142585	0.000000	0.000000	0.000000	0.000000	0.000000	0.000000	0.000000	0.000000	1652280934.611254	0.000000
111.000000	-60.519061	-134.056714	-124.834121	156.972951	0.000000	0.000000	0.000000	0.000000	0.000000	0.000000	0.000000	0.000000	1652280934.611254	0.000000
112.000000	-103.329696	-159.633890	-152.744994	145.031450	0.000000	0.000000	0.000000	0.000000	0.000000	0.000000	0.000000	0.000000	1652280934.626868	0.000000
112.000000	-62.878938	-129.987703	-133.155398	152.866541	0.000000	0.000000	0.000000	0.000000	0.000000	0.000000	0.000000	0.000000	1652280934.626868	0.000000
113.000000	-24.189673	-105.517537	-99.114829	165.754236	0.000000	0.000000	0.000000	0.000000	0.000000	0.000000	0.000000	0.000000	1652280934.627550	0.000000
113.000000	-64.412297	-136.865379	-123.091327	157.029049	0.000000	0.000000	0.000000	0.000000	0.000000	0.000000	0.000000	0.000000	1652280934.627550	0.000000
114.000000	-106.097222	-165.916922	-157.778899	146.153420	0.000000	0.000000	0.000000	0.000000	0.000000	0.000000	0.000000	0.000000	1652280934.641050	0.000000
114.000000	-57.336406	-131.326587	-124.624686	153.472405	0.000000	0.000000	0.000000	0.000000	0.000000	0.000000	0.000000	0.000000	1652280934.641050	0.000000
115.000000	-15.460746	-102.641554	-93.467580	166.180585	0.000000	0.000000	0.000000	0.000000	0.000000	0.000000	0.000000	0.000000	1652280934.656917	0.000000
115.000000	-73.533913	-144.707949	-130.810481	150.869434	0.000000	0.000000	0.000000	0.000000	0.000000	0.000000	0.000000	0.000000	1652280934.656917	0.000000
116.000000	-108.255144	-162.165802	-160.378130	141.856275	0.000000	0.000000	0.000000	0.000000	0.000000	0.000000	0.000000	0.000000	1652280934.657520	0.000000
116.000000	-66.334606	-132.153105	-136.936437	147.451166	0.000000	0.000000	0.000000	0.000000	0.000000	0.000000	0.000000	0.000000	1652280934.657520	0.000000
117.000000	-22.876968	-102.499438	-106.063563	156.004317	0.000000	0.000000	0.000000	0.000000	0.000000	0.000000	0.000000	0.000000	1652280934.671144	0.000000
117.000000	-65.855898	-137.160831	-132.452297	148.610535	0.000000	0.000000	0.000000	0.000000	0.000000	0.000000	0.000000	0.000000	1652280934.671144	0.000000
118.000000	-113.573282	-166.066518	-163.613143	142.948326	0.000000	0.000000	0.000000	0.000000	0.000000	0.000000	0.000000	0.000000	1652280934.686852	0.000000
118.000000	-63.054713	-133.043201	-129.011589	162.586541	0.000000	0.000000	0.000000	0.000000	0.000000	0.000000	0.000000	0.000000	1652280934.686852	0.000000
119.000000	-29.893020	-114.758830	-108.550596	157.616214	0.000000	0.000000	0.000000	0.000000	0.000000	0.000000	0.000000	0.000000	1652280934.687664	0.000000
119.000000	-76.192982	-151.005941	-141.282201	138.355729	0.000000	0.000000	0.000000	0.000000	0.000000	0.000000	0.000000	0.000000	1652280934.687664	0.000000
120.000000	-115.693805	-175.105856	-169.903655	133.740692	0.000000	0.000000	0.000000	0.000000	0.000000	0.000000	0.000000	0.000000	1652280934.701483	0.000000
120.000000	-67.086325	-136.794321	-130.058761	152.672066	0.000000	0.000000	0.000000	0.000000	0.000000	0.000000	0.000000	0.000000	1652280934.701483	0.000000
121.000000	-15.572943	-105.379161	-103.486772	167.440931	0.000000	0.000000	0.000000	0.000000	0.000000	0.000000	0.000000	0.000000	1652280934.717497	0.000000
121.000000	-72.019253	-143.305487	-131.595860	153.266710	0.000000	0.000000	0.000000	0.000000	0.000000	0.000000	0.000000	0.000000	1652280934.717497	0.000000
122.000000	-114.096868	-165.804725	-158.366064	142.069450	0.000000	0.000000	0.000000	0.000000	0.000000	0.000000	0.000000	0.000000	1652280934.717521	0.000000
122.000000	-60.881831	-130.586087	-130.488849	154.549496	0.000000	0.000000	0.000000	0.000000	0.000000	0.000000	0.000000	0.000000	1652280934.717521	0.000000
123.000000	-20.797584	-104.638661	-99.903948	165.529842	0.000000	0.000000	0.000000	0.000000	0.000000	0.000000	0.000000	0.000000	1652280934.731222	0.000000
123.000000	-62.220716	-131.674398	-118.539869	155.847241	0.000000	0.000000	0.000000	0.000000	0.000000	0.000000	0.000000	0.000000	1652280934.731222	0.000000
124.000000	-103.329696	-161.301885	-155.968788	146.901400	0.000000	0.000000	0.000000	0.000000	0.000000	0.000000	0.000000	0.000000	1652280934.747186	0.000000
124.000000	-49.037568	-121.849680	-122.620100	163.218584	0.000000	0.000000	0.000000	0.000000	0.000000	0.000000	0.000000	0.000000	1652280934.747186	0.000000
125.000000	-10.497899	-97.495452	-90.210127	171.693197	0.000000	0.000000	0.000000	0.000000	0.000000	0.000000	0.000000	0.000000	1652280934.747540	0.000000
125.000000	-66.712335	-132.691650	-124.912659	154.029650	0.000000	0.000000	0.000000	0.000000	0.000000	0.000000	0.000000	0.000000	1652280934.747540	0.000000
126.000000	-107.338869	-160.161216	-156.986041	141.751558	0.000000	0.000000	0.000000	0.000000	0.000000	0.000000	0.000000	0.000000	1652280934.761166	0.000000
126.000000	-54.108873	-119.302809	-121.314875	164.998776	0.000000	0.000000	0.000000	0.000000	0.000000	0.000000	0.000000	0.000000	1652280934.761166	0.000000
127.000000	-13.740392	-99.182147	-91.683647	170.006502	0.000000	0.000000	0.000000	0.000000	0.000000	0.000000	0.000000	0.000000	1652280934.777002	0.000000
127.000000	-66.084032	-133.155398	-117.593674	161.139199	0.000000	0.000000	0.000000	0.000000	0.000000	0.000000	0.000000	0.000000	1652280934.777002	0.000000
128.000000	-112.081062	-169.021039	-161.922708	139.051350	0.000000	0.000000	0.000000	0.000000	0.000000	0.000000	0.000000	0.000000	1652280934.777527	0.000000
128.000000	-66.170050	-130.829180	-129.684771	160.540815	0.000000	0.000000	0.000000	0.000000	0.000000	0.000000	0.000000	0.000000	1652280934.777527	0.000000
129.000000	-22.009311	-99.391581	-100.786564	162.178892	0.000000	0.000000	0.000000	0.000000	0.000000	0.000000	0.000000	0.000000	1652280934.791163	0.000000
129.000000	-70.418576	-137.583440	-128.678738	148.831189	0.000000	0.000000	0.000000	0.000000	0.000000	0.000000	0.000000	0.000000	1652280934.791163	0.000000
130.000000	-109.702485	-164.675275	-158.874690	145.899107	0.000000	0.000000	0.000000	0.000000	0.000000	0.000000	0.000000	0.000000	1652280934.806942	0.000000
130.000000	-64.973282	-132.216683	-135.032828	155.016983	0.000000	0.000000	0.000000	0.000000	0.000000	0.000000	0.000000	0.000000	1652280934.806942	0.000000
131.000000	-21.388488	-106.523570	-99.649634	164.576168	0.000000	0.000000	0.000000	0.000000	0.000000	0.000000	0.000000	0.000000	1652280934.807532	0.000000
131.000000	-70.478415	-139.954536	-131.939931	150.846995	0.000000	0.000000	0.000000	0.000000	0.000000	0.000000	0.000000	0.000000	1652280934.807532	0.000000
132.000000	-107.477245	-164.312505	-159.667549	142.383601	0.000000	0.000000	0.000000	0.000000	0.000000	0.000000	0.000000	0.000000	1652280934.821069	0.000000
132.000000	-56.696883	-123.521416	-123.745810	162.960531	0.000000	0.000000	0.000000	0.000000	0.000000	0.000000	0.000000	0.000000	1652280934.821069	0.000000
133.000000	-11.604910	-99.212066	-95.883555	171.562301	0.000000	0.000000	0.000000	0.000000	0.000000	0.000000	0.000000	0.000000	1652280934.836840	0.000000
133.000000	-59.819700	-133.753782	-127.410912	152.488811	0.000000	0.000000	0.000000	0.000000	0.000000	0.000000	0.000000	0.000000	1652280934.836840	0.000000
134.000000	-111.104948	-165.584071	-156.881323	143.916960	0.000000	0.000000	0.000000	0.000000	0.000000	0.000000	0.000000	0.000000	1652280934.837495	0.000000
134.000000	-62.430150	-129.658592	-127.366033	157.440438	0.000000	0.000000	0.000000	0.000000	0.000000	0.000000	0.000000	0.000000	1652280934.837495	0.000000
135.000000	-16.709873	-99.320523	-96.197707	163.906725	0.000000	0.000000	0.000000	0.000000	0.000000	0.000000	0.000000	0.000000	1652280934.851321	0.000000
135.000000	-66.170050	-137.000015	-124.198338	147.597022	0.000000	0.000000	0.000000	0.000000	0.000000	0.000000	0.000000	0.000000	1652280934.851321	0.000000
136.000000	-106.774144	-165.445694	-157.969634	140.289257	0.000000	0.000000	0.000000	0.000000	0.000000	0.000000	0.000000	0.000000	1652280934.867060	0.000000
136.000000	-60.556460	-127.029442	-126.090727	161.928318	0.000000	0.000000	0.000000	0.000000	0.000000	0.000000	0.000000	0.000000	1652280934.867060	0.000000
137.000000	-11.283278	-90.980546	-90.879569	174.913251	0.000000	0.000000	0.000000	0.000000	0.000000	0.000000	0.000000	0.000000	1652280934.867539	0.000000
137.000000	-54.527741	-127.040662	-112.844001	166.734090	0.000000	0.000000	0.000000	0.000000	0.000000	0.000000	0.000000	0.000000	1652280934.867539	0.000000
138.000000	-97.259838	-152.501900	-151.024640	151.179846	0.000000	0.000000	0.000000	0.000000	0.000000	0.000000	0.000000	0.000000	1652280934.881160	0.000000
138.000000	-52.900885	-130.421531	-125.787795	161.300015	0.000000	0.000000	0.000000	0.000000	0.000000	0.000000	0.000000	0.000000	1652280934.881160	0.000000
139.000000	-14.275198	-89.884756	-88.575791	176.644825	0.000000	0.000000	0.000000	0.000000	0.000000	0.000000	0.000000	0.000000	1652280934.896944	0.000000
139.000000	-65.336052	-131.169511	-121.782362	153.191912	0.000000	0.000000	0.000000	0.000000	0.000000	0.000000	0.000000	0.000000	1652280934.896944	0.000000
140.000000	-105.614775	-160.355690	-151.260254	151.748311	0.000000	0.000000	0.000000	0.000000	0.000000	0.000000	0.000000	0.000000	1652280934.897587	0.000000
140.000000	-67.845525	-129.183624	-127.179038	160.783909	0.000000	0.000000	0.000000	0.000000	0.000000	0.000000	0.000000	0.000000	1652280934.897587	0.000000
141.000000	-21.093036	-95.737699	-93.145948	169.520315	0.000000	0.000000	0.000000	0.000000	0.000000	0.000000	0.000000	0.000000	1652280934.911154	0.000000
141.000000	-65.549227	-129.969003	-118.251897	154.908526	0.000000	0.000000	0.000000	0.000000	0.000000	0.000000	0.000000	0.000000	1652280934.911154	0.000000
142.000000	-107.780177	-159.465594	-154.742101	147.985971	0.000000	0.000000	0.000000	0.000000	0.000000	0.000000	0.000000	0.000000	1652280934.926893	0.000000
142.000000	-67.007788	-125.698038	-123.929065	165.989850	0.000000	0.000000	0.000000	0.000000	0.000000	0.000000	0.000000	0.000000	1652280934.926893	0.000000
143.000000	-13.946087	-91.803324	-90.049311	172.549634	0.000000	0.000000	0.000000	0.000000	0.000000	0.000000	0.000000	0.000000	1652280934.927565	0.000000
143.000000	-62.426410	-127.908318	-124.000123	154.912266	0.000000	0.000000	0.000000	0.000000	0.000000	0.000000	0.000000	0.000000	1652280934.927565	0.000000
144.000000	-107.394967	-157.876137	-154.031520	150.861954	0.000000	0.000000	0.000000	0.000000	0.000000	0.000000	0.000000	0.000000	1652280934.941198	0.000000
144.000000	-60.074013	-123.596214	-121.251296	165.275529	0.000000	0.000000	0.000000	0.000000	0.000000	0.000000	0.000000	0.000000	1652280934.941198	0.000000
145.000000	-16.896868	-95.532004	-88.538392	173.851119	0.000000	0.000000	0.000000	0.000000	0.000000	0.000000	0.000000	0.000000	1652280934.956898	0.000000
145.000000	-58.600492	-129.333220	-118.337914	158.244517	0.000000	0.000000	0.000000	0.000000	0.000000	0.000000	0.000000	0.000000	1652280934.956898	0.000000
146.000000	-97.611389	-155.830411	-151.783840	144.193713	0.000000	0.000000	0.000000	0.000000	0.000000	0.000000	0.000000	0.000000	1652280934.957556	0.000000
146.000000	-60.474182	-121.513089	-122.979130	159.680638	0.000000	0.000000	0.000000	0.000000	0.000000	0.000000	0.000000	0.000000	1652280934.957556	0.000000
147.000000	-15.935714	-93.389042	-96.642755	164.553728	0.000000	0.000000	0.000000	0.000000	0.000000	0.000000	0.000000	0.000000	1652280934.971223	0.000000
147.000000	-51.666718	-126.838707	-122.814575	153.592081	0.000000	0.000000	0.000000	0.000000	0.000000	0.000000	0.000000	0.000000	1652280934.971223	0.000000
148.000000	-108.397260	-153.844525	-156.585871	145.289503	0.000000	0.000000	0.000000	0.000000	0.000000	0.000000	0.000000	0.000000	1652280934.986899	0.000000
148.000000	-67.561293	-126.771389	-129.202324	159.351527	0.000000	0.000000	0.000000	0.000000	0.000000	0.000000	0.000000	0.000000	1652280934.986899	0.000000
149.000000	-10.823270	-92.951473	-96.837230	167.511989	0.000000	0.000000	0.000000	0.000000	0.000000	0.000000	0.000000	0.000000	1652280934.987674	0.000000
149.000000	-55.862886	-121.946918	-117.735791	155.230158	0.000000	0.000000	0.000000	0.000000	0.000000	0.000000	0.000000	0.000000	1652280934.987674	0.000000
150.000000	-105.098669	-154.839338	-151.709042	147.271650	0.000000	0.000000	0.000000	0.000000	0.000000	0.000000	0.000000	0.000000	1652280935.001257	0.000000
150.000000	-54.692297	-129.796968	-128.514182	157.548895	0.000000	0.000000	0.000000	0.000000	0.000000	0.000000	0.000000	0.000000	1652280935.001257	0.000000
151.000000	-8.538192	-95.999492	-92.719600	173.043301	0.000000	0.000000	0.000000	0.000000	0.000000	0.000000	0.000000	0.000000	1652280935.016949	0.000000
151.000000	-43.210804	-120.836168	-119.164432	159.916252	0.000000	0.000000	0.000000	0.000000	0.000000	0.000000	0.000000	0.000000	1652280935.016949	0.000000
152.000000	-94.387595	-154.312012	-157.569465	142.338722	0.000000	0.000000	0.000000	0.000000	0.000000	0.000000	0.000000	0.000000	1652280935.017655	0.000000
152.000000	-52.478276	-115.375914	-123.742070	161.984417	0.000000	0.000000	0.000000	0.000000	0.000000	0.000000	0.000000	0.000000	1652280935.017655	0.000000
153.000000	-2.655329	-86.593644	-88.500993	172.108326	0.000000	0.000000	0.000000	0.000000	0.000000	0.000000	0.000000	0.000000	1652280935.031254	0.000000
153.000000	-49.400339	-126.704071	-118.356614	151.157406	0.000000	0.000000	0.000000	0.000000	0.000000	0.000000	0.000000	0.000000	1652280935.031254	0.000000
154.000000	-93.733113	-158.683955	-155.520000	145.457799	0.000000	0.000000	0.000000	0.000000	0.000000	0.000000	0.000000	0.000000	1652280935.047067	0.000000
154.000000	-50.204417	-127.747503	-130.690804	157.702231	0.000000	0.000000	0.000000	0.000000	0.000000	0.000000	0.000000	0.000000	1652280935.047067	0.000000
155.000000	-4.992766	-90.030612	-91.575190	173.177937	0.000000	0.000000	0.000000	0.000000	0.000000	0.000000	0.000000	0.000000	1652280935.047514	0.000000
155.000000	-55.380439	-124.284355	-121.284956	163.783309	0.000000	0.000000	0.000000	0.000000	0.000000	0.000000	0.000000	0.000000	1652280935.047514	0.000000
156.000000	-99.324263	-161.017653	-155.789273	151.602455	0.000000	0.000000	0.000000	0.000000	0.000000	0.000000	0.000000	0.000000	1652280935.061313	0.000000
156.000000	-56.229396	-132.366279	-134.905671	149.601608	0.000000	0.000000	0.000000	0.000000	0.000000	0.000000	0.000000	0.000000	1652280935.061313	0.000000
157.000000	-11.257099	-97.263578	-98.333190	160.727810	0.000000	0.000000	0.000000	0.000000	0.000000	0.000000	0.000000	0.000000	1652280935.077029	0.000000
157.000000	-45.409865	-128.435644	-123.491497	150.042916	0.000000	0.000000	0.000000	0.000000	0.000000	0.000000	0.000000	0.000000	1652280935.077029	0.000000
158.000000	-90.206387	-157.348811	-152.602878	144.014198	0.000000	0.000000	0.000000	0.000000	0.000000	0.000000	0.000000	0.000000	1652280935.077636	0.000000
158.000000	-47.713644	-126.094467	-132.777668	150.854475	0.000000	0.000000	0.000000	0.000000	0.000000	0.000000	0.000000	0.000000	1652280935.077636	0.000000
159.000000	-5.430335	-100.719246	-103.258638	159.676899	0.000000	0.000000	0.000000	0.000000	0.000000	0.000000	0.000000	0.000000	1652280935.091226	0.000000
159.000000	-49.710750	-132.280261	-130.731943	142.963286	0.000000	0.000000	0.000000	0.000000	0.000000	0.000000	0.000000	0.000000	1652280935.091226	0.000000
160.000000	-97.170081	-162.651989	-163.687941	135.995852	0.000000	0.000000	0.000000	0.000000	0.000000	0.000000	0.000000	0.000000	1652280935.106988	0.000000
160.000000	-49.385379	-131.853913	-135.070227	151.183586	0.000000	0.000000	0.000000	0.000000	0.000000	0.000000	0.000000	0.000000	1652280935.106988	0.000000
161.000000	-1.316445	-94.660608	-99.152228	166.382539	0.000000	0.000000	0.000000	0.000000	0.000000	0.000000	0.000000	0.000000	1652280935.107602	0.000000
161.000000	-45.645479	-131.723016	-125.813974	149.807303	0.000000	0.000000	0.000000	0.000000	0.000000	0.000000	0.000000	0.000000	1652280935.107602	0.000000
162.000000	-97.334636	-167.192228	-167.495159	129.753959	0.000000	0.000000	0.000000	0.000000	0.000000	0.000000	0.000000	0.000000	1652280935.121105	0.000000
162.000000	-58.301300	-140.728695	-142.729542	150.143894	0.000000	0.000000	0.000000	0.000000	0.000000	0.000000	0.000000	0.000000	1652280935.121105	0.000000
163.000000	-16.010512	-109.504271	-104.892974	161.131720	0.000000	0.000000	0.000000	0.000000	0.000000	0.000000	0.000000	0.000000	1652280935.136924	0.000000
163.000000	-67.587472	-141.469196	-134.490542	144.044117	0.000000	0.000000	0.000000	0.000000	0.000000	0.000000	0.000000	0.000000	1652280935.136924	0.000000
164.000000	-105.812989	-171.085463	-164.248926	132.390588	0.000000	0.000000	0.000000	0.000000	0.000000	0.000000	0.000000	0.000000	1652280935.137808	0.000000
164.000000	-63.888711	-138.148164	-137.310427	149.253797	0.000000	0.000000	0.000000	0.000000	0.000000	0.000000	0.000000	0.000000	1652280935.137808	0.000000
165.000000	-16.107749	-105.644694	-104.571343	156.726117	0.000000	0.000000	0.000000	0.000000	0.000000	0.000000	0.000000	0.000000	1652280935.151215	0.000000
165.000000	-61.244602	-136.753182	-131.248049	144.934213	0.000000	0.000000	0.000000	0.000000	0.000000	0.000000	0.000000	0.000000	1652280935.151215	0.000000
166.000000	-109.698746	-183.905840	-177.637768	125.505433	0.000000	0.000000	0.000000	0.000000	0.000000	0.000000	0.000000	0.000000	1652280935.166869	0.000000
166.000000	-64.864825	-147.415637	-146.611558	135.921054	0.000000	0.000000	0.000000	0.000000	0.000000	0.000000	0.000000	0.000000	1652280935.166869	0.000000
167.000000	-21.403447	-115.465671	-111.755690	154.317622	0.000000	0.000000	0.000000	0.000000	0.000000	0.000000	0.000000	0.000000	1652280935.167580	0.000000
167.000000	-67.363078	-145.332512	-136.237076	141.613182	0.000000	0.000000	0.000000	0.000000	0.000000	0.000000	0.000000	0.000000	1652280935.167580	0.000000
168.000000	-116.198692	-180.169680	-173.946487	125.651289	0.000000	0.000000	0.000000	0.000000	0.000000	0.000000	0.000000	0.000000	1652280935.181146	0.000000
168.000000	-76.903563	-144.737868	-144.577052	140.839022	0.000000	0.000000	0.000000	0.000000	0.000000	0.000000	0.000000	0.000000	1652280935.181146	0.000000
169.000000	-28.632674	-114.085648	-111.894067	149.351035	0.000000	0.000000	0.000000	0.000000	0.000000	0.000000	0.000000	0.000000	1652280935.196922	0.000000
169.000000	-61.929003	-142.340592	-132.310181	142.088149	0.000000	0.000000	0.000000	0.000000	0.000000	0.000000	0.000000	0.000000	1652280935.196922	0.000000
170.000000	-101.489665	-161.717014	-160.696021	139.458999	0.000000	0.000000	0.000000	0.000000	0.000000	0.000000	0.000000	0.000000	1652280935.197588	0.000000
170.000000	-62.288034	-135.664871	-142.011481	146.542370	0.000000	0.000000	0.000000	0.000000	0.000000	0.000000	0.000000	0.000000	1652280935.197588	0.000000
171.000000	-20.449773	-103.172620	-103.037984	161.621647	0.000000	0.000000	0.000000	0.000000	0.000000	0.000000	0.000000	0.000000	1652280935.211273	0.000000
171.000000	-50.728003	-128.140192	-121.116660	160.047149	0.000000	0.000000	0.000000	0.000000	0.000000	0.000000	0.000000	0.000000	1652280935.211273	0.000000
172.000000	-110.652420	-174.182101	-170.262685	132.514005	0.000000	0.000000	0.000000	0.000000	0.000000	0.000000	0.000000	0.000000	1652280935.226996	0.000000
172.000000	-68.600985	-141.817006	-139.610465	144.362008	0.000000	0.000000	0.000000	0.000000	0.000000	0.000000	0.000000	0.000000	1652280935.226996	0.000000
173.000000	-17.917861	-104.990211	-106.351535	156.823355	0.000000	0.000000	0.000000	0.000000	0.000000	0.000000	0.000000	0.000000	1652280935.227602	0.000000
173.000000	-65.107918	-147.183763	-137.295467	135.060877	0.000000	0.000000	0.000000	0.000000	0.000000	0.000000	0.000000	0.000000	1652280935.227602	0.000000
174.000000	-113.782716	-177.533051	-171.983039	132.102616	0.000000	0.000000	0.000000	0.000000	0.000000	0.000000	0.000000	0.000000	1652280935.241376	0.000000
174.000000	-64.019607	-147.217422	-147.180023	147.189373	0.000000	0.000000	0.000000	0.000000	0.000000	0.000000	0.000000	0.000000	1652280935.241376	0.000000
175.000000	-26.979638	-114.373620	-108.580515	156.397006	0.000000	0.000000	0.000000	0.000000	0.000000	0.000000	0.000000	0.000000	1652280935.256955	0.000000
175.000000	-63.769034	-139.939577	-136.461470	141.231712	0.000000	0.000000	0.000000	0.000000	0.000000	0.000000	0.000000	0.000000	1652280935.256955	0.000000
176.000000	-115.705025	-178.183793	-175.289111	127.502539	0.000000	0.000000	0.000000	0.000000	0.000000	0.000000	0.000000	0.000000	1652280935.257564	0.000000
176.000000	-86.253313	-158.818592	-153.500454	138.535244	0.000000	0.000000	0.000000	0.000000	0.000000	0.000000	0.000000	0.000000	1652280935.257564	0.000000
177.000000	-30.502624	-115.622747	-110.906733	155.615367	0.000000	0.000000	0.000000	0.000000	0.000000	0.000000	0.000000	0.000000	1652280935.271501	0.000000
177.000000	-78.163909	-153.025486	-139.060700	135.397468	0.000000	0.000000	0.000000	0.000000	0.000000	0.000000	0.000000	0.000000	1652280935.271501	0.000000
178.000000	-123.622393	-185.323263	-179.754551	120.707141	0.000000	0.000000	0.000000	0.000000	0.000000	0.000000	0.000000	0.000000	1652280935.287009	0.000000
178.000000	-75.590858	-150.923663	-151.686602	133.968826	0.000000	0.000000	0.000000	0.000000	0.000000	0.000000	0.000000	0.000000	1652280935.287009	0.000000
179.000000	-33.098115	-121.251296	-116.295929	148.700292	0.000000	0.000000	0.000000	0.000000	0.000000	0.000000	0.000000	0.000000	1652280935.287592	0.000000
179.000000	-71.630304	-153.399476	-139.262655	138.209873	0.000000	0.000000	0.000000	0.000000	0.000000	0.000000	0.000000	0.000000	1652280935.287592	0.000000
180.000000	-126.588134	-170.861069	-161.915229	143.857122	0.000000	0.000000	0.000000	0.000000	0.000000	0.000000	0.000000	0.000000	1652280935.301403	0.000000
180.000000	-83.115537	-151.189196	-152.000754	142.129288	0.000000	0.000000	0.000000	0.000000	0.000000	0.000000	0.000000	0.000000	1652280935.301403	0.000000
181.000000	-36.823055	-122.627580	-120.955844	140.719346	0.000000	0.000000	0.000000	0.000000	0.000000	0.000000	0.000000	0.000000	1652280935.317282	0.000000
181.000000	-97.368295	-167.050111	-151.626764	121.234467	0.000000	0.000000	0.000000	0.000000	0.000000	0.000000	0.000000	0.000000	1652280935.317282	0.000000
182.000000	-126.618053	-188.378761	-185.484078	120.759500	0.000000	0.000000	0.000000	0.000000	0.000000	0.000000	0.000000	0.000000	1652280935.317594	0.000000
182.000000	-85.325817	-166.706041	-160.703501	131.051704	0.000000	0.000000	0.000000	0.000000	0.000000	0.000000	0.000000	0.000000	1652280935.317594	0.000000
183.000000	-47.294775	-126.068288	-119.882493	149.339815	0.000000	0.000000	0.000000	0.000000	0.000000	0.000000	0.000000	0.000000	1652280935.331358	0.000000
183.000000	-88.587010	-161.533759	-147.411897	133.131089	0.000000	0.000000	0.000000	0.000000	0.000000	0.000000	0.000000	0.000000	1652280935.331358	0.000000
184.000000	-133.925817	-193.681939	-184.377068	119.514113	0.000000	0.000000	0.000000	0.000000	0.000000	0.000000	0.000000	0.000000	1652280935.346958	0.000000
184.000000	-91.702347	-156.256760	-153.795906	139.066310	0.000000	0.000000	0.000000	0.000000	0.000000	0.000000	0.000000	0.000000	1652280935.346958	0.000000
185.000000	-45.709057	-130.155998	-125.582101	143.815983	0.000000	0.000000	0.000000	0.000000	0.000000	0.000000	0.000000	0.000000	1652280935.347667	0.000000
185.000000	-85.236060	-158.358584	-146.865871	136.351143	0.000000	0.000000	0.000000	0.000000	0.000000	0.000000	0.000000	0.000000	1652280935.347667	0.000000
186.000000	-121.655206	-185.917907	-178.105256	125.019246	0.000000	0.000000	0.000000	0.000000	0.000000	0.000000	0.000000	0.000000	1652280935.361252	0.000000
186.000000	-76.926002	-152.782393	-147.045386	139.077530	0.000000	0.000000	0.000000	0.000000	0.000000	0.000000	0.000000	0.000000	1652280935.361252	0.000000
187.000000	-35.207418	-124.635906	-114.336221	148.842408	0.000000	0.000000	0.000000	0.000000	0.000000	0.000000	0.000000	0.000000	1652280935.376981	0.000000
187.000000	-78.893190	-155.920169	-142.164817	137.286118	0.000000	0.000000	0.000000	0.000000	0.000000	0.000000	0.000000	0.000000	1652280935.376981	0.000000
188.000000	-128.177591	-191.138807	-183.124201	119.502893	0.000000	0.000000	0.000000	0.000000	0.000000	0.000000	0.000000	0.000000	1652280935.377708	0.000000
188.000000	-80.127357	-157.068318	-159.177622	134.013705	0.000000	0.000000	0.000000	0.000000	0.000000	0.000000	0.000000	0.000000	1652280935.377708	0.000000
189.000000	-46.539315	-123.727110	-125.899992	143.542970	0.000000	0.000000	0.000000	0.000000	0.000000	0.000000	0.000000	0.000000	1652280935.407682	0.000000
189.000000	-92.723340	-158.381023	-148.791920	125.935521	0.000000	0.000000	0.000000	0.000000	0.000000	0.000000	0.000000	0.000000	1652280935.407682	0.000000
190.000000	-130.705764	-192.500131	-181.448726	117.767580	0.000000	0.000000	0.000000	0.000000	0.000000	0.000000	0.000000	0.000000	1652280935.408299	0.000000
190.000000	-95.431027	-161.814251	-154.917876	130.161608	0.000000	0.000000	0.000000	0.000000	0.000000	0.000000	0.000000	0.000000	1652280935.408299	0.000000
191.000000	-47.661285	-125.656899	-116.621300	146.239438	0.000000	0.000000	0.000000	0.000000	0.000000	0.000000	0.000000	0.000000	1652280935.409092	0.000000
191.000000	-81.870150	-155.587318	-141.817006	135.580723	0.000000	0.000000	0.000000	0.000000	0.000000	0.000000	0.000000	0.000000	1652280935.409092	0.000000
192.000000	-127.878399	-182.110688	-177.252558	132.730919	0.000000	0.000000	0.000000	0.000000	0.000000	0.000000	0.000000	0.000000	1652280935.421268	0.000000
192.000000	-77.741300	-146.473182	-144.618191	150.555283	0.000000	0.000000	0.000000	0.000000	0.000000	0.000000	0.000000	0.000000	1652280935.421268	0.000000
193.000000	-38.068442	-115.607787	-109.635167	157.144986	0.000000	0.000000	0.000000	0.000000	0.000000	0.000000	0.000000	0.000000	1652280935.436934	0.000000
193.000000	-72.441862	-142.108719	-135.410558	139.148588	0.000000	0.000000	0.000000	0.000000	0.000000	0.000000	0.000000	0.000000	1652280935.436934	0.000000
194.000000	-121.546749	-181.209373	-176.048311	121.032512	0.000000	0.000000	0.000000	0.000000	0.000000	0.000000	0.000000	0.000000	1652280935.437615	0.000000
194.000000	-85.310858	-145.497068	-149.771774	141.807657	0.000000	0.000000	0.000000	0.000000	0.000000	0.000000	0.000000	0.000000	1652280935.437615	0.000000
195.000000	-31.856468	-113.958492	-113.105794	155.690165	0.000000	0.000000	0.000000	0.000000	0.000000	0.000000	0.000000	0.000000	1652280935.451269	0.000000
195.000000	-72.823332	-139.898438	-133.361093	146.691966	0.000000	0.000000	0.000000	0.000000	0.000000	0.000000	0.000000	0.000000	1652280935.451269	0.000000
196.000000	-123.985163	-178.022978	-169.305271	134.189480	0.000000	0.000000	0.000000	0.000000	0.000000	0.000000	0.000000	0.000000	1652280935.466942	0.000000
196.000000	-81.144609	-149.551119	-145.414790	143.965579	0.000000	0.000000	0.000000	0.000000	0.000000	0.000000	0.000000	0.000000	1652280935.466942	0.000000
197.000000	-27.944532	-120.129326	-111.688372	152.253197	0.000000	0.000000	0.000000	0.000000	0.000000	0.000000	0.000000	0.000000	1652280935.467558	0.000000
197.000000	-73.066425	-154.813159	-143.129711	136.280084	0.000000	0.000000	0.000000	0.000000	0.000000	0.000000	0.000000	0.000000	1652280935.467558	0.000000
198.000000	-124.875260	-185.192366	-184.410727	117.539446	0.000000	0.000000	0.000000	0.000000	0.000000	0.000000	0.000000	0.000000	1652280935.481188	0.000000
198.000000	-83.762539	-154.738361	-155.546179	128.602070	0.000000	0.000000	0.000000	0.000000	0.000000	0.000000	0.000000	0.000000	1652280935.481188	0.000000
199.000000	-44.194398	-126.722770	-124.471350	136.111789	0.000000	0.000000	0.000000	0.000000	0.000000	0.000000	0.000000	0.000000	1652280935.497566	0.000000
199.000000	-77.935775	-152.651496	-147.082785	129.593143	0.000000	0.000000	0.000000	0.000000	0.000000	0.000000	0.000000	0.000000	1652280935.497566	0.000000
200.000000	-125.477383	-180.076183	-176.893528	123.078238	0.000000	0.000000	0.000000	0.000000	0.000000	0.000000	0.000000	0.000000	1652280935.498192	0.000000
200.000000	-91.702347	-156.454975	-154.805679	133.460200	0.000000	0.000000	0.000000	0.000000	0.000000	0.000000	0.000000	0.000000	1652280935.498192	0.000000
0.000000	-33.008357	-116.421216	-118.281816	151.121877	0.000000	0.000000	0.000000	0.000000	0.000000	0.000000	0.000000	0.000000	1652280935.499107	0.000000
101.000000	-76.290219	-148.311343	-142.392951	127.710104	0.000000	0.000000	0.000000	0.000000	0.000000	0.000000	0.000000	0.000000	1652280935.511302	0.000000
101.000000	-110.805756	-169.542755	-172.529065	130.791781	0.000000	0.000000	0.000000	0.000000	0.000000	0.000000	0.000000	0.000000	1652280935.511302	0.000000
102.000000	-78.137730	-145.569996	-151.716522	139.487049	0.000000	0.000000	0.000000	0.000000	0.000000	0.000000	0.000000	0.000000	1652280935.526157	0.000000
102.000000	-21.530604	-107.699769	-105.738191	158.126710	0.000000	0.000000	0.000000	0.000000	0.000000	0.000000	0.000000	0.000000	1652280935.526157	0.000000
103.000000	-62.097299	-134.522331	-131.259269	141.947903	0.000000	0.000000	0.000000	0.000000	0.000000	0.000000	0.000000	0.000000	1652280935.541920	0.000000
103.000000	-112.421393	-166.909865	-166.840677	134.052974	0.000000	0.000000	0.000000	0.000000	0.000000	0.000000	0.000000	0.000000	1652280935.541920	0.000000
104.000000	-73.896683	-138.628742	-143.185810	145.414790	0.000000	0.000000	0.000000	0.000000	0.000000	0.000000	0.000000	0.000000	1652280935.542759	0.000000
104.000000	-25.233105	-107.688549	-108.868488	160.580084	0.000000	0.000000	0.000000	0.000000	0.000000	0.000000	0.000000	0.000000	1652280935.542759	0.000000
105.000000	-74.700762	-138.737199	-129.707210	143.159630	0.000000	0.000000	0.000000	0.000000	0.000000	0.000000	0.000000	0.000000	1652280935.556112	0.000000
105.000000	-105.300623	-169.550234	-168.026225	134.849573	0.000000	0.000000	0.000000	0.000000	0.000000	0.000000	0.000000	0.000000	1652280935.556112	0.000000
