136.000000	77.939515	-7.189958	4.480400	88.665548	0.000000	0.000000	0.000000	0.000000	0.000000	0.000000	0.000000	0.000000	1652876492.288929	0.000000
137.000000	42.159892	-35.089611	-47.582747	13.538438	0.000000	0.000000	0.000000	0.000000	0.000000	0.000000	0.000000	0.000000	1652876492.289680	0.000000
137.000000	73.833105	-10.312774	-31.553536	29.896760	0.000000	0.000000	0.000000	0.000000	0.000000	0.000000	0.000000	0.000000	1652876492.289680	0.000000
138.000000	112.810342	25.594005	17.562570	103.890681	0.000000	0.000000	0.000000	0.000000	0.000000	0.000000	0.000000	0.000000	1652876492.301857	0.000000
138.000000	81.013713	-6.819708	1.432382	83.859777	0.000000	0.000000	0.000000	0.000000	0.000000	0.000000	0.000000	0.000000	1652876492.301857	0.000000
139.000000	51.255329	-29.262847	-46.909565	13.385102	0.000000	0.000000	0.000000	0.000000	0.000000	0.000000	0.000000	0.000000	1652876492.317908	0.000000
139.000000	84.091651	-1.890519	-27.985671	31.471258	0.000000	0.000000	0.000000	0.000000	0.000000	0.000000	0.000000	0.000000	1652876492.317908	0.000000
140.000000	116.707318	22.766641	30.109935	108.464579	0.000000	0.000000	0.000000	0.000000	0.000000	0.000000	0.000000	0.000000	1652876492.333179	0.000000
140.000000	82.165602	-7.414352	4.674875	87.094790	0.000000	0.000000	0.000000	0.000000	0.000000	0.000000	0.000000	0.000000	1652876492.333179	0.000000
141.000000	46.831027	-34.700662	-47.657545	11.732066	0.000000	0.000000	0.000000	0.000000	0.000000	0.000000	0.000000	0.000000	1652876492.333918	0.000000
141.000000	77.737560	-2.275729	-23.916660	33.490804	0.000000	0.000000	0.000000	0.000000	0.000000	0.000000	0.000000	0.000000	1652876492.333918	0.000000
142.000000	111.089988	24.442116	27.540623	109.048003	0.000000	0.000000	0.000000	0.000000	0.000000	0.000000	0.000000	0.000000	1652876492.334666	0.000000
142.000000	80.104917	-6.823447	6.395229	87.981146	0.000000	0.000000	0.000000	0.000000	0.000000	0.000000	0.000000	0.000000	1652876492.334666	0.000000
143.000000	39.317568	-41.679315	-54.737176	8.972020	0.000000	0.000000	0.000000	0.000000	0.000000	0.000000	0.000000	0.000000	1652876492.363633	0.000000
143.000000	68.817899	-11.932151	-33.442185	33.303809	0.000000	0.000000	0.000000	0.000000	0.000000	0.000000	0.000000	0.000000	1652876492.363633	0.000000
144.000000	103.004325	16.936137	21.399708	105.338022	0.000000	0.000000	0.000000	0.000000	0.000000	0.000000	0.000000	0.000000	1652876492.364447	0.000000
144.000000	70.100685	-13.514128	-1.911089	76.619330	0.000000	0.000000	0.000000	0.000000	0.000000	0.000000	0.000000	0.000000	1652876492.364447	0.000000
145.000000	31.834028	-41.866310	-62.153397	2.083124	0.000000	0.000000	0.000000	0.000000	0.000000	0.000000	0.000000	0.000000	1652876492.377503	0.000000
145.000000	66.248588	-16.902478	-34.220085	23.598769	0.000000	0.000000	0.000000	0.000000	0.000000	0.000000	0.000000	0.000000	1652876492.377503	0.000000
146.000000	104.189873	15.380339	25.311643	100.266718	0.000000	0.000000	0.000000	0.000000	0.000000	0.000000	0.000000	0.000000	1652876492.378225	0.000000
146.000000	75.310365	-8.809334	1.275306	81.469981	0.000000	0.000000	0.000000	0.000000	0.000000	0.000000	0.000000	0.000000	1652876492.378225	0.000000
147.000000	43.203324	-37.296152	-53.192597	9.566664	0.000000	0.000000	0.000000	0.000000	0.000000	0.000000	0.000000	0.000000	1652876492.408234	0.000000
147.000000	81.024933	-6.801008	-27.929573	33.887233	0.000000	0.000000	0.000000	0.000000	0.000000	0.000000	0.000000	0.000000	1652876492.408234	0.000000
148.000000	115.697545	17.216629	25.345302	106.190719	0.000000	0.000000	0.000000	0.000000	0.000000	0.000000	0.000000	0.000000	1652876492.408960	0.000000
148.000000	76.828765	-9.676991	3.369650	86.885356	0.000000	0.000000	0.000000	0.000000	0.000000	0.000000	0.000000	0.000000	1652876492.408960	0.000000
149.000000	46.008249	-34.072359	-46.303701	15.494406	0.000000	0.000000	0.000000	0.000000	0.000000	0.000000	0.000000	0.000000	1652876492.409657	0.000000
149.000000	74.992474	-11.344987	-28.340962	33.509504	0.000000	0.000000	0.000000	0.000000	0.000000	0.000000	0.000000	0.000000	1652876492.409657	0.000000
150.000000	117.803109	25.298553	30.771897	110.338268	0.000000	0.000000	0.000000	0.000000	0.000000	0.000000	0.000000	0.000000	1652876492.438233	0.000000
150.000000	85.183701	-2.073775	8.246479	90.397122	0.000000	0.000000	0.000000	0.000000	0.000000	0.000000	0.000000	0.000000	1652876492.438233	0.000000
151.000000	54.426764	-23.828773	-39.411066	24.062516	0.000000	0.000000	0.000000	0.000000	0.000000	0.000000	0.000000	0.000000	1652876492.438962	0.000000
151.000000	80.845417	-3.734290	-24.806756	40.570435	0.000000	0.000000	0.000000	0.000000	0.000000	0.000000	0.000000	0.000000	1652876492.438962	0.000000
152.000000	117.526356	25.788480	31.598415	115.087941	0.000000	0.000000	0.000000	0.000000	0.000000	0.000000	0.000000	0.000000	1652876492.439746	0.000000
152.000000	83.728880	-2.574921	9.820977	92.252112	0.000000	0.000000	0.000000	0.000000	0.000000	0.000000	0.000000	0.000000	1652876492.439746	0.000000
153.000000	46.430858	-30.654090	-45.166772	15.838476	0.000000	0.000000	0.000000	0.000000	0.000000	0.000000	0.000000	0.000000	1652876492.468214	0.000000
153.000000	77.647803	-1.194898	-23.135021	33.584302	0.000000	0.000000	0.000000	0.000000	0.000000	0.000000	0.000000	0.000000	1652876492.468214	0.000000
154.000000	106.231858	17.837453	23.146241	105.902747	0.000000	0.000000	0.000000	0.000000	0.000000	0.000000	0.000000	0.000000	1652876492.483938	0.000000
154.000000	75.089711	-10.095860	2.468334	89.963293	0.000000	0.000000	0.000000	0.000000	0.000000	0.000000	0.000000	0.000000	1652876492.483938	0.000000
155.000000	36.621100	-40.912636	-54.045294	11.186041	0.000000	0.000000	0.000000	0.000000	0.000000	0.000000	0.000000	0.000000	1652876492.484669	0.000000
155.000000	65.145317	-15.230743	-36.415406	23.793244	0.000000	0.000000	0.000000	0.000000	0.000000	0.000000	0.000000	0.000000	1652876492.484669	0.000000
156.000000	99.485079	2.956391	12.046218	95.214113	0.000000	0.000000	0.000000	0.000000	0.000000	0.000000	0.000000	0.000000	1652876492.485396	0.000000
156.000000	70.104425	-16.491089	0.983594	81.713074	0.000000	0.000000	0.000000	0.000000	0.000000	0.000000	0.000000	0.000000	1652876492.485396	0.000000
157.000000	34.848388	-41.496060	-52.755029	8.508272	0.000000	0.000000	0.000000	0.000000	0.000000	0.000000	0.000000	0.000000	1652876492.486138	0.000000
157.000000	76.570712	-5.619200	-25.734252	36.389227	0.000000	0.000000	0.000000	0.000000	0.000000	0.000000	0.000000	0.000000	1652876492.486138	0.000000
158.000000	119.740377	29.027234	35.155060	113.165633	0.000000	0.000000	0.000000	0.000000	0.000000	0.000000	0.000000	0.000000	1652876492.496837	0.000000
158.000000	97.749765	5.503263	16.414421	98.359369	0.000000	0.000000	0.000000	0.000000	0.000000	0.000000	0.000000	0.000000	1652876492.496837	0.000000
159.000000	66.203709	-13.630065	-31.542316	26.205479	0.000000	0.000000	0.000000	0.000000	0.000000	0.000000	0.000000	0.000000	1652876492.511901	0.000000
159.000000	97.473013	10.798961	-14.376175	47.104040	0.000000	0.000000	0.000000	0.000000	0.000000	0.000000	0.000000	0.000000	1652876492.511901	0.000000
160.000000	127.564248	36.252720	37.324202	120.151766	0.000000	0.000000	0.000000	0.000000	0.000000	0.000000	0.000000	0.000000	1652876492.543917	0.000000
160.000000	96.702593	4.904879	17.356876	96.422101	0.000000	0.000000	0.000000	0.000000	0.000000	0.000000	0.000000	0.000000	1652876492.543917	0.000000
161.000000	56.098499	-19.580246	-38.188118	23.041524	0.000000	0.000000	0.000000	0.000000	0.000000	0.000000	0.000000	0.000000	1652876492.544636	0.000000
161.000000	81.417622	3.644533	-19.178207	37.645833	0.000000	0.000000	0.000000	0.000000	0.000000	0.000000	0.000000	0.000000	1652876492.544636	0.000000
162.000000	120.772589	33.272020	32.843801	114.811189	0.000000	0.000000	0.000000	0.000000	0.000000	0.000000	0.000000	0.000000	1652876492.545371	0.000000
162.000000	86.904055	2.417845	12.135975	92.753259	0.000000	0.000000	0.000000	0.000000	0.000000	0.000000	0.000000	0.000000	1652876492.545371	0.000000
163.000000	51.894852	-24.677730	-41.273536	17.068903	0.000000	0.000000	0.000000	0.000000	0.000000	0.000000	0.000000	0.000000	1652876492.546155	0.000000
163.000000	79.611250	1.265956	-24.971312	30.869134	0.000000	0.000000	0.000000	0.000000	0.000000	0.000000	0.000000	0.000000	1652876492.546155	0.000000
164.000000	116.707318	24.917083	22.188826	104.159954	0.000000	0.000000	0.000000	0.000000	0.000000	0.000000	0.000000	0.000000	1652876492.573387	0.000000
164.000000	81.155829	1.228557	-0.841477	77.539346	0.000000	0.000000	0.000000	0.000000	0.000000	0.000000	0.000000	0.000000	1652876492.573387	0.000000
165.000000	40.974344	-37.172736	-60.014175	-2.337437	0.000000	0.000000	0.000000	0.000000	0.000000	0.000000	0.000000	0.000000	1652876492.573973	0.000000
165.000000	70.276460	-17.785094	-35.764663	17.375575	0.000000	0.000000	0.000000	0.000000	0.000000	0.000000	0.000000	0.000000	1652876492.573973	0.000000
166.000000	105.453959	16.031081	17.480292	91.298438	0.000000	0.000000	0.000000	0.000000	0.000000	0.000000	0.000000	0.000000	1652876492.574749	0.000000
166.000000	66.996568	-20.919130	-6.473767	68.178376	0.000000	0.000000	0.000000	0.000000	0.000000	0.000000	0.000000	0.000000	1652876492.574749	0.000000
167.000000	23.400554	-51.904202	-65.983055	-8.538192	0.000000	0.000000	0.000000	0.000000	0.000000	0.000000	0.000000	0.000000	1652876492.603300	0.000000
167.000000	60.025394	-23.151851	-38.348934	16.758492	0.000000	0.000000	0.000000	0.000000	0.000000	0.000000	0.000000	0.000000	1652876492.603300	0.000000
168.000000	93.475059	7.747203	19.017391	94.585810	0.000000	0.000000	0.000000	0.000000	0.000000	0.000000	0.000000	0.000000	1652876492.603907	0.000000
168.000000	67.007788	-14.067634	1.690435	86.477707	0.000000	0.000000	0.000000	0.000000	0.000000	0.000000	0.000000	0.000000	1652876492.603907	0.000000
169.000000	37.466318	-38.421862	-43.809188	13.852589	0.000000	0.000000	0.000000	0.000000	0.000000	0.000000	0.000000	0.000000	1652876492.604778	0.000000
169.000000	74.869057	-3.337861	-20.928480	39.665379	0.000000	0.000000	0.000000	0.000000	0.000000	0.000000	0.000000	0.000000	1652876492.604778	0.000000
170.000000	115.963078	33.597391	35.585148	119.732897	0.000000	0.000000	0.000000	0.000000	0.000000	0.000000	0.000000	0.000000	1652876492.616905	0.000000
170.000000	93.411481	12.242563	19.671874	103.075383	0.000000	0.000000	0.000000	0.000000	0.000000	0.000000	0.000000	0.000000	1652876492.616905	0.000000
171.000000	56.595906	-18.828526	-34.384640	23.737145	0.000000	0.000000	0.000000	0.000000	0.000000	0.000000	0.000000	0.000000	1652876492.631887	0.000000
171.000000	88.519692	7.926718	-11.560031	44.654405	0.000000	0.000000	0.000000	0.000000	0.000000	0.000000	0.000000	0.000000	1652876492.631887	0.000000
172.000000	125.215590	31.338492	37.148426	114.508257	0.000000	0.000000	0.000000	0.000000	0.000000	0.000000	0.000000	0.000000	1652876492.647626	0.000000
172.000000	93.202047	6.412058	21.164094	95.610542	0.000000	0.000000	0.000000	0.000000	0.000000	0.000000	0.000000	0.000000	1652876492.647626	0.000000
173.000000	60.017914	-18.424617	-38.853821	16.971666	0.000000	0.000000	0.000000	0.000000	0.000000	0.000000	0.000000	0.000000	1652876492.648311	0.000000
173.000000	87.311704	4.459831	-25.210666	27.903394	0.000000	0.000000	0.000000	0.000000	0.000000	0.000000	0.000000	0.000000	1652876492.648311	0.000000
174.000000	127.500669	31.259954	32.185579	100.797784	0.000000	0.000000	0.000000	0.000000	0.000000	0.000000	0.000000	0.000000	1652876492.678267	0.000000
174.000000	92.072597	2.077514	3.246233	76.368757	0.000000	0.000000	0.000000	0.000000	0.000000	0.000000	0.000000	0.000000	1652876492.678267	0.000000
175.000000	54.527741	-28.585925	-50.021162	0.665702	0.000000	0.000000	0.000000	0.000000	0.000000	0.000000	0.000000	0.000000	1652876492.679030	0.000000
175.000000	81.223147	-8.341847	-32.843801	13.433721	0.000000	0.000000	0.000000	0.000000	0.000000	0.000000	0.000000	0.000000	1652876492.679030	0.000000
176.000000	106.029904	13.869419	14.795044	87.666995	0.000000	0.000000	0.000000	0.000000	0.000000	0.000000	0.000000	0.000000	1652876492.679773	0.000000
176.000000	72.871951	-15.470096	-8.253959	63.843832	0.000000	0.000000	0.000000	0.000000	0.000000	0.000000	0.000000	0.000000	1652876492.679773	0.000000
177.000000	25.165787	-54.619369	-69.176929	-19.267965	0.000000	0.000000	0.000000	0.000000	0.000000	0.000000	0.000000	0.000000	1652876492.691917	0.000000
177.000000	51.887372	-26.873051	-50.537268	2.109304	0.000000	0.000000	0.000000	0.000000	0.000000	0.000000	0.000000	0.000000	1652876492.691917	0.000000
178.000000	90.759892	0.316022	3.605264	78.006833	0.000000	0.000000	0.000000	0.000000	0.000000	0.000000	0.000000	0.000000	1652876492.708042	0.000000
178.000000	73.496514	-13.674944	-4.521539	68.137237	0.000000	0.000000	0.000000	0.000000	0.000000	0.000000	0.000000	0.000000	1652876492.708042	0.000000
179.000000	47.530389	-34.192035	-47.631366	1.810112	0.000000	0.000000	0.000000	0.000000	0.000000	0.000000	0.000000	0.000000	1652876492.738998	0.000000
179.000000	87.996106	1.860600	-21.351089	33.397307	0.000000	0.000000	0.000000	0.000000	0.000000	0.000000	0.000000	0.000000	1652876492.738998	0.000000
180.000000	125.028595	32.026633	33.917153	104.601262	0.000000	0.000000	0.000000	0.000000	0.000000	0.000000	0.000000	0.000000	1652876492.739631	0.000000
180.000000	100.562170	6.838407	21.085556	96.844709	0.000000	0.000000	0.000000	0.000000	0.000000	0.000000	0.000000	0.000000	1652876492.739631	0.000000
181.000000	57.848773	-21.424017	-34.272443	20.771404	0.000000	0.000000	0.000000	0.000000	0.000000	0.000000	0.000000	0.000000	1652876492.740488	0.000000
181.000000	85.004186	1.191158	-19.241785	33.042016	0.000000	0.000000	0.000000	0.000000	0.000000	0.000000	0.000000	0.000000	1652876492.740488	0.000000
182.000000	121.711304	31.555406	31.370281	106.415113	0.000000	0.000000	0.000000	0.000000	0.000000	0.000000	0.000000	0.000000	1652876492.741262	0.000000
182.000000	94.985979	8.768195	13.762832	86.776899	0.000000	0.000000	0.000000	0.000000	0.000000	0.000000	0.000000	0.000000	1652876492.741262	0.000000
183.000000	65.478168	-15.956283	-39.713998	14.305117	0.000000	0.000000	0.000000	0.000000	0.000000	0.000000	0.000000	0.000000	1652876492.751913	0.000000
183.000000	95.576883	7.347033	-21.844756	23.538930	0.000000	0.000000	0.000000	0.000000	0.000000	0.000000	0.000000	0.000000	1652876492.751913	0.000000
184.000000	125.705517	29.027234	25.120908	92.805617	0.000000	0.000000	0.000000	0.000000	0.000000	0.000000	0.000000	0.000000	1652876492.784023	0.000000
184.000000	88.332697	-3.801608	1.267826	71.951935	0.000000	0.000000	0.000000	0.000000	0.000000	0.000000	0.000000	0.000000	1652876492.784023	0.000000
185.000000	54.811974	-29.625617	-56.139638	-3.717461	0.000000	0.000000	0.000000	0.000000	0.000000	0.000000	0.000000	0.000000	1652876492.784679	0.000000
185.000000	81.656976	-9.130966	-38.337714	5.512613	0.000000	0.000000	0.000000	0.000000	0.000000	0.000000	0.000000	0.000000	1652876492.784679	0.000000
186.000000	119.545902	16.367672	15.127895	83.272612	0.000000	0.000000	0.000000	0.000000	0.000000	0.000000	0.000000	0.000000	1652876492.785517	0.000000
186.000000	81.260546	-11.748896	-6.372790	60.851912	0.000000	0.000000	0.000000	0.000000	0.000000	0.000000	0.000000	0.000000	1652876492.785517	0.000000
187.000000	40.334821	-40.684502	-64.038307	-14.076983	0.000000	0.000000	0.000000	0.000000	0.000000	0.000000	0.000000	0.000000	1652876492.786158	0.000000
187.000000	65.941916	-16.894998	-42.040215	11.818084	0.000000	0.000000	0.000000	0.000000	0.000000	0.000000	0.000000	0.000000	1652876492.786158	0.000000
188.000000	98.138715	11.965810	12.483786	87.263086	0.000000	0.000000	0.000000	0.000000	0.000000	0.000000	0.000000	0.000000	1652876492.813228	0.000000
188.000000	68.960015	-14.927811	-6.907595	72.980408	0.000000	0.000000	0.000000	0.000000	0.000000	0.000000	0.000000	0.000000	1652876492.813228	0.000000
189.000000	35.921739	-41.712974	-57.901131	-2.285079	0.000000	0.000000	0.000000	0.000000	0.000000	0.000000	0.000000	0.000000	1652876492.813937	0.000000
189.000000	73.395537	-7.612566	-32.080862	13.665594	0.000000	0.000000	0.000000	0.000000	0.000000	0.000000	0.000000	0.000000	1652876492.813937	0.000000
190.000000	108.647834	18.686410	22.768511	92.719600	0.000000	0.000000	0.000000	0.000000	0.000000	0.000000	0.000000	0.000000	1652876492.814668	0.000000
190.000000	83.463347	-6.576614	4.315845	77.498207	0.000000	0.000000	0.000000	0.000000	0.000000	0.000000	0.000000	0.000000	1652876492.814668	0.000000
191.000000	40.555475	-37.602824	-54.587580	-7.562078	0.000000	0.000000	0.000000	0.000000	0.000000	0.000000	0.000000	0.000000	1652876492.843330	0.000000
191.000000	73.679769	-9.187064	-34.616514	16.470519	0.000000	0.000000	0.000000	0.000000	0.000000	0.000000	0.000000	0.000000	1652876492.843330	0.000000
192.000000	112.062362	17.624279	22.050450	88.744086	0.000000	0.000000	0.000000	0.000000	0.000000	0.000000	0.000000	0.000000	1652876492.844043	0.000000
192.000000	83.111797	-8.962670	3.702501	76.275260	0.000000	0.000000	0.000000	0.000000	0.000000	0.000000	0.000000	0.000000	1652876492.844043	0.000000
193.000000	52.556814	-31.746141	-47.810881	5.295698	0.000000	0.000000	0.000000	0.000000	0.000000	0.000000	0.000000	0.000000	1652876492.844805	0.000000
193.000000	90.195167	-0.809688	-20.565710	25.233105	0.000000	0.000000	0.000000	0.000000	0.000000	0.000000	0.000000	0.000000	1652876492.844805	0.000000
194.000000	128.222470	27.030127	31.026210	101.957153	0.000000	0.000000	0.000000	0.000000	0.000000	0.000000	0.000000	0.000000	1652876492.888897	0.000000
194.000000	99.675814	5.892212	12.135975	89.507026	0.000000	0.000000	0.000000	0.000000	0.000000	0.000000	0.000000	0.000000	1652876492.888897	0.000000
195.000000	60.227349	-25.074159	-43.539915	9.357230	0.000000	0.000000	0.000000	0.000000	0.000000	0.000000	0.000000	0.000000	1652876492.889618	0.000000
195.000000	88.055944	3.053628	-23.004125	26.777684	0.000000	0.000000	0.000000	0.000000	0.000000	0.000000	0.000000	0.000000	1652876492.889618	0.000000
196.000000	118.566048	24.135444	24.436506	93.774251	0.000000	0.000000	0.000000	0.000000	0.000000	0.000000	0.000000	0.000000	1652876492.890424	0.000000
196.000000	89.020839	-2.227110	4.865610	72.527880	0.000000	0.000000	0.000000	0.000000	0.000000	0.000000	0.000000	0.000000	1652876492.890424	0.000000
197.000000	51.670458	-31.794759	-51.868672	3.358430	0.000000	0.000000	0.000000	0.000000	0.000000	0.000000	0.000000	0.000000	1652876492.891073	0.000000
197.000000	79.450435	-10.204317	-39.328788	12.244432	0.000000	0.000000	0.000000	0.000000	0.000000	0.000000	0.000000	0.000000	1652876492.891073	0.000000
198.000000	114.785009	17.332566	16.986626	92.626102	0.000000	0.000000	0.000000	0.000000	0.000000	0.000000	0.000000	0.000000	1652876492.901847	0.000000
198.000000	82.569511	-5.091874	-0.998553	74.857838	0.000000	0.000000	0.000000	0.000000	0.000000	0.000000	0.000000	0.000000	1652876492.901847	0.000000
199.000000	44.317814	-36.080685	-55.709550	2.730127	0.000000	0.000000	0.000000	0.000000	0.000000	0.000000	0.000000	0.000000	1652876492.934335	0.000000
199.000000	75.718015	-4.530889	-33.374867	28.355921	0.000000	0.000000	0.000000	0.000000	0.000000	0.000000	0.000000	0.000000	1652876492.934335	0.000000
200.000000	114.040769	23.428603	25.554736	101.119415	0.000000	0.000000	0.000000	0.000000	0.000000	0.000000	0.000000	0.000000	1652876492.934617	0.000000
200.000000	89.334990	0.794729	11.066364	85.718507	0.000000	0.000000	0.000000	0.000000	0.000000	0.000000	0.000000	0.000000	1652876492.934617	0.000000
0.000000	49.503186	-29.390004	-43.741870	9.368449	0.000000	0.000000	0.000000	0.000000	0.000000	0.000000	0.000000	0.000000	1652876492.935443	0.000000
101.000000	80.402239	-3.120947	-24.993751	29.477891	0.000000	0.000000	0.000000	0.000000	0.000000	0.000000	0.000000	0.000000	1652876492.936148	0.000000
101.000000	112.797253	20.253428	28.767310	102.536837	0.000000	0.000000	0.000000	0.000000	0.000000	0.000000	0.000000	0.000000	1652876492.936148	0.000000
102.000000	86.105587	-4.280315	8.283878	80.744440	0.000000	0.000000	0.000000	0.000000	0.000000	0.000000	0.000000	0.000000	1652876492.946828	0.000000
102.000000	53.587157	-23.192990	-43.330481	13.041031	0.000000	0.000000	0.000000	0.000000	0.000000	0.000000	0.000000	0.000000	1652876492.946828	0.000000
103.000000	80.233944	-2.683378	-28.423240	26.994598	0.000000	0.000000	0.000000	0.000000	0.000000	0.000000	0.000000	0.000000	1652876492.962573	0.000000
103.000000	117.965794	25.990435	28.561616	96.852189	0.000000	0.000000	0.000000	0.000000	0.000000	0.000000	0.000000	0.000000	1652876492.962573	0.000000
104.000000	87.481870	-4.811381	5.108703	78.347164	0.000000	0.000000	0.000000	0.000000	0.000000	0.000000	0.000000	0.000000	1652876492.963220	0.000000
104.000000	49.693921	-35.239207	-48.558861	4.072751	0.000000	0.000000	0.000000	0.000000	0.000000	0.000000	0.000000	0.000000	1652876492.963220	0.000000
105.000000	77.193405	-16.797761	-38.319015	16.175067	0.000000	0.000000	0.000000	0.000000	0.000000	0.000000	0.000000	0.000000	1652876492.993287	0.000000
105.000000	113.582632	12.294921	17.547611	94.522231	0.000000	0.000000	0.000000	0.000000	0.000000	0.000000	0.000000	0.000000	1652876492.993287	0.000000
106.000000	80.024509	-19.658784	-7.879969	68.900177	0.000000	0.000000	0.000000	0.000000	0.000000	0.000000	0.000000	0.000000	1652876492.993989	0.000000
106.000000	40.145956	-47.188188	-65.956876	-4.480400	0.000000	0.000000	0.000000	0.000000	0.000000	0.000000	0.000000	0.000000	1652876492.993989	0.000000
107.000000	71.026310	-19.883178	-41.688665	10.920508	0.000000	0.000000	0.000000	0.000000	0.000000	0.000000	0.000000	0.000000	1652876492.994751	0.000000
107.000000	107.213582	13.035421	12.581023	85.064024	0.000000	0.000000	0.000000	0.000000	0.000000	0.000000	0.000000	0.000000	1652876492.994751	0.000000
108.000000	80.005810	-11.307588	-4.203648	69.644417	0.000000	0.000000	0.000000	0.000000	0.000000	0.000000	0.000000	0.000000	1652876493.006943	0.000000
108.000000	39.734567	-42.449734	-59.146518	-4.749673	0.000000	0.000000	0.000000	0.000000	0.000000	0.000000	0.000000	0.000000	1652876493.006943	0.000000
109.000000	67.585602	-13.559007	-36.838015	15.131635	0.000000	0.000000	0.000000	0.000000	0.000000	0.000000	0.000000	0.000000	1652876493.022587	0.000000
109.000000	105.927056	15.896445	20.214159	95.378669	0.000000	0.000000	0.000000	0.000000	0.000000	0.000000	0.000000	0.000000	1652876493.022587	0.000000
110.000000	77.178445	-5.880993	2.449634	82.707888	0.000000	0.000000	0.000000	0.000000	0.000000	0.000000	0.000000	0.000000	1652876493.023336	0.000000
110.000000	37.973074	-36.540693	-47.444371	10.086510	0.000000	0.000000	0.000000	0.000000	0.000000	0.000000	0.000000	0.000000	1652876493.023336	0.000000
111.000000	71.856568	-5.619200	-26.942239	31.452559	0.000000	0.000000	0.000000	0.000000	0.000000	0.000000	0.000000	0.000000	1652876493.036948	0.000000
111.000000	109.229388	22.112158	27.989411	101.916014	0.000000	0.000000	0.000000	0.000000	0.000000	0.000000	0.000000	0.000000	1652876493.036948	0.000000
112.000000	85.267849	-2.103694	12.816637	91.320877	0.000000	0.000000	0.000000	0.000000	0.000000	0.000000	0.000000	0.000000	1652876493.052535	0.000000
112.000000	53.441300	-24.688950	-38.943578	18.968773	0.000000	0.000000	0.000000	0.000000	0.000000	0.000000	0.000000	0.000000	1652876493.052535	0.000000
113.000000	88.966610	1.505310	-20.715306	34.493097	0.000000	0.000000	0.000000	0.000000	0.000000	0.000000	0.000000	0.000000	1652876493.053322	0.000000
113.000000	123.762639	31.697522	31.647033	105.289403	0.000000	0.000000	0.000000	0.000000	0.000000	0.000000	0.000000	0.000000	1652876493.053322	0.000000
114.000000	87.968057	-1.950358	6.125956	83.508226	0.000000	0.000000	0.000000	0.000000	0.000000	0.000000	0.000000	0.000000	1652876493.066952	0.000000
114.000000	55.883455	-29.498461	-49.224563	8.261439	0.000000	0.000000	0.000000	0.000000	0.000000	0.000000	0.000000	0.000000	1652876493.066952	0.000000
115.000000	82.545202	-7.526549	-33.255190	22.633875	0.000000	0.000000	0.000000	0.000000	0.000000	0.000000	0.000000	0.000000	1652876493.099005	0.000000
115.000000	118.149049	15.088626	18.912674	93.534898	0.000000	0.000000	0.000000	0.000000	0.000000	0.000000	0.000000	0.000000	1652876493.099005	0.000000
116.000000	83.693351	-10.525948	0.385210	79.476614	0.000000	0.000000	0.000000	0.000000	0.000000	0.000000	0.000000	0.000000	1652876493.099658	0.000000
116.000000	46.447687	-39.005287	-55.257022	6.492466	0.000000	0.000000	0.000000	0.000000	0.000000	0.000000	0.000000	0.000000	1652876493.099658	0.000000
117.000000	70.712158	-18.585433	-40.162786	15.917014	0.000000	0.000000	0.000000	0.000000	0.000000	0.000000	0.000000	0.000000	1652876493.100482	0.000000
117.000000	111.656583	14.344386	17.353136	93.310504	0.000000	0.000000	0.000000	0.000000	0.000000	0.000000	0.000000	0.000000	1652876493.100482	0.000000
118.000000	80.043209	-10.683024	0.418869	82.389996	0.000000	0.000000	0.000000	0.000000	0.000000	0.000000	0.000000	0.000000	1652876493.101186	0.000000
118.000000	42.853644	-41.159469	-51.060854	7.782732	0.000000	0.000000	0.000000	0.000000	0.000000	0.000000	0.000000	0.000000	1652876493.101186	0.000000
119.000000	69.537830	-11.292628	-33.748857	21.373528	0.000000	0.000000	0.000000	0.000000	0.000000	0.000000	0.000000	0.000000	1652876493.128325	0.000000
119.000000	111.836098	22.014921	24.608542	103.408234	0.000000	0.000000	0.000000	0.000000	0.000000	0.000000	0.000000	0.000000	1652876493.128325	0.000000
120.000000	84.721824	-4.609427	4.603817	89.952074	0.000000	0.000000	0.000000	0.000000	0.000000	0.000000	0.000000	0.000000	1652876493.128895	0.000000
120.000000	47.090950	-33.986341	-41.539069	25.079769	0.000000	0.000000	0.000000	0.000000	0.000000	0.000000	0.000000	0.000000	1652876493.128895	0.000000
121.000000	73.984571	-8.311928	-23.883001	33.715198	0.000000	0.000000	0.000000	0.000000	0.000000	0.000000	0.000000	0.000000	1652876493.129762	0.000000
121.000000	112.139030	23.279007	31.119708	110.596321	0.000000	0.000000	0.000000	0.000000	0.000000	0.000000	0.000000	0.000000	1652876493.129762	0.000000
122.000000	87.003163	5.970750	18.553644	99.918907	0.000000	0.000000	0.000000	0.000000	0.000000	0.000000	0.000000	0.000000	1652876493.173955	0.000000
122.000000	48.721547	-29.580739	-35.974098	20.098222	0.000000	0.000000	0.000000	0.000000	0.000000	0.000000	0.000000	0.000000	1652876493.173955	0.000000
123.000000	79.990850	1.172459	-20.692866	38.427472	0.000000	0.000000	0.000000	0.000000	0.000000	0.000000	0.000000	0.000000	1652876493.174693	0.000000
123.000000	115.972428	30.971981	34.676352	111.527557	0.000000	0.000000	0.000000	0.000000	0.000000	0.000000	0.000000	0.000000	1652876493.174693	0.000000
124.000000	91.850073	2.832974	13.886249	90.400862	0.000000	0.000000	0.000000	0.000000	0.000000	0.000000	0.000000	0.000000	1652876493.175415	0.000000
124.000000	56.455660	-28.170796	-37.346641	18.108596	0.000000	0.000000	0.000000	0.000000	0.000000	0.000000	0.000000	0.000000	1652876493.175415	0.000000
125.000000	85.682978	-6.217584	-25.150827	30.465225	0.000000	0.000000	0.000000	0.000000	0.000000	0.000000	0.000000	0.000000	1652876493.176166	0.000000
125.000000	119.671189	19.419431	24.357968	99.339223	0.000000	0.000000	0.000000	0.000000	0.000000	0.000000	0.000000	0.000000	1652876493.176166	0.000000
126.000000	88.517822	-4.575768	6.511166	81.776652	0.000000	0.000000	0.000000	0.000000	0.000000	0.000000	0.000000	0.000000	1652876493.186856	0.000000
126.000000	54.727826	-32.924209	-50.724263	10.135129	0.000000	0.000000	0.000000	0.000000	0.000000	0.000000	0.000000	0.000000	1652876493.186856	0.000000
127.000000	72.526010	-13.162578	-35.162539	25.221885	0.000000	0.000000	0.000000	0.000000	0.000000	0.000000	0.000000	0.000000	1652876493.202520	0.000000
127.000000	100.893151	7.208657	14.110643	93.336683	0.000000	0.000000	0.000000	0.000000	0.000000	0.000000	0.000000	0.000000	1652876493.202520	0.000000
128.000000	73.057076	-11.195391	-0.426349	80.879076	0.000000	0.000000	0.000000	0.000000	0.000000	0.000000	0.000000	0.000000	1652876493.203225	0.000000
128.000000	32.183709	-40.213274	-53.368372	6.511166	0.000000	0.000000	0.000000	0.000000	0.000000	0.000000	0.000000	0.000000	1652876493.203225	0.000000
129.000000	61.564363	-19.325933	-35.222378	26.916060	0.000000	0.000000	0.000000	0.000000	0.000000	0.000000	0.000000	0.000000	1652876493.216859	0.000000
129.000000	96.768041	9.246903	15.008219	98.288311	0.000000	0.000000	0.000000	0.000000	0.000000	0.000000	0.000000	0.000000	1652876493.216859	0.000000
130.000000	72.664386	-11.760115	6.574744	90.217607	0.000000	0.000000	0.000000	0.000000	0.000000	0.000000	0.000000	0.000000	1652876493.232630	0.000000
130.000000	40.288072	-36.174182	-42.889173	15.890835	0.000000	0.000000	0.000000	0.000000	0.000000	0.000000	0.000000	0.000000	1652876493.232630	0.000000
131.000000	73.143093	-8.199731	-24.956352	38.674305	0.000000	0.000000	0.000000	0.000000	0.000000	0.000000	0.000000	0.000000	1652876493.233233	0.000000
131.000000	109.824032	25.059200	30.210912	114.571835	0.000000	0.000000	0.000000	0.000000	0.000000	0.000000	0.000000	0.000000	1652876493.233233	0.000000
132.000000	79.852474	0.682532	15.217653	94.458653	0.000000	0.000000	0.000000	0.000000	0.000000	0.000000	0.000000	0.000000	1652876493.246854	0.000000
132.000000	46.410289	-29.053413	-35.394413	28.920646	0.000000	0.000000	0.000000	0.000000	0.000000	0.000000	0.000000	0.000000	1652876493.246854	0.000000
133.000000	77.133567	0.218784	-19.477399	44.044802	0.000000	0.000000	0.000000	0.000000	0.000000	0.000000	0.000000	0.000000	1652876493.262497	0.000000
133.000000	117.681562	28.073559	33.778776	111.613574	0.000000	0.000000	0.000000	0.000000	0.000000	0.000000	0.000000	0.000000	1652876493.262497	0.000000
134.000000	99.053120	15.567334	26.497191	104.646141	0.000000	0.000000	0.000000	0.000000	0.000000	0.000000	0.000000	0.000000	1652876493.263254	0.000000
134.000000	67.129334	-10.402532	-28.243724	31.123447	0.000000	0.000000	0.000000	0.000000	0.000000	0.000000	0.000000	0.000000	1652876493.263254	0.000000
135.000000	96.027541	12.354760	-16.305964	44.052282	0.000000	0.000000	0.000000	0.000000	0.000000	0.000000	0.000000	0.000000	1652876493.276864	0.000000
135.000000	134.649488	38.399423	37.481277	115.570388	0.000000	0.000000	0.000000	0.000000	0.000000	0.000000	0.000000	0.000000	1652876493.276864	0.000000
