109.000000	-978.900114	-250.167518	-166.459207	-160.750250	0.000000	0.000000	0.000000	0.000000	0.000000	0.000000	0.000000	0.000000	1651932620.684179	0.000000
109.000000	-1246.725569	-364.541138	-217.882832	-232.601208	0.000000	0.000000	0.000000	0.000000	0.000000	0.000000	0.000000	0.000000	1651932620.684179	0.000000
110.000000	-910.772226	-570.269295	-344.699099	-333.118499	0.000000	0.000000	0.000000	0.000000	0.000000	0.000000	0.000000	0.000000	1651932620.684905	0.000000
110.000000	-659.189156	-468.398160	-280.245663	-250.866879	0.000000	0.000000	0.000000	0.000000	0.000000	0.000000	0.000000	0.000000	1651932620.684905	0.000000
111.000000	-996.623500	-264.304340	-177.061824	-180.134151	0.000000	0.000000	0.000000	0.000000	0.000000	0.000000	0.000000	0.000000	1651932620.698567	0.000000
111.000000	-1261.124184	-375.132535	-235.146210	-259.853859	0.000000	0.000000	0.000000	0.000000	0.000000	0.000000	0.000000	0.000000	1651932620.698567	0.000000
112.000000	-904.586432	-559.259030	-327.895729	-318.977937	0.000000	0.000000	0.000000	0.000000	0.000000	0.000000	0.000000	0.000000	1651932620.714209	0.000000
112.000000	-646.709110	-456.957806	-273.315629	-230.420846	0.000000	0.000000	0.000000	0.000000	0.000000	0.000000	0.000000	0.000000	1651932620.714209	0.000000
113.000000	-989.278336	-255.362239	-161.496360	-148.700292	0.000000	0.000000	0.000000	0.000000	0.000000	0.000000	0.000000	0.000000	1651932620.714930	0.000000
113.000000	-1246.317920	-352.457522	-206.472397	-226.191019	0.000000	0.000000	0.000000	0.000000	0.000000	0.000000	0.000000	0.000000	1651932620.714930	0.000000
114.000000	-884.974396	-536.969226	-300.040954	-291.055844	0.000000	0.000000	0.000000	0.000000	0.000000	0.000000	0.000000	0.000000	1651932620.728518	0.000000
114.000000	-634.326301	-441.182908	-261.276891	-237.627633	0.000000	0.000000	0.000000	0.000000	0.000000	0.000000	0.000000	0.000000	1651932620.728518	0.000000
115.000000	-987.561722	-256.084040	-171.863363	-167.814921	0.000000	0.000000	0.000000	0.000000	0.000000	0.000000	0.000000	0.000000	1651932620.744202	0.000000
115.000000	-1250.237335	-365.532212	-229.345625	-246.827787	0.000000	0.000000	0.000000	0.000000	0.000000	0.000000	0.000000	0.000000	1651932620.744202	0.000000
116.000000	-895.524654	-552.123300	-326.942054	-316.707818	0.000000	0.000000	0.000000	0.000000	0.000000	0.000000	0.000000	0.000000	1651932620.744903	0.000000
116.000000	-648.025555	-457.010165	-280.002570	-247.983416	0.000000	0.000000	0.000000	0.000000	0.000000	0.000000	0.000000	0.000000	1651932620.744903	0.000000
117.000000	-985.762830	-250.934197	-155.202108	-140.595929	0.000000	0.000000	0.000000	0.000000	0.000000	0.000000	0.000000	0.000000	1651932620.758517	0.000000
117.000000	-1253.105839	-367.626556	-220.773774	-227.298030	0.000000	0.000000	0.000000	0.000000	0.000000	0.000000	0.000000	0.000000	1651932620.758517	0.000000
118.000000	-915.413442	-582.536167	-344.070796	-327.863939	0.000000	0.000000	0.000000	0.000000	0.000000	0.000000	0.000000	0.000000	1651932620.774161	0.000000
118.000000	-656.657244	-468.738491	-283.892066	-246.031189	0.000000	0.000000	0.000000	0.000000	0.000000	0.000000	0.000000	0.000000	1651932620.774161	0.000000
119.000000	-1005.965770	-272.887410	-176.699053	-165.335367	0.000000	0.000000	0.000000	0.000000	0.000000	0.000000	0.000000	0.000000	1651932620.774892	0.000000
119.000000	-1268.865777	-384.388787	-239.076845	-257.217229	0.000000	0.000000	0.000000	0.000000	0.000000	0.000000	0.000000	0.000000	1651932620.774892	0.000000
120.000000	-904.904323	-578.598052	-343.337776	-333.013782	0.000000	0.000000	0.000000	0.000000	0.000000	0.000000	0.000000	0.000000	1651932620.788517	0.000000
120.000000	-651.701877	-467.840915	-280.567295	-247.112020	0.000000	0.000000	0.000000	0.000000	0.000000	0.000000	0.000000	0.000000	1651932620.788517	0.000000
121.000000	-991.137067	-266.245348	-179.485279	-180.859692	0.000000	0.000000	0.000000	0.000000	0.000000	0.000000	0.000000	0.000000	1651932620.804196	0.000000
121.000000	-1248.266408	-366.052058	-224.098545	-241.277776	0.000000	0.000000	0.000000	0.000000	0.000000	0.000000	0.000000	0.000000	1651932620.804196	0.000000
122.000000	-887.794281	-552.467371	-322.985240	-318.020523	0.000000	0.000000	0.000000	0.000000	0.000000	0.000000	0.000000	0.000000	1651932620.804875	0.000000
122.000000	-645.250549	-455.660061	-283.637753	-251.525102	0.000000	0.000000	0.000000	0.000000	0.000000	0.000000	0.000000	0.000000	1651932620.804875	0.000000
123.000000	-978.814096	-248.043255	-171.190181	-172.070927	0.000000	0.000000	0.000000	0.000000	0.000000	0.000000	0.000000	0.000000	1651932620.818523	0.000000
123.000000	-1252.844046	-359.036006	-227.262501	-250.451750	0.000000	0.000000	0.000000	0.000000	0.000000	0.000000	0.000000	0.000000	1651932620.818523	0.000000
124.000000	-898.112665	-567.935597	-338.015898	-327.691904	0.000000	0.000000	0.000000	0.000000	0.000000	0.000000	0.000000	0.000000	1651932620.834169	0.000000
124.000000	-628.989464	-445.756806	-263.838722	-224.115375	0.000000	0.000000	0.000000	0.000000	0.000000	0.000000	0.000000	0.000000	1651932620.834169	0.000000
125.000000	-965.832903	-240.342801	-153.272320	-146.048703	0.000000	0.000000	0.000000	0.000000	0.000000	0.000000	0.000000	0.000000	1651932620.834890	0.000000
125.000000	-1213.107609	-331.809534	-192.118661	-208.112343	0.000000	0.000000	0.000000	0.000000	0.000000	0.000000	0.000000	0.000000	1651932620.834890	0.000000
126.000000	-860.309756	-525.835544	-305.086079	-291.609349	0.000000	0.000000	0.000000	0.000000	0.000000	0.000000	0.000000	0.000000	1651932620.848511	0.000000
126.000000	-611.052904	-432.768133	-262.193166	-232.036483	0.000000	0.000000	0.000000	0.000000	0.000000	0.000000	0.000000	0.000000	1651932620.848511	0.000000
127.000000	-960.159475	-238.338214	-156.144563	-152.933859	0.000000	0.000000	0.000000	0.000000	0.000000	0.000000	0.000000	0.000000	1651932620.864207	0.000000
127.000000	-1225.886847	-351.350511	-221.824686	-243.158945	0.000000	0.000000	0.000000	0.000000	0.000000	0.000000	0.000000	0.000000	1651932620.864207	0.000000
128.000000	-855.627402	-531.419214	-311.264394	-302.612135	0.000000	0.000000	0.000000	0.000000	0.000000	0.000000	0.000000	0.000000	1651932620.864898	0.000000
128.000000	-603.068218	-438.781892	-259.698653	-225.390681	0.000000	0.000000	0.000000	0.000000	0.000000	0.000000	0.000000	0.000000	1651932620.864898	0.000000
129.000000	-953.364077	-238.375613	-163.538345	-160.480977	0.000000	0.000000	0.000000	0.000000	0.000000	0.000000	0.000000	0.000000	1651932620.878531	0.000000
129.000000	-1223.358675	-363.980153	-234.847018	-256.891858	0.000000	0.000000	0.000000	0.000000	0.000000	0.000000	0.000000	0.000000	1651932620.878531	0.000000
130.000000	-878.145339	-566.271342	-345.398460	-342.894597	0.000000	0.000000	0.000000	0.000000	0.000000	0.000000	0.000000	0.000000	1651932620.894266	0.000000
130.000000	-599.743447	-431.952835	-263.004724	-234.781569	0.000000	0.000000	0.000000	0.000000	0.000000	0.000000	0.000000	0.000000	1651932620.894266	0.000000
131.000000	-930.868579	-221.288010	-158.942008	-170.694644	0.000000	0.000000	0.000000	0.000000	0.000000	0.000000	0.000000	0.000000	1651932620.894992	0.000000
131.000000	-1212.808417	-342.819799	-219.580746	-252.418938	0.000000	0.000000	0.000000	0.000000	0.000000	0.000000	0.000000	0.000000	1651932620.894992	0.000000
132.000000	-877.232804	-566.974443	-348.147287	-335.987002	0.000000	0.000000	0.000000	0.000000	0.000000	0.000000	0.000000	0.000000	1651932620.908536	0.000000
132.000000	-615.873635	-450.349403	-280.571035	-260.328826	0.000000	0.000000	0.000000	0.000000	0.000000	0.000000	0.000000	0.000000	1651932620.908536	0.000000
133.000000	-963.832057	-260.523301	-180.730665	-187.598992	0.000000	0.000000	0.000000	0.000000	0.000000	0.000000	0.000000	0.000000	1651932620.924192	0.000000
133.000000	-1225.007970	-356.548972	-227.187703	-245.608580	0.000000	0.000000	0.000000	0.000000	0.000000	0.000000	0.000000	0.000000	1651932620.924192	0.000000
134.000000	-876.316528	-554.509357	-330.551058	-323.204024	0.000000	0.000000	0.000000	0.000000	0.000000	0.000000	0.000000	0.000000	1651932620.924911	0.000000
134.000000	-614.934920	-436.564132	-268.132127	-242.373566	0.000000	0.000000	0.000000	0.000000	0.000000	0.000000	0.000000	0.000000	1651932620.924911	0.000000
135.000000	-954.261653	-232.455352	-160.071458	-150.435606	0.000000	0.000000	0.000000	0.000000	0.000000	0.000000	0.000000	0.000000	1651932620.938508	0.000000
135.000000	-1214.289417	-340.890011	-212.643232	-228.793990	0.000000	0.000000	0.000000	0.000000	0.000000	0.000000	0.000000	0.000000	1651932620.938508	0.000000
136.000000	-855.253412	-530.443100	-311.544886	-302.784170	0.000000	0.000000	0.000000	0.000000	0.000000	0.000000	0.000000	0.000000	1651932620.954262	0.000000
136.000000	-607.933827	-432.607318	-256.269165	-216.672974	0.000000	0.000000	0.000000	0.000000	0.000000	0.000000	0.000000	0.000000	1651932620.954262	0.000000
137.000000	-950.809725	-231.501677	-151.174236	-156.150173	0.000000	0.000000	0.000000	0.000000	0.000000	0.000000	0.000000	0.000000	1651932620.954960	0.000000
137.000000	-1225.202445	-350.606271	-216.772081	-234.818968	0.000000	0.000000	0.000000	0.000000	0.000000	0.000000	0.000000	0.000000	1651932620.954960	0.000000
138.000000	-880.497736	-551.696952	-327.708734	-317.807348	0.000000	0.000000	0.000000	0.000000	0.000000	0.000000	0.000000	0.000000	1651932620.968547	0.000000
138.000000	-625.963885	-441.197868	-264.474505	-236.767456	0.000000	0.000000	0.000000	0.000000	0.000000	0.000000	0.000000	0.000000	1651932620.968547	0.000000
139.000000	-970.302084	-259.644424	-170.999446	-169.482916	0.000000	0.000000	0.000000	0.000000	0.000000	0.000000	0.000000	0.000000	1651932620.984231	0.000000
139.000000	-1229.608047	-360.745140	-225.302793	-253.294074	0.000000	0.000000	0.000000	0.000000	0.000000	0.000000	0.000000	0.000000	1651932620.984231	0.000000
140.000000	-874.439098	-554.094228	-325.532112	-317.280023	0.000000	0.000000	0.000000	0.000000	0.000000	0.000000	0.000000	0.000000	1651932620.984988	0.000000
140.000000	-625.047610	-441.066971	-268.004971	-243.244963	0.000000	0.000000	0.000000	0.000000	0.000000	0.000000	0.000000	0.000000	1651932620.984988	0.000000
141.000000	-950.731187	-236.333628	-158.788672	-174.273728	0.000000	0.000000	0.000000	0.000000	0.000000	0.000000	0.000000	0.000000	1651932620.998517	0.000000
141.000000	-1234.862607	-359.701708	-233.126664	-269.188649	0.000000	0.000000	0.000000	0.000000	0.000000	0.000000	0.000000	0.000000	1651932620.998517	0.000000
142.000000	-895.442376	-565.100753	-351.202785	-351.889057	0.000000	0.000000	0.000000	0.000000	0.000000	0.000000	0.000000	0.000000	1651932621.014236	0.000000
142.000000	-617.448133	-438.456521	-272.234798	-250.021662	0.000000	0.000000	0.000000	0.000000	0.000000	0.000000	0.000000	0.000000	1651932621.014236	0.000000
143.000000	-951.187455	-233.846594	-153.291019	-158.753143	0.000000	0.000000	0.000000	0.000000	0.000000	0.000000	0.000000	0.000000	1651932621.014973	0.000000
143.000000	-1221.642060	-346.410103	-210.470350	-234.041069	0.000000	0.000000	0.000000	0.000000	0.000000	0.000000	0.000000	0.000000	1651932621.014973	0.000000
144.000000	-863.290457	-533.913728	-309.611358	-307.242131	0.000000	0.000000	0.000000	0.000000	0.000000	0.000000	0.000000	0.000000	1651932621.028507	0.000000
144.000000	-599.309618	-411.951850	-243.261793	-215.640761	0.000000	0.000000	0.000000	0.000000	0.000000	0.000000	0.000000	0.000000	1651932621.028507	0.000000
145.000000	-941.804046	-213.954067	-131.779115	-129.252812	0.000000	0.000000	0.000000	0.000000	0.000000	0.000000	0.000000	0.000000	1651932621.044251	0.000000
145.000000	-1222.621914	-342.460769	-209.004309	-230.544263	0.000000	0.000000	0.000000	0.000000	0.000000	0.000000	0.000000	0.000000	1651932621.044251	0.000000
146.000000	-881.799221	-544.299430	-318.830211	-311.759930	0.000000	0.000000	0.000000	0.000000	0.000000	0.000000	0.000000	0.000000	1651932621.044974	0.000000
146.000000	-614.250518	-419.293274	-244.948487	-207.738353	0.000000	0.000000	0.000000	0.000000	0.000000	0.000000	0.000000	0.000000	1651932621.044974	0.000000
147.000000	-961.079491	-238.671065	-154.371850	-159.489904	0.000000	0.000000	0.000000	0.000000	0.000000	0.000000	0.000000	0.000000	1651932621.058525	0.000000
147.000000	-1244.507809	-356.025386	-220.197830	-234.804009	0.000000	0.000000	0.000000	0.000000	0.000000	0.000000	0.000000	0.000000	1651932621.058525	0.000000
148.000000	-905.184816	-574.248549	-339.676413	-329.838607	0.000000	0.000000	0.000000	0.000000	0.000000	0.000000	0.000000	0.000000	1651932621.074248	0.000000
148.000000	-633.821415	-451.104863	-271.468118	-251.745756	0.000000	0.000000	0.000000	0.000000	0.000000	0.000000	0.000000	0.000000	1651932621.074248	0.000000
149.000000	-975.081676	-247.770242	-159.592751	-173.308834	0.000000	0.000000	0.000000	0.000000	0.000000	0.000000	0.000000	0.000000	1651932621.074970	0.000000
149.000000	-1239.836674	-366.426048	-219.004802	-248.312528	0.000000	0.000000	0.000000	0.000000	0.000000	0.000000	0.000000	0.000000	1651932621.074970	0.000000
150.000000	-887.420291	-564.464970	-336.433920	-335.945863	0.000000	0.000000	0.000000	0.000000	0.000000	0.000000	0.000000	0.000000	1651932621.088503	0.000000
150.000000	-622.332442	-450.117529	-280.129726	-257.385525	0.000000	0.000000	0.000000	0.000000	0.000000	0.000000	0.000000	0.000000	1651932621.088503	0.000000
151.000000	-970.687294	-253.604486	-168.385256	-180.107972	0.000000	0.000000	0.000000	0.000000	0.000000	0.000000	0.000000	0.000000	1651932621.104255	0.000000
151.000000	-1240.984823	-366.508326	-232.561939	-266.103232	0.000000	0.000000	0.000000	0.000000	0.000000	0.000000	0.000000	0.000000	1651932621.104255	0.000000
152.000000	-879.828294	-559.206671	-335.427887	-339.827879	0.000000	0.000000	0.000000	0.000000	0.000000	0.000000	0.000000	0.000000	1651932621.104953	0.000000
152.000000	-620.907540	-452.458706	-272.399353	-251.005255	0.000000	0.000000	0.000000	0.000000	0.000000	0.000000	0.000000	0.000000	1651932621.104953	0.000000
153.000000	-972.351549	-249.905725	-161.242047	-163.368180	0.000000	0.000000	0.000000	0.000000	0.000000	0.000000	0.000000	0.000000	1651932621.118486	0.000000
153.000000	-1239.997489	-359.836344	-214.206510	-242.418445	0.000000	0.000000	0.000000	0.000000	0.000000	0.000000	0.000000	0.000000	1651932621.118486	0.000000
154.000000	-882.191911	-552.055982	-325.195521	-323.140446	0.000000	0.000000	0.000000	0.000000	0.000000	0.000000	0.000000	0.000000	1651932621.134223	0.000000
154.000000	-628.144247	-450.252166	-263.468472	-225.502878	0.000000	0.000000	0.000000	0.000000	0.000000	0.000000	0.000000	0.000000	1651932621.134223	0.000000
155.000000	-965.612249	-255.276221	-152.595398	-143.793543	0.000000	0.000000	0.000000	0.000000	0.000000	0.000000	0.000000	0.000000	1651932621.134979	0.000000
155.000000	-1227.693219	-354.215275	-209.273582	-229.444732	0.000000	0.000000	0.000000	0.000000	0.000000	0.000000	0.000000	0.000000	1651932621.134979	0.000000
156.000000	-892.547694	-572.322500	-339.624055	-329.490796	0.000000	0.000000	0.000000	0.000000	0.000000	0.000000	0.000000	0.000000	1651932621.148578	0.000000
156.000000	-633.825155	-462.145047	-274.418899	-230.155313	0.000000	0.000000	0.000000	0.000000	0.000000	0.000000	0.000000	0.000000	1651932621.148578	0.000000
157.000000	-973.499698	-249.408318	-156.092204	-148.834929	0.000000	0.000000	0.000000	0.000000	0.000000	0.000000	0.000000	0.000000	1651932621.164260	0.000000
157.000000	-1254.467162	-374.900661	-224.850265	-235.555729	0.000000	0.000000	0.000000	0.000000	0.000000	0.000000	0.000000	0.000000	1651932621.164260	0.000000
158.000000	-907.421276	-579.346032	-342.776791	-332.475236	0.000000	0.000000	0.000000	0.000000	0.000000	0.000000	0.000000	0.000000	1651932621.164994	0.000000
158.000000	-647.475790	-466.816182	-275.742824	-246.431358	0.000000	0.000000	0.000000	0.000000	0.000000	0.000000	0.000000	0.000000	1651932621.164994	0.000000
159.000000	-986.544469	-252.763008	-153.003047	-151.120007	0.000000	0.000000	0.000000	0.000000	0.000000	0.000000	0.000000	0.000000	1651932621.178592	0.000000
159.000000	-1263.985208	-387.795836	-238.919769	-263.698476	0.000000	0.000000	0.000000	0.000000	0.000000	0.000000	0.000000	0.000000	1651932621.178592	0.000000
160.000000	-901.037267	-576.660784	-347.900453	-343.025494	0.000000	0.000000	0.000000	0.000000	0.000000	0.000000	0.000000	0.000000	1651932621.194242	0.000000
160.000000	-636.865694	-463.491411	-288.851173	-265.830219	0.000000	0.000000	0.000000	0.000000	0.000000	0.000000	0.000000	0.000000	1651932621.194242	0.000000
161.000000	-959.104823	-237.818368	-158.942008	-168.144032	0.000000	0.000000	0.000000	0.000000	0.000000	0.000000	0.000000	0.000000	1651932621.194967	0.000000
161.000000	-1213.365662	-330.418291	-212.886325	-260.052073	0.000000	0.000000	0.000000	0.000000	0.000000	0.000000	0.000000	0.000000	1651932621.194967	0.000000
162.000000	-875.422692	-551.738091	-344.942193	-355.427002	0.000000	0.000000	0.000000	0.000000	0.000000	0.000000	0.000000	0.000000	1651932621.208576	0.000000
162.000000	-622.702692	-455.409488	-293.578407	-267.419676	0.000000	0.000000	0.000000	0.000000	0.000000	0.000000	0.000000	0.000000	1651932621.208576	0.000000
163.000000	-966.206893	-248.578060	-174.069904	-185.897337	0.000000	0.000000	0.000000	0.000000	0.000000	0.000000	0.000000	0.000000	1651932621.224250	0.000000
163.000000	-1224.648940	-341.970842	-220.590519	-256.768441	0.000000	0.000000	0.000000	0.000000	0.000000	0.000000	0.000000	0.000000	1651932621.224250	0.000000
164.000000	-877.861107	-552.093381	-337.690527	-331.910511	0.000000	0.000000	0.000000	0.000000	0.000000	0.000000	0.000000	0.000000	1651932621.224971	0.000000
164.000000	-613.726932	-438.916529	-269.313936	-240.552235	0.000000	0.000000	0.000000	0.000000	0.000000	0.000000	0.000000	0.000000	1651932621.224971	0.000000
165.000000	-958.902869	-238.929119	-158.074351	-157.167426	0.000000	0.000000	0.000000	0.000000	0.000000	0.000000	0.000000	0.000000	1651932621.238568	0.000000
165.000000	-1239.993750	-350.782046	-216.708503	-230.020677	0.000000	0.000000	0.000000	0.000000	0.000000	0.000000	0.000000	0.000000	1651932621.238568	0.000000
166.000000	-873.646239	-533.895028	-315.561539	-295.177214	0.000000	0.000000	0.000000	0.000000	0.000000	0.000000	0.000000	0.000000	1651932621.254254	0.000000
166.000000	-634.427279	-450.570057	-288.129372	-250.227356	0.000000	0.000000	0.000000	0.000000	0.000000	0.000000	0.000000	0.000000	1651932621.254254	0.000000
167.000000	-976.203646	-243.162685	-167.225887	-163.577614	0.000000	0.000000	0.000000	0.000000	0.000000	0.000000	0.000000	0.000000	1651932621.254945	0.000000
167.000000	-1243.666331	-354.596744	-214.071873	-227.892674	0.000000	0.000000	0.000000	0.000000	0.000000	0.000000	0.000000	0.000000	1651932621.254945	0.000000
168.000000	-889.525855	-556.080115	-334.593889	-321.132120	0.000000	0.000000	0.000000	0.000000	0.000000	0.000000	0.000000	0.000000	1651932621.268566	0.000000
168.000000	-626.861461	-443.920515	-276.449665	-244.034082	0.000000	0.000000	0.000000	0.000000	0.000000	0.000000	0.000000	0.000000	1651932621.268566	0.000000
169.000000	-963.809618	-235.421092	-154.065179	-147.028557	0.000000	0.000000	0.000000	0.000000	0.000000	0.000000	0.000000	0.000000	1651932621.284214	0.000000
169.000000	-1243.815927	-366.545725	-237.865117	-259.375152	0.000000	0.000000	0.000000	0.000000	0.000000	0.000000	0.000000	0.000000	1651932621.284214	0.000000
170.000000	-891.706216	-563.746909	-340.428133	-334.434944	0.000000	0.000000	0.000000	0.000000	0.000000	0.000000	0.000000	0.000000	1651932621.284995	0.000000
170.000000	-624.774597	-438.318145	-268.917506	-233.068695	0.000000	0.000000	0.000000	0.000000	0.000000	0.000000	0.000000	0.000000	1651932621.284995	0.000000
171.000000	-959.979960	-238.439192	-156.967341	-151.048949	0.000000	0.000000	0.000000	0.000000	0.000000	0.000000	0.000000	0.000000	1651932621.298590	0.000000
171.000000	-1239.758136	-356.616290	-234.727341	-270.961362	0.000000	0.000000	0.000000	0.000000	0.000000	0.000000	0.000000	0.000000	1651932621.298590	0.000000
172.000000	-889.473496	-555.059122	-346.023024	-336.914497	0.000000	0.000000	0.000000	0.000000	0.000000	0.000000	0.000000	0.000000	1651932621.314238	0.000000
172.000000	-617.960499	-443.307171	-278.615067	-245.836714	0.000000	0.000000	0.000000	0.000000	0.000000	0.000000	0.000000	0.000000	1651932621.314238	0.000000
173.000000	-959.965000	-231.482978	-150.568372	-148.442239	0.000000	0.000000	0.000000	0.000000	0.000000	0.000000	0.000000	0.000000	1651932621.314950	0.000000
173.000000	-1223.968278	-338.791927	-208.686418	-225.383201	0.000000	0.000000	0.000000	0.000000	0.000000	0.000000	0.000000	0.000000	1651932621.314950	0.000000
174.000000	-888.699337	-560.246363	-331.366356	-312.354574	0.000000	0.000000	0.000000	0.000000	0.000000	0.000000	0.000000	0.000000	1651932621.328546	0.000000
174.000000	-628.970765	-455.342169	-272.350734	-231.116468	0.000000	0.000000	0.000000	0.000000	0.000000	0.000000	0.000000	0.000000	1651932621.328546	0.000000
175.000000	-961.191688	-236.924532	-149.128511	-142.177907	0.000000	0.000000	0.000000	0.000000	0.000000	0.000000	0.000000	0.000000	1651932621.344257	0.000000
175.000000	-1239.960090	-355.400823	-209.105286	-221.688180	0.000000	0.000000	0.000000	0.000000	0.000000	0.000000	0.000000	0.000000	1651932621.344257	0.000000
176.000000	-891.605239	-554.408379	-334.638768	-317.354821	0.000000	0.000000	0.000000	0.000000	0.000000	0.000000	0.000000	0.000000	1651932621.344981	0.000000
176.000000	-624.082715	-433.388957	-253.116429	-212.035498	0.000000	0.000000	0.000000	0.000000	0.000000	0.000000	0.000000	0.000000	1651932621.344981	0.000000
177.000000	-967.968386	-243.271142	-144.008588	-133.348003	0.000000	0.000000	0.000000	0.000000	0.000000	0.000000	0.000000	0.000000	1651932621.358557	0.000000
177.000000	-1253.928617	-368.707387	-221.794767	-245.451504	0.000000	0.000000	0.000000	0.000000	0.000000	0.000000	0.000000	0.000000	1651932621.358557	0.000000
178.000000	-893.370472	-556.031496	-328.494113	-315.275436	0.000000	0.000000	0.000000	0.000000	0.000000	0.000000	0.000000	0.000000	1651932621.374243	0.000000
178.000000	-649.906725	-469.856721	-278.188718	-235.110681	0.000000	0.000000	0.000000	0.000000	0.000000	0.000000	0.000000	0.000000	1651932621.374243	0.000000
179.000000	-997.708071	-278.295305	-182.136868	-175.489196	0.000000	0.000000	0.000000	0.000000	0.000000	0.000000	0.000000	0.000000	1651932621.374993	0.000000
179.000000	-1253.315273	-372.338830	-227.169003	-258.238222	0.000000	0.000000	0.000000	0.000000	0.000000	0.000000	0.000000	0.000000	1651932621.374993	0.000000
180.000000	-910.693688	-585.367271	-353.783316	-348.908357	0.000000	0.000000	0.000000	0.000000	0.000000	0.000000	0.000000	0.000000	1651932621.388554	0.000000
180.000000	-655.516575	-488.182231	-301.978222	-257.804394	0.000000	0.000000	0.000000	0.000000	0.000000	0.000000	0.000000	0.000000	1651932621.388554	0.000000
181.000000	-991.122107	-275.598838	-186.490111	-182.258414	0.000000	0.000000	0.000000	0.000000	0.000000	0.000000	0.000000	0.000000	1651932621.404272	0.000000
181.000000	-1260.933449	-380.802223	-246.833397	-253.948557	0.000000	0.000000	0.000000	0.000000	0.000000	0.000000	0.000000	0.000000	1651932621.404272	0.000000
182.000000	-899.111218	-573.571627	-340.256098	-312.006764	0.000000	0.000000	0.000000	0.000000	0.000000	0.000000	0.000000	0.000000	1651932621.404929	0.000000
182.000000	-630.758437	-448.636529	-271.038030	-226.602408	0.000000	0.000000	0.000000	0.000000	0.000000	0.000000	0.000000	0.000000	1651932621.404929	0.000000
183.000000	-976.588856	-248.832374	-166.777099	-156.770996	0.000000	0.000000	0.000000	0.000000	0.000000	0.000000	0.000000	0.000000	1651932621.418547	0.000000
183.000000	-1241.052141	-356.059045	-213.746502	-221.190773	0.000000	0.000000	0.000000	0.000000	0.000000	0.000000	0.000000	0.000000	1651932621.418547	0.000000
184.000000	-870.373827	-532.593543	-306.391304	-290.457460	0.000000	0.000000	0.000000	0.000000	0.000000	0.000000	0.000000	0.000000	1651932621.434216	0.000000
184.000000	-612.575043	-428.403670	-248.624809	-213.202347	0.000000	0.000000	0.000000	0.000000	0.000000	0.000000	0.000000	0.000000	1651932621.434216	0.000000
185.000000	-955.372403	-221.478745	-138.473536	-134.574690	0.000000	0.000000	0.000000	0.000000	0.000000	0.000000	0.000000	0.000000	1651932621.434953	0.000000
185.000000	-1226.833042	-333.264355	-201.490850	-225.166287	0.000000	0.000000	0.000000	0.000000	0.000000	0.000000	0.000000	0.000000	1651932621.434953	0.000000
186.000000	-867.606301	-521.332704	-306.862531	-304.594282	0.000000	0.000000	0.000000	0.000000	0.000000	0.000000	0.000000	0.000000	1651932621.448571	0.000000
186.000000	-621.479745	-433.329118	-251.209080	-229.306356	0.000000	0.000000	0.000000	0.000000	0.000000	0.000000	0.000000	0.000000	1651932621.448571	0.000000
187.000000	-984.094835	-261.611612	-169.746579	-158.304355	0.000000	0.000000	0.000000	0.000000	0.000000	0.000000	0.000000	0.000000	1651932621.464239	0.000000
187.000000	-1265.477428	-374.115282	-242.790565	-266.376244	0.000000	0.000000	0.000000	0.000000	0.000000	0.000000	0.000000	0.000000	1651932621.464239	0.000000
188.000000	-918.745693	-583.766594	-353.880554	-344.293320	0.000000	0.000000	0.000000	0.000000	0.000000	0.000000	0.000000	0.000000	1651932621.464961	0.000000
188.000000	-658.527194	-464.430126	-282.459684	-256.529088	0.000000	0.000000	0.000000	0.000000	0.000000	0.000000	0.000000	0.000000	1651932621.464961	0.000000
189.000000	-1000.370880	-272.352604	-180.547410	-176.794421	0.000000	0.000000	0.000000	0.000000	0.000000	0.000000	0.000000	0.000000	1651932621.478589	0.000000
189.000000	-1279.756366	-391.105648	-245.943301	-263.077653	0.000000	0.000000	0.000000	0.000000	0.000000	0.000000	0.000000	0.000000	1651932621.478589	0.000000
190.000000	-942.351942	-610.622816	-375.119445	-361.515559	0.000000	0.000000	0.000000	0.000000	0.000000	0.000000	0.000000	0.000000	1651932621.494236	0.000000
190.000000	-670.797806	-491.693997	-311.776760	-282.364317	0.000000	0.000000	0.000000	0.000000	0.000000	0.000000	0.000000	0.000000	1651932621.494236	0.000000
191.000000	-996.395366	-278.355144	-190.140254	-196.907603	0.000000	0.000000	0.000000	0.000000	0.000000	0.000000	0.000000	0.000000	1651932621.494948	0.000000
191.000000	-1253.221776	-375.001639	-240.486787	-266.065833	0.000000	0.000000	0.000000	0.000000	0.000000	0.000000	0.000000	0.000000	1651932621.494948	0.000000
192.000000	-890.752542	-558.181938	-349.459992	-354.637883	0.000000	0.000000	0.000000	0.000000	0.000000	0.000000	0.000000	0.000000	1651932621.508556	0.000000
192.000000	-608.835143	-432.349264	-266.583809	-250.137599	0.000000	0.000000	0.000000	0.000000	0.000000	0.000000	0.000000	0.000000	1651932621.508556	0.000000
193.000000	-944.732388	-222.252905	-154.398030	-157.403039	0.000000	0.000000	0.000000	0.000000	0.000000	0.000000	0.000000	0.000000	1651932621.524212	0.000000
193.000000	-1218.388347	-344.611211	-208.929511	-225.899307	0.000000	0.000000	0.000000	0.000000	0.000000	0.000000	0.000000	0.000000	1651932621.524212	0.000000
194.000000	-856.008871	-530.113989	-306.683016	-300.113882	0.000000	0.000000	0.000000	0.000000	0.000000	0.000000	0.000000	0.000000	1651932621.524959	0.000000
194.000000	-587.110064	-401.887779	-241.429242	-216.055890	0.000000	0.000000	0.000000	0.000000	0.000000	0.000000	0.000000	0.000000	1651932621.524959	0.000000
195.000000	-930.232796	-198.740154	-130.627226	-135.431127	0.000000	0.000000	0.000000	0.000000	0.000000	0.000000	0.000000	0.000000	1651932621.538552	0.000000
195.000000	-1208.761845	-328.540861	-203.196244	-221.082316	0.000000	0.000000	0.000000	0.000000	0.000000	0.000000	0.000000	0.000000	1651932621.538552	0.000000
196.000000	-860.077882	-535.039437	-311.040000	-302.522377	0.000000	0.000000	0.000000	0.000000	0.000000	0.000000	0.000000	0.000000	1651932621.554226	0.000000
196.000000	-611.748525	-427.311619	-262.552197	-234.575875	0.000000	0.000000	0.000000	0.000000	0.000000	0.000000	0.000000	0.000000	1651932621.554226	0.000000
197.000000	-962.590410	-246.049888	-160.116337	-164.961377	0.000000	0.000000	0.000000	0.000000	0.000000	0.000000	0.000000	0.000000	1651932621.554923	0.000000
197.000000	-1243.961783	-365.995959	-225.373851	-243.532935	0.000000	0.000000	0.000000	0.000000	0.000000	0.000000	0.000000	0.000000	1651932621.554923	0.000000
198.000000	-899.373011	-574.039114	-339.227625	-325.840654	0.000000	0.000000	0.000000	0.000000	0.000000	0.000000	0.000000	0.000000	1651932621.568576	0.000000
198.000000	-641.312435	-462.896767	-278.289696	-254.905971	0.000000	0.000000	0.000000	0.000000	0.000000	0.000000	0.000000	0.000000	1651932621.568576	0.000000
199.000000	-980.482092	-252.785448	-164.207787	-171.573520	0.000000	0.000000	0.000000	0.000000	0.000000	0.000000	0.000000	0.000000	1651932621.584193	0.000000
199.000000	-1264.647170	-383.319176	-241.717214	-271.032420	0.000000	0.000000	0.000000	0.000000	0.000000	0.000000	0.000000	0.000000	1651932621.584193	0.000000
200.000000	-919.688148	-600.382969	-367.508749	-357.958914	0.000000	0.000000	0.000000	0.000000	0.000000	0.000000	0.000000	0.000000	1651932621.584949	0.000000
200.000000	-648.171411	-472.773843	-297.785794	-263.133751	0.000000	0.000000	0.000000	0.000000	0.000000	0.000000	0.000000	0.000000	1651932621.584949	0.000000
0.000000	-4.536499	-260.975829	-172.353289	-172.224263	0.000000	0.000000	0.000000	0.000000	0.000000	0.000000	0.000000	0.000000	1651932621.615590	0.000000
101.000000	-279.022716	-379.104309	-235.950288	-256.091519	0.000000	0.000000	0.000000	0.000000	0.000000	0.000000	0.000000	0.000000	1651932621.616368	0.000000
101.000000	67.091935	-576.672004	-349.796583	-337.266048	0.000000	0.000000	0.000000	0.000000	0.000000	0.000000	0.000000	0.000000	1651932621.616368	0.000000
102.000000	336.185217	-458.326610	-279.819315	-253.103339	0.000000	0.000000	0.000000	0.000000	0.000000	0.000000	0.000000	0.000000	1651932621.617081	0.000000
102.000000	16.216206	-237.036729	-147.924263	-150.450565	0.000000	0.000000	0.000000	0.000000	0.000000	0.000000	0.000000	0.000000	1651932621.617081	0.000000
103.000000	-249.858976	-346.847672	-201.947118	-218.655121	0.000000	0.000000	0.000000	0.000000	0.000000	0.000000	0.000000	0.000000	1651932621.617885	0.000000
103.000000	79.624340	-567.714943	-332.925894	-317.201485	0.000000	0.000000	0.000000	0.000000	0.000000	0.000000	0.000000	0.000000	1651932621.617885	0.000000
104.000000	352.263047	-437.057798	-252.899515	-217.061923	0.000000	0.000000	0.000000	0.000000	0.000000	0.000000	0.000000	0.000000	1651932621.628592	0.000000
104.000000	24.571143	-219.765871	-131.450004	-129.013459	0.000000	0.000000	0.000000	0.000000	0.000000	0.000000	0.000000	0.000000	1651932621.628592	0.000000
105.000000	-246.874536	-332.471496	-202.979330	-226.823062	0.000000	0.000000	0.000000	0.000000	0.000000	0.000000	0.000000	0.000000	1651932621.643608	0.000000
105.000000	79.272789	-562.673558	-328.116383	-313.480284	0.000000	0.000000	0.000000	0.000000	0.000000	0.000000	0.000000	0.000000	1651932621.643608	0.000000
106.000000	347.999561	-445.450134	-254.634828	-224.994251	0.000000	0.000000	0.000000	0.000000	0.000000	0.000000	0.000000	0.000000	1651932621.659262	0.000000
106.000000	11.687187	-243.147726	-147.449296	-155.768703	0.000000	0.000000	0.000000	0.000000	0.000000	0.000000	0.000000	0.000000	1651932621.659262	0.000000
107.000000	-273.038876	-367.050611	-218.892605	-251.581200	0.000000	0.000000	0.000000	0.000000	0.000000	0.000000	0.000000	0.000000	1651932621.659963	0.000000
107.000000	72.196899	-569.281961	-331.732866	-325.047795	0.000000	0.000000	0.000000	0.000000	0.000000	0.000000	0.000000	0.000000	1651932621.659963	0.000000
108.000000	334.345186	-457.859122	-264.844755	-237.795929	0.000000	0.000000	0.000000	0.000000	0.000000	0.000000	0.000000	0.000000	1651932621.673643	0.000000
108.000000	-12.966233	-268.407010	-174.421454	-183.320546	0.000000	0.000000	0.000000	0.000000	0.000000	0.000000	0.000000	0.000000	1651932621.673643	0.000000
109.000000	-276.767556	-379.923347	-239.678968	-263.810673	0.000000	0.000000	0.000000	0.000000	0.000000	0.000000	0.000000	0.000000	1651932621.689254	0.000000
109.000000	67.091935	-580.209949	-339.796090	-332.441577	0.000000	0.000000	0.000000	0.000000	0.000000	0.000000	0.000000	0.000000	1651932621.689254	0.000000
110.000000	328.050934	-464.280530	-278.817021	-247.011042	0.000000	0.000000	0.000000	0.000000	0.000000	0.000000	0.000000	0.000000	1651932621.689984	0.000000
110.000000	-15.931974	-253.645625	-160.692281	-154.340061	0.000000	0.000000	0.000000	0.000000	0.000000	0.000000	0.000000	0.000000	1651932621.689984	0.000000
111.000000	-283.417098	-367.641515	-226.488341	-242.534382	0.000000	0.000000	0.000000	0.000000	0.000000	0.000000	0.000000	0.000000	1651932621.703605	0.000000
111.000000	71.202085	-555.096521	-323.987533	-305.117868	0.000000	0.000000	0.000000	0.000000	0.000000	0.000000	0.000000	0.000000	1651932621.703605	0.000000
112.000000	320.043809	-456.796990	-268.805309	-224.930673	0.000000	0.000000	0.000000	0.000000	0.000000	0.000000	0.000000	0.000000	1651932621.719258	0.000000
112.000000	-14.357476	-254.195390	-153.036706	-138.838176	0.000000	0.000000	0.000000	0.000000	0.000000	0.000000	0.000000	0.000000	1651932621.719258	0.000000
113.000000	-272.399353	-348.923316	-203.835767	-210.939707	0.000000	0.000000	0.000000	0.000000	0.000000	0.000000	0.000000	0.000000	1651932621.719983	0.000000
113.000000	74.908326	-550.661000	-315.094051	-284.466140	0.000000	0.000000	0.000000	0.000000	0.000000	0.000000	0.000000	0.000000	1651932621.719983	0.000000
114.000000	352.532320	-432.285686	-241.156229	-193.796006	0.000000	0.000000	0.000000	0.000000	0.000000	0.000000	0.000000	0.000000	1651932621.733598	0.000000
114.000000	19.028611	-230.772397	-149.214528	-150.211212	0.000000	0.000000	0.000000	0.000000	0.000000	0.000000	0.000000	0.000000	1651932621.733598	0.000000
115.000000	-238.743993	-340.444963	-207.482170	-232.661046	0.000000	0.000000	0.000000	0.000000	0.000000	0.000000	0.000000	0.000000	1651932621.749258	0.000000
115.000000	121.930088	-532.866556	-311.264394	-303.801423	0.000000	0.000000	0.000000	0.000000	0.000000	0.000000	0.000000	0.000000	1651932621.749258	0.000000
116.000000	384.901154	-414.984909	-247.921708	-221.729319	0.000000	0.000000	0.000000	0.000000	0.000000	0.000000	0.000000	0.000000	1651932621.749964	0.000000
116.000000	59.142778	-203.822678	-134.202570	-138.209873	0.000000	0.000000	0.000000	0.000000	0.000000	0.000000	0.000000	0.000000	1651932621.749964	0.000000
117.000000	-214.797414	-328.843793	-200.454898	-219.956606	0.000000	0.000000	0.000000	0.000000	0.000000	0.000000	0.000000	0.000000	1651932621.763607	0.000000
117.000000	123.657922	-533.162008	-309.517860	-303.760284	0.000000	0.000000	0.000000	0.000000	0.000000	0.000000	0.000000	0.000000	1651932621.763607	0.000000
118.000000	385.469618	-433.733027	-268.633274	-234.792789	0.000000	0.000000	0.000000	0.000000	0.000000	0.000000	0.000000	0.000000	1651932621.779262	0.000000
118.000000	43.577314	-231.217445	-157.827518	-158.812982	0.000000	0.000000	0.000000	0.000000	0.000000	0.000000	0.000000	0.000000	1651932621.779262	0.000000
119.000000	-230.306779	-340.063493	-221.394598	-241.472250	0.000000	0.000000	0.000000	0.000000	0.000000	0.000000	0.000000	0.000000	1651932621.779974	0.000000
119.000000	121.417722	-536.359622	-336.209526	-336.839699	0.000000	0.000000	0.000000	0.000000	0.000000	0.000000	0.000000	0.000000	1651932621.779974	0.000000
120.000000	382.425340	-428.164316	-273.566202	-254.116852	0.000000	0.000000	0.000000	0.000000	0.000000	0.000000	0.000000	0.000000	1651932621.793620	0.000000
120.000000	43.487557	-219.578876	-156.503593	-159.908772	0.000000	0.000000	0.000000	0.000000	0.000000	0.000000	0.000000	0.000000	1651932621.793620	0.000000
121.000000	-230.942562	-333.402731	-218.152104	-236.464524	0.000000	0.000000	0.000000	0.000000	0.000000	0.000000	0.000000	0.000000	1651932621.809260	0.000000
121.000000	123.773859	-521.272866	-311.795459	-311.120407	0.000000	0.000000	0.000000	0.000000	0.000000	0.000000	0.000000	0.000000	1651932621.809260	0.000000
122.000000	377.383955	-420.931350	-264.493205	-237.182585	0.000000	0.000000	0.000000	0.000000	0.000000	0.000000	0.000000	0.000000	1651932621.809942	0.000000
122.000000	40.364740	-210.853690	-142.658484	-140.861462	0.000000	0.000000	0.000000	0.000000	0.000000	0.000000	0.000000	0.000000	1651932621.809942	0.000000
123.000000	-236.533713	-339.801700	-217.561200	-233.371627	0.000000	0.000000	0.000000	0.000000	0.000000	0.000000	0.000000	0.000000	1651932621.823597	0.000000
123.000000	113.724748	-520.775459	-316.257160	-310.327549	0.000000	0.000000	0.000000	0.000000	0.000000	0.000000	0.000000	0.000000	1651932621.823597	0.000000
124.000000	361.238807	-429.877191	-266.393074	-228.307803	0.000000	0.000000	0.000000	0.000000	0.000000	0.000000	0.000000	0.000000	1651932621.839252	0.000000
124.000000	26.766464	-226.291997	-147.086525	-136.770011	0.000000	0.000000	0.000000	0.000000	0.000000	0.000000	0.000000	0.000000	1651932621.839252	0.000000
125.000000	-241.447941	-337.097752	-213.245356	-228.831389	0.000000	0.000000	0.000000	0.000000	0.000000	0.000000	0.000000	0.000000	1651932621.839944	0.000000
125.000000	99.543047	-538.985032	-324.559738	-304.354928	0.000000	0.000000	0.000000	0.000000	0.000000	0.000000	0.000000	0.000000	1651932621.839944	0.000000
126.000000	368.202500	-420.901431	-254.488972	-209.746679	0.000000	0.000000	0.000000	0.000000	0.000000	0.000000	0.000000	0.000000	1651932621.853602	0.000000
126.000000	19.140808	-229.736444	-152.595398	-141.508465	0.000000	0.000000	0.000000	0.000000	0.000000	0.000000	0.000000	0.000000	1651932621.853602	0.000000
127.000000	-259.709873	-349.981708	-215.803447	-223.139261	0.000000	0.000000	0.000000	0.000000	0.000000	0.000000	0.000000	0.000000	1651932621.869302	0.000000
127.000000	93.925717	-539.183247	-334.100223	-316.038376	0.000000	0.000000	0.000000	0.000000	0.000000	0.000000	0.000000	0.000000	1651932621.869302	0.000000
128.000000	351.309372	-430.456875	-271.584055	-224.526764	0.000000	0.000000	0.000000	0.000000	0.000000	0.000000	0.000000	0.000000	1651932621.869995	0.000000
128.000000	9.346010	-234.530996	-163.212974	-150.428126	0.000000	0.000000	0.000000	0.000000	0.000000	0.000000	0.000000	0.000000	1651932621.869995	0.000000
129.000000	-258.176514	-344.499014	-217.965109	-235.656706	0.000000	0.000000	0.000000	0.000000	0.000000	0.000000	0.000000	0.000000	1651932621.883684	0.000000
129.000000	92.328780	-541.674020	-330.887649	-319.905432	0.000000	0.000000	0.000000	0.000000	0.000000	0.000000	0.000000	0.000000	1651932621.883684	0.000000
130.000000	349.652597	-435.131750	-269.355075	-242.594220	0.000000	0.000000	0.000000	0.000000	0.000000	0.000000	0.000000	0.000000	1651932621.899262	0.000000
130.000000	2.576791	-242.504463	-162.603370	-156.075375	0.000000	0.000000	0.000000	0.000000	0.000000	0.000000	0.000000	0.000000	1651932621.899262	0.000000
131.000000	-269.115721	-353.803886	-227.756167	-244.875559	0.000000	0.000000	0.000000	0.000000	0.000000	0.000000	0.000000	0.000000	1651932621.899959	0.000000
131.000000	84.691904	-548.817229	-327.936868	-311.842208	0.000000	0.000000	0.000000	0.000000	0.000000	0.000000	0.000000	0.000000	1651932621.899959	0.000000
132.000000	345.071219	-435.958268	-273.801816	-237.549095	0.000000	0.000000	0.000000	0.000000	0.000000	0.000000	0.000000	0.000000	1651932621.913587	0.000000
132.000000	11.144902	-231.195005	-155.209588	-149.893320	0.000000	0.000000	0.000000	0.000000	0.000000	0.000000	0.000000	0.000000	1651932621.913587	0.000000
133.000000	-266.770804	-348.388510	-221.087926	-235.574428	0.000000	0.000000	0.000000	0.000000	0.000000	0.000000	0.000000	0.000000	1651932621.929287	0.000000
133.000000	83.345540	-540.477252	-324.690634	-309.856321	0.000000	0.000000	0.000000	0.000000	0.000000	0.000000	0.000000	0.000000	1651932621.929287	0.000000
134.000000	346.690596	-421.888764	-251.957060	-216.968426	0.000000	0.000000	0.000000	0.000000	0.000000	0.000000	0.000000	0.000000	1651932621.929958	0.000000
134.000000	-11.956460	-257.411704	-172.779638	-157.051489	0.000000	0.000000	0.000000	0.000000	0.000000	0.000000	0.000000	0.000000	1651932621.929958	0.000000
135.000000	-287.168218	-378.169334	-232.255267	-236.202731	0.000000	0.000000	0.000000	0.000000	0.000000	0.000000	0.000000	0.000000	1651932621.943578	0.000000
135.000000	74.766210	-563.507556	-339.205186	-310.290150	0.000000	0.000000	0.000000	0.000000	0.000000	0.000000	0.000000	0.000000	1651932621.943578	0.000000
136.000000	334.921131	-457.526271	-270.439646	-228.412520	0.000000	0.000000	0.000000	0.000000	0.000000	0.000000	0.000000	0.000000	1651932621.959255	0.000000
136.000000	11.604910	-239.991250	-156.036106	-143.041824	0.000000	0.000000	0.000000	0.000000	0.000000	0.000000	0.000000	0.000000	1651932621.959255	0.000000
137.000000	-271.662593	-366.272712	-222.183716	-233.132274	0.000000	0.000000	0.000000	0.000000	0.000000	0.000000	0.000000	0.000000	1651932621.960033	0.000000
137.000000	84.082301	-551.917606	-326.897175	-307.683439	0.000000	0.000000	0.000000	0.000000	0.000000	0.000000	0.000000	0.000000	1651932621.960033	0.000000
138.000000	339.573566	-446.362670	-270.652820	-238.308295	0.000000	0.000000	0.000000	0.000000	0.000000	0.000000	0.000000	0.000000	1651932621.973571	0.000000
138.000000	-6.335391	-260.938430	-180.682047	-178.204363	0.000000	0.000000	0.000000	0.000000	0.000000	0.000000	0.000000	0.000000	1651932621.973571	0.000000
139.000000	-276.894713	-377.642008	-235.299546	-256.222416	0.000000	0.000000	0.000000	0.000000	0.000000	0.000000	0.000000	0.000000	1651932621.989262	0.000000
139.000000	71.882747	-570.224416	-346.950519	-338.993882	0.000000	0.000000	0.000000	0.000000	0.000000	0.000000	0.000000	0.000000	1651932621.989262	0.000000
140.000000	328.514682	-453.805070	-283.671412	-251.225910	0.000000	0.000000	0.000000	0.000000	0.000000	0.000000	0.000000	0.000000	1651932621.989981	0.000000
140.000000	-1.458561	-251.700877	-175.083416	-172.605733	0.000000	0.000000	0.000000	0.000000	0.000000	0.000000	0.000000	0.000000	1651932621.989981	0.000000
141.000000	-271.950565	-359.982200	-226.851112	-249.486856	0.000000	0.000000	0.000000	0.000000	0.000000	0.000000	0.000000	0.000000	1651932622.003575	0.000000
141.000000	83.626033	-562.067694	-335.992612	-317.152866	0.000000	0.000000	0.000000	0.000000	0.000000	0.000000	0.000000	0.000000	1651932622.003575	0.000000
142.000000	331.682377	-459.998345	-297.011635	-276.129903	0.000000	0.000000	0.000000	0.000000	0.000000	0.000000	0.000000	0.000000	1651932622.019280	0.000000
142.000000	-0.512366	-252.187064	-180.042524	-189.143570	0.000000	0.000000	0.000000	0.000000	0.000000	0.000000	0.000000	0.000000	1651932622.019280	0.000000
143.000000	-263.180500	-355.097891	-230.018807	-256.637545	0.000000	0.000000	0.000000	0.000000	0.000000	0.000000	0.000000	0.000000	1651932622.019971	0.000000
143.000000	84.905079	-561.383293	-334.975359	-322.979630	0.000000	0.000000	0.000000	0.000000	0.000000	0.000000	0.000000	0.000000	1651932622.019971	0.000000
144.000000	344.764547	-447.970827	-276.502023	-234.164486	0.000000	0.000000	0.000000	0.000000	0.000000	0.000000	0.000000	0.000000	1651932622.033564	0.000000
144.000000	11.814344	-248.166671	-163.553305	-148.217845	0.000000	0.000000	0.000000	0.000000	0.000000	0.000000	0.000000	0.000000	1651932622.033564	0.000000
145.000000	-251.007125	-357.970134	-221.297360	-224.792297	0.000000	0.000000	0.000000	0.000000	0.000000	0.000000	0.000000	0.000000	1651932622.049245	0.000000
145.000000	99.703863	-556.828095	-334.900561	-321.435051	0.000000	0.000000	0.000000	0.000000	0.000000	0.000000	0.000000	0.000000	1651932622.049245	0.000000
146.000000	350.714728	-445.936321	-268.678153	-233.850334	0.000000	0.000000	0.000000	0.000000	0.000000	0.000000	0.000000	0.000000	1651932622.049965	0.000000
146.000000	27.091835	-218.251212	-141.121385	-134.671927	0.000000	0.000000	0.000000	0.000000	0.000000	0.000000	0.000000	0.000000	1651932622.049965	0.000000
147.000000	-250.098330	-342.101739	-212.747949	-225.869388	0.000000	0.000000	0.000000	0.000000	0.000000	0.000000	0.000000	0.000000	1651932622.063571	0.000000
147.000000	105.470789	-542.773551	-319.907302	-310.125594	0.000000	0.000000	0.000000	0.000000	0.000000	0.000000	0.000000	0.000000	1651932622.063571	0.000000
148.000000	344.723408	-442.177722	-266.643647	-231.539076	0.000000	0.000000	0.000000	0.000000	0.000000	0.000000	0.000000	0.000000	1651932622.079231	0.000000
148.000000	13.867549	-232.358114	-150.198122	-141.467326	0.000000	0.000000	0.000000	0.000000	0.000000	0.000000	0.000000	0.000000	1651932622.079231	0.000000
149.000000	-261.340469	-360.206594	-232.760154	-255.317360	0.000000	0.000000	0.000000	0.000000	0.000000	0.000000	0.000000	0.000000	1651932622.079960	0.000000
149.000000	85.050935	-556.379307	-345.821069	-342.161577	0.000000	0.000000	0.000000	0.000000	0.000000	0.000000	0.000000	0.000000	1651932622.079960	0.000000
150.000000	356.507833	-436.040546	-267.328049	-242.470804	0.000000	0.000000	0.000000	0.000000	0.000000	0.000000	0.000000	0.000000	1651932622.093588	0.000000
150.000000	7.300285	-246.999823	-173.662254	-166.984663	0.000000	0.000000	0.000000	0.000000	0.000000	0.000000	0.000000	0.000000	1651932622.093588	0.000000
151.000000	-257.054544	-351.649703	-224.285540	-242.261369	0.000000	0.000000	0.000000	0.000000	0.000000	0.000000	0.000000	0.000000	1651932622.109224	0.000000
151.000000	83.745710	-557.834128	-336.018791	-319.370627	0.000000	0.000000	0.000000	0.000000	0.000000	0.000000	0.000000	0.000000	1651932622.109224	0.000000
152.000000	349.185109	-444.717114	-269.972158	-234.890027	0.000000	0.000000	0.000000	0.000000	0.000000	0.000000	0.000000	0.000000	1651932622.109983	0.000000
152.000000	9.802278	-242.526902	-168.452574	-158.951358	0.000000	0.000000	0.000000	0.000000	0.000000	0.000000	0.000000	0.000000	1651932622.109983	0.000000
153.000000	-256.433720	-352.913789	-227.786087	-253.570827	0.000000	0.000000	0.000000	0.000000	0.000000	0.000000	0.000000	0.000000	1651932622.123559	0.000000
153.000000	93.821000	-549.673666	-328.482893	-328.204270	0.000000	0.000000	0.000000	0.000000	0.000000	0.000000	0.000000	0.000000	1651932622.123559	0.000000
154.000000	350.886764	-444.163608	-265.660053	-227.724378	0.000000	0.000000	0.000000	0.000000	0.000000	0.000000	0.000000	0.000000	1651932622.139242	0.000000
154.000000	29.358215	-217.492012	-135.410558	-126.376829	0.000000	0.000000	0.000000	0.000000	0.000000	0.000000	0.000000	0.000000	1651932622.139242	0.000000
155.000000	-238.953428	-325.414305	-196.460685	-204.881069	0.000000	0.000000	0.000000	0.000000	0.000000	0.000000	0.000000	0.000000	1651932622.139981	0.000000
155.000000	117.083178	-528.793804	-319.828764	-308.435159	0.000000	0.000000	0.000000	0.000000	0.000000	0.000000	0.000000	0.000000	1651932622.139981	0.000000
156.000000	368.262339	-428.033420	-259.470519	-229.556929	0.000000	0.000000	0.000000	0.000000	0.000000	0.000000	0.000000	0.000000	1651932622.153557	0.000000
156.000000	36.202232	-207.214767	-141.996522	-143.262478	0.000000	0.000000	0.000000	0.000000	0.000000	0.000000	0.000000	0.000000	1651932622.153557	0.000000
157.000000	-232.475921	-332.396698	-205.197091	-227.167133	0.000000	0.000000	0.000000	0.000000	0.000000	0.000000	0.000000	0.000000	1651932622.169230	0.000000
157.000000	109.696876	-536.535397	-319.357537	-310.574382	0.000000	0.000000	0.000000	0.000000	0.000000	0.000000	0.000000	0.000000	1651932622.169230	0.000000
158.000000	361.317345	-425.651104	-247.312104	-213.942847	0.000000	0.000000	0.000000	0.000000	0.000000	0.000000	0.000000	0.000000	1651932622.169975	0.000000
158.000000	11.208480	-242.362347	-162.629550	-166.229203	0.000000	0.000000	0.000000	0.000000	0.000000	0.000000	0.000000	0.000000	1651932622.169975	0.000000
159.000000	-260.465332	-355.183909	-228.728541	-251.050134	0.000000	0.000000	0.000000	0.000000	0.000000	0.000000	0.000000	0.000000	1651932622.183568	0.000000
159.000000	87.081701	-553.566902	-327.551658	-321.550988	0.000000	0.000000	0.000000	0.000000	0.000000	0.000000	0.000000	0.000000	1651932622.183568	0.000000
160.000000	330.545448	-463.618568	-277.897006	-245.182231	0.000000	0.000000	0.000000	0.000000	0.000000	0.000000	0.000000	0.000000	1651932622.199269	0.000000
160.000000	-14.503332	-263.560100	-168.733066	-170.200977	0.000000	0.000000	0.000000	0.000000	0.000000	0.000000	0.000000	0.000000	1651932622.199269	0.000000
161.000000	-274.325402	-364.399022	-221.058007	-247.931058	0.000000	0.000000	0.000000	0.000000	0.000000	0.000000	0.000000	0.000000	1651932622.200024	0.000000
161.000000	67.963332	-580.737275	-346.120261	-334.363886	0.000000	0.000000	0.000000	0.000000	0.000000	0.000000	0.000000	0.000000	1651932622.200024	0.000000
162.000000	319.849334	-477.041069	-291.730896	-252.650811	0.000000	0.000000	0.000000	0.000000	0.000000	0.000000	0.000000	0.000000	1651932622.213578	0.000000
162.000000	-11.096283	-267.632851	-178.957953	-173.604286	0.000000	0.000000	0.000000	0.000000	0.000000	0.000000	0.000000	0.000000	1651932622.213578	0.000000
163.000000	-258.438307	-351.907756	-226.851112	-244.838160	0.000000	0.000000	0.000000	0.000000	0.000000	0.000000	0.000000	0.000000	1651932622.229312	0.000000
163.000000	88.839453	-556.962731	-334.526571	-315.032343	0.000000	0.000000	0.000000	0.000000	0.000000	0.000000	0.000000	0.000000	1651932622.229312	0.000000
164.000000	372.630542	-414.427664	-241.642416	-203.815198	0.000000	0.000000	0.000000	0.000000	0.000000	0.000000	0.000000	0.000000	1651932622.229998	0.000000
164.000000	34.923186	-221.418907	-151.768880	-145.719592	0.000000	0.000000	0.000000	0.000000	0.000000	0.000000	0.000000	0.000000	1651932622.229998	0.000000
165.000000	-252.125356	-348.036960	-222.797060	-244.303355	0.000000	0.000000	0.000000	0.000000	0.000000	0.000000	0.000000	0.000000	1651932622.243551	0.000000
165.000000	103.810273	-526.953774	-304.349318	-304.029557	0.000000	0.000000	0.000000	0.000000	0.000000	0.000000	0.000000	0.000000	1651932622.243551	0.000000
166.000000	366.530765	-416.488349	-248.471473	-228.651873	0.000000	0.000000	0.000000	0.000000	0.000000	0.000000	0.000000	0.000000	1651932622.259348	0.000000
166.000000	31.590935	-219.657414	-141.222362	-155.398453	0.000000	0.000000	0.000000	0.000000	0.000000	0.000000	0.000000	0.000000	1651932622.259348	0.000000
167.000000	-248.463993	-347.962162	-213.286494	-247.796421	0.000000	0.000000	0.000000	0.000000	0.000000	0.000000	0.000000	0.000000	1651932622.260027	0.000000
167.000000	100.231189	-549.060322	-325.588210	-325.021615	0.000000	0.000000	0.000000	0.000000	0.000000	0.000000	0.000000	0.000000	1651932622.260027	0.000000
168.000000	349.854551	-449.896875	-264.781177	-245.866633	0.000000	0.000000	0.000000	0.000000	0.000000	0.000000	0.000000	0.000000	1651932622.273576	0.000000
168.000000	14.207880	-237.152666	-143.974929	-151.082608	0.000000	0.000000	0.000000	0.000000	0.000000	0.000000	0.000000	0.000000	1651932622.273576	0.000000
169.000000	-250.793951	-352.659476	-212.239322	-241.266556	0.000000	0.000000	0.000000	0.000000	0.000000	0.000000	0.000000	0.000000	1651932622.289346	0.000000
169.000000	78.562208	-565.392465	-331.665548	-337.868172	0.000000	0.000000	0.000000	0.000000	0.000000	0.000000	0.000000	0.000000	1651932622.289346	0.000000
170.000000	330.208857	-463.390434	-271.441939	-251.181031	0.000000	0.000000	0.000000	0.000000	0.000000	0.000000	0.000000	0.000000	1651932622.290019	0.000000
170.000000	4.888049	-252.856506	-155.366664	-166.924825	0.000000	0.000000	0.000000	0.000000	0.000000	0.000000	0.000000	0.000000	1651932622.290019	0.000000
171.000000	-268.236845	-374.051704	-231.937376	-254.722716	0.000000	0.000000	0.000000	0.000000	0.000000	0.000000	0.000000	0.000000	1651932622.303555	0.000000
171.000000	76.897953	-582.106078	-346.352135	-347.027187	0.000000	0.000000	0.000000	0.000000	0.000000	0.000000	0.000000	0.000000	1651932622.303555	0.000000
172.000000	323.226464	-477.740430	-285.085094	-267.647810	0.000000	0.000000	0.000000	0.000000	0.000000	0.000000	0.000000	0.000000	1651932622.319293	0.000000
172.000000	5.239600	-255.055567	-153.837045	-163.203624	0.000000	0.000000	0.000000	0.000000	0.000000	0.000000	0.000000	0.000000	1651932622.319293	0.000000
173.000000	-268.371481	-380.368395	-233.582932	-251.775675	0.000000	0.000000	0.000000	0.000000	0.000000	0.000000	0.000000	0.000000	1651932622.320016	0.000000
173.000000	90.163378	-558.787802	-331.605709	-324.685025	0.000000	0.000000	0.000000	0.000000	0.000000	0.000000	0.000000	0.000000	1651932622.320016	0.000000
174.000000	365.315298	-422.094459	-233.855944	-197.775259	0.000000	0.000000	0.000000	0.000000	0.000000	0.000000	0.000000	0.000000	1651932622.333558	0.000000
174.000000	31.856468	-228.146987	-134.135252	-136.440900	0.000000	0.000000	0.000000	0.000000	0.000000	0.000000	0.000000	0.000000	1651932622.333558	0.000000
175.000000	-231.114598	-337.527841	-196.176452	-229.205379	0.000000	0.000000	0.000000	0.000000	0.000000	0.000000	0.000000	0.000000	1651932622.349297	0.000000
175.000000	114.955175	-533.928687	-307.531973	-310.761377	0.000000	0.000000	0.000000	0.000000	0.000000	0.000000	0.000000	0.000000	1651932622.349297	0.000000
176.000000	381.729719	-403.522116	-226.802493	-205.180261	0.000000	0.000000	0.000000	0.000000	0.000000	0.000000	0.000000	0.000000	1651932622.350012	0.000000
176.000000	24.791797	-236.640300	-139.973236	-150.476745	0.000000	0.000000	0.000000	0.000000	0.000000	0.000000	0.000000	0.000000	1651932622.350012	0.000000
177.000000	-244.641816	-354.364871	-212.732989	-243.035529	0.000000	0.000000	0.000000	0.000000	0.000000	0.000000	0.000000	0.000000	1651932622.363564	0.000000
177.000000	97.179430	-546.678006	-310.759507	-310.376167	0.000000	0.000000	0.000000	0.000000	0.000000	0.000000	0.000000	0.000000	1651932622.363564	0.000000
178.000000	348.863478	-438.636036	-252.147795	-223.255198	0.000000	0.000000	0.000000	0.000000	0.000000	0.000000	0.000000	0.000000	1651932622.379288	0.000000
178.000000	0.852697	-252.508695	-148.272074	-139.649734	0.000000	0.000000	0.000000	0.000000	0.000000	0.000000	0.000000	0.000000	1651932622.379288	0.000000
179.000000	-257.312597	-355.595298	-205.907672	-218.767318	0.000000	0.000000	0.000000	0.000000	0.000000	0.000000	0.000000	0.000000	1651932622.379986	0.000000
179.000000	82.507803	-571.466063	-340.697406	-326.551235	0.000000	0.000000	0.000000	0.000000	0.000000	0.000000	0.000000	0.000000	1651932622.379986	0.000000
180.000000	321.363993	-477.646933	-289.296221	-257.886671	0.000000	0.000000	0.000000	0.000000	0.000000	0.000000	0.000000	0.000000	1651932622.393605	0.000000
180.000000	-8.751366	-264.704509	-170.191627	-171.696937	0.000000	0.000000	0.000000	0.000000	0.000000	0.000000	0.000000	0.000000	1651932622.393605	0.000000
181.000000	-272.290896	-369.788218	-224.767987	-245.062554	0.000000	0.000000	0.000000	0.000000	0.000000	0.000000	0.000000	0.000000	1651932622.409304	0.000000
181.000000	82.208611	-559.539522	-323.677121	-315.888780	0.000000	0.000000	0.000000	0.000000	0.000000	0.000000	0.000000	0.000000	1651932622.409304	0.000000
182.000000	322.033435	-472.212858	-280.888926	-239.807995	0.000000	0.000000	0.000000	0.000000	0.000000	0.000000	0.000000	0.000000	1651932622.410019	0.000000
182.000000	-21.885895	-279.694028	-181.919954	-172.961023	0.000000	0.000000	0.000000	0.000000	0.000000	0.000000	0.000000	0.000000	1651932622.410019	0.000000
183.000000	-281.640646	-382.301923	-236.485094	-252.703170	0.000000	0.000000	0.000000	0.000000	0.000000	0.000000	0.000000	0.000000	1651932622.423697	0.000000
183.000000	83.734490	-556.555082	-331.067164	-317.586694	0.000000	0.000000	0.000000	0.000000	0.000000	0.000000	0.000000	0.000000	1651932622.423697	0.000000
184.000000	362.072804	-431.863077	-252.499346	-218.864555	0.000000	0.000000	0.000000	0.000000	0.000000	0.000000	0.000000	0.000000	1651932622.439271	0.000000
184.000000	12.569804	-251.244609	-162.173282	-158.655906	0.000000	0.000000	0.000000	0.000000	0.000000	0.000000	0.000000	0.000000	1651932622.439271	0.000000
185.000000	-247.802031	-359.050965	-215.900685	-235.054582	0.000000	0.000000	0.000000	0.000000	0.000000	0.000000	0.000000	0.000000	1651932622.440007	0.000000
185.000000	99.004502	-548.087948	-317.543686	-299.736152	0.000000	0.000000	0.000000	0.000000	0.000000	0.000000	0.000000	0.000000	1651932622.440007	0.000000
186.000000	356.496614	-435.157929	-259.698653	-226.119961	0.000000	0.000000	0.000000	0.000000	0.000000	0.000000	0.000000	0.000000	1651932622.453590	0.000000
186.000000	19.395121	-248.447164	-153.564032	-158.177199	0.000000	0.000000	0.000000	0.000000	0.000000	0.000000	0.000000	0.000000	1651932622.453590	0.000000
187.000000	-253.310904	-365.883762	-225.048480	-247.059661	0.000000	0.000000	0.000000	0.000000	0.000000	0.000000	0.000000	0.000000	1651932622.469042	0.000000
187.000000	84.471250	-568.855613	-340.087802	-344.876744	0.000000	0.000000	0.000000	0.000000	0.000000	0.000000	0.000000	0.000000	1651932622.469042	0.000000
188.000000	337.632558	-462.575136	-278.222377	-247.800161	0.000000	0.000000	0.000000	0.000000	0.000000	0.000000	0.000000	0.000000	1651932622.484261	0.000000
188.000000	-3.848357	-270.276960	-165.726187	-171.708157	0.000000	0.000000	0.000000	0.000000	0.000000	0.000000	0.000000	0.000000	1651932622.484261	0.000000
189.000000	-272.197399	-372.918514	-225.968495	-244.980277	0.000000	0.000000	0.000000	0.000000	0.000000	0.000000	0.000000	0.000000	1651932622.485036	0.000000
189.000000	59.769211	-577.651858	-345.787410	-324.449411	0.000000	0.000000	0.000000	0.000000	0.000000	0.000000	0.000000	0.000000	1651932622.485036	0.000000
190.000000	323.996883	-459.792650	-272.208618	-239.613520	0.000000	0.000000	0.000000	0.000000	0.000000	0.000000	0.000000	0.000000	1651932622.499316	0.000000
190.000000	-4.970327	-257.972689	-164.944548	-161.917099	0.000000	0.000000	0.000000	0.000000	0.000000	0.000000	0.000000	0.000000	1651932622.499316	0.000000
191.000000	-294.599399	-397.549495	-245.472073	-251.573720	0.000000	0.000000	0.000000	0.000000	0.000000	0.000000	0.000000	0.000000	1651932622.500028	0.000000
191.000000	56.941847	-590.722808	-344.205432	-322.523362	0.000000	0.000000	0.000000	0.000000	0.000000	0.000000	0.000000	0.000000	1651932622.500028	0.000000
192.000000	323.884686	-453.154328	-268.274244	-224.272451	0.000000	0.000000	0.000000	0.000000	0.000000	0.000000	0.000000	0.000000	1651932622.513602	0.000000
192.000000	4.764633	-244.307095	-150.860084	-141.721639	0.000000	0.000000	0.000000	0.000000	0.000000	0.000000	0.000000	0.000000	1651932622.513602	0.000000
193.000000	-249.387749	-351.773120	-203.016729	-210.793851	0.000000	0.000000	0.000000	0.000000	0.000000	0.000000	0.000000	0.000000	1651932622.529303	0.000000
193.000000	99.700123	-554.793589	-322.880523	-306.703586	0.000000	0.000000	0.000000	0.000000	0.000000	0.000000	0.000000	0.000000	1651932622.529303	0.000000
194.000000	348.478268	-441.900969	-269.048403	-236.898353	0.000000	0.000000	0.000000	0.000000	0.000000	0.000000	0.000000	0.000000	1651932622.529969	0.000000
194.000000	32.013544	-220.349296	-146.484401	-143.943139	0.000000	0.000000	0.000000	0.000000	0.000000	0.000000	0.000000	0.000000	1651932622.529969	0.000000
195.000000	-236.170942	-339.442670	-225.242955	-252.576013	0.000000	0.000000	0.000000	0.000000	0.000000	0.000000	0.000000	0.000000	1651932622.543588	0.000000
195.000000	120.273313	-525.809364	-309.637537	-307.462785	0.000000	0.000000	0.000000	0.000000	0.000000	0.000000	0.000000	0.000000	1651932622.543588	0.000000
196.000000	366.598083	-430.621431	-253.408141	-229.758884	0.000000	0.000000	0.000000	0.000000	0.000000	0.000000	0.000000	0.000000	1651932622.559310	0.000000
196.000000	35.226118	-212.364609	-131.109673	-140.764224	0.000000	0.000000	0.000000	0.000000	0.000000	0.000000	0.000000	0.000000	1651932622.559310	0.000000
197.000000	-239.155382	-342.984355	-212.661931	-235.626787	0.000000	0.000000	0.000000	0.000000	0.000000	0.000000	0.000000	0.000000	1651932622.560018	0.000000
197.000000	102.920177	-554.486917	-325.064624	-319.796975	0.000000	0.000000	0.000000	0.000000	0.000000	0.000000	0.000000	0.000000	1651932622.560018	0.000000
198.000000	349.024293	-449.448087	-271.767310	-237.425679	0.000000	0.000000	0.000000	0.000000	0.000000	0.000000	0.000000	0.000000	1651932622.573617	0.000000
198.000000	13.044771	-253.563347	-159.218761	-155.776183	0.000000	0.000000	0.000000	0.000000	0.000000	0.000000	0.000000	0.000000	1651932622.573617	0.000000
199.000000	-258.101716	-366.239053	-227.255021	-242.100554	0.000000	0.000000	0.000000	0.000000	0.000000	0.000000	0.000000	0.000000	1651932622.589337	0.000000
199.000000	85.896152	-567.737383	-333.464440	-318.390773	0.000000	0.000000	0.000000	0.000000	0.000000	0.000000	0.000000	0.000000	1651932622.589337	0.000000
200.000000	328.563301	-469.374274	-281.928618	-248.469603	0.000000	0.000000	0.000000	0.000000	0.000000	0.000000	0.000000	0.000000	1651932622.590028	0.000000
200.000000	-3.751120	-264.865325	-168.542331	-165.365286	0.000000	0.000000	0.000000	0.000000	0.000000	0.000000	0.000000	0.000000	1651932622.590028	0.000000
0.000000	-264.483855	-380.302947	-221.072966	-223.318776	0.000000	0.000000	0.000000	0.000000	0.000000	0.000000	0.000000	0.000000	1651932622.604305	0.000000
101.000000	67.587472	-585.559876	-347.462885	-327.841500	0.000000	0.000000	0.000000	0.000000	0.000000	0.000000	0.000000	0.000000	1651932622.604994	0.000000
101.000000	328.576390	-455.882585	-270.813636	-243.529195	0.000000	0.000000	0.000000	0.000000	0.000000	0.000000	0.000000	0.000000	1651932622.604994	0.000000
102.000000	-10.297815	-256.983486	-152.819792	-142.338722	0.000000	0.000000	0.000000	0.000000	0.000000	0.000000	0.000000	0.000000	1651932622.618592	0.000000
102.000000	-263.896691	-364.528049	-226.982008	-241.670465	0.000000	0.000000	0.000000	0.000000	0.000000	0.000000	0.000000	0.000000	1651932622.618592	0.000000
103.000000	77.457068	-572.369249	-341.710919	-331.027895	0.000000	0.000000	0.000000	0.000000	0.000000	0.000000	0.000000	0.000000	1651932622.634280	0.000000
103.000000	340.379515	-446.428118	-276.232751	-254.371165	0.000000	0.000000	0.000000	0.000000	0.000000	0.000000	0.000000	0.000000	1651932622.634280	0.000000
104.000000	29.502201	-208.166571	-132.807587	-142.234005	0.000000	0.000000	0.000000	0.000000	0.000000	0.000000	0.000000	0.000000	1651932622.635012	0.000000
104.000000	-242.687718	-339.298684	-214.875952	-238.431712	0.000000	0.000000	0.000000	0.000000	0.000000	0.000000	0.000000	0.000000	1651932622.635012	0.000000
105.000000	97.076583	-545.557906	-326.803678	-323.851027	0.000000	0.000000	0.000000	0.000000	0.000000	0.000000	0.000000	0.000000	1651932622.648601	0.000000
105.000000	354.276983	-432.971958	-257.342516	-223.718945	0.000000	0.000000	0.000000	0.000000	0.000000	0.000000	0.000000	0.000000	1651932622.648601	0.000000
106.000000	-1.800762	-252.368449	-172.424348	-165.391466	0.000000	0.000000	0.000000	0.000000	0.000000	0.000000	0.000000	0.000000	1651932622.664338	0.000000
106.000000	-261.035667	-368.705517	-230.108564	-247.975937	0.000000	0.000000	0.000000	0.000000	0.000000	0.000000	0.000000	0.000000	1651932622.664338	0.000000
107.000000	74.842878	-572.687140	-351.090588	-346.843932	0.000000	0.000000	0.000000	0.000000	0.000000	0.000000	0.000000	0.000000	1651932622.665003	0.000000
107.000000	319.196721	-466.795613	-280.746810	-257.146171	0.000000	0.000000	0.000000	0.000000	0.000000	0.000000	0.000000	0.000000	1651932622.665003	0.000000
