167.000000	74.642793	-11.954590	-19.350242	305.751781	0.000000	0.000000	0.000000	0.000000	0.000000	0.000000	0.000000	0.000000	1652280022.652618	0.000000
167.000000	53.837730	-40.205794	-34.721231	310.112504	0.000000	0.000000	0.000000	0.000000	0.000000	0.000000	0.000000	0.000000	1652280022.652618	0.000000
168.000000	0.005610	-78.124640	-71.428349	301.420977	0.000000	0.000000	0.000000	0.000000	0.000000	0.000000	0.000000	0.000000	1652280022.666356	0.000000
168.000000	27.995021	-43.354790	-45.424825	318.445001	0.000000	0.000000	0.000000	0.000000	0.000000	0.000000	0.000000	0.000000	1652280022.666356	0.000000
169.000000	90.114759	6.815968	4.173728	340.383255	0.000000	0.000000	0.000000	0.000000	0.000000	0.000000	0.000000	0.000000	1652280022.682050	0.000000
169.000000	54.140662	-29.797653	-20.352536	331.171881	0.000000	0.000000	0.000000	0.000000	0.000000	0.000000	0.000000	0.000000	1652280022.682050	0.000000
170.000000	16.109619	-52.768118	-44.983517	330.162108	0.000000	0.000000	0.000000	0.000000	0.000000	0.000000	0.000000	0.000000	1652280022.682616	0.000000
170.000000	54.312697	-18.862185	-22.439400	343.663147	0.000000	0.000000	0.000000	0.000000	0.000000	0.000000	0.000000	0.000000	1652280022.682616	0.000000
171.000000	103.559700	15.982462	10.875629	346.920600	0.000000	0.000000	0.000000	0.000000	0.000000	0.000000	0.000000	0.000000	1652280022.696404	0.000000
171.000000	85.092074	-9.086087	-5.882863	335.087556	0.000000	0.000000	0.000000	0.000000	0.000000	0.000000	0.000000	0.000000	1652280022.696404	0.000000
172.000000	32.516560	-37.348511	-36.890373	329.245832	0.000000	0.000000	0.000000	0.000000	0.000000	0.000000	0.000000	0.000000	1652280022.712131	0.000000
172.000000	69.878161	-17.859892	-24.608542	336.878968	0.000000	0.000000	0.000000	0.000000	0.000000	0.000000	0.000000	0.000000	1652280022.712131	0.000000
173.000000	116.911143	22.747941	8.725187	343.636968	0.000000	0.000000	0.000000	0.000000	0.000000	0.000000	0.000000	0.000000	1652280022.712690	0.000000
173.000000	83.640993	-9.875206	-18.938853	322.304578	0.000000	0.000000	0.000000	0.000000	0.000000	0.000000	0.000000	0.000000	1652280022.712690	0.000000
174.000000	13.805841	-57.760885	-64.262701	297.759615	0.000000	0.000000	0.000000	0.000000	0.000000	0.000000	0.000000	0.000000	1652280022.726357	0.000000
174.000000	37.516806	-41.264186	-50.757922	301.338699	0.000000	0.000000	0.000000	0.000000	0.000000	0.000000	0.000000	0.000000	1652280022.726357	0.000000
175.000000	90.440131	-2.503863	-12.266872	306.817652	0.000000	0.000000	0.000000	0.000000	0.000000	0.000000	0.000000	0.000000	1652280022.742154	0.000000
175.000000	52.109896	-45.759546	-46.872166	285.242170	0.000000	0.000000	0.000000	0.000000	0.000000	0.000000	0.000000	0.000000	1652280022.742154	0.000000
176.000000	5.271389	-72.630727	-81.286726	290.384532	0.000000	0.000000	0.000000	0.000000	0.000000	0.000000	0.000000	0.000000	1652280022.742704	0.000000
176.000000	40.482547	-49.050658	-56.704363	298.234582	0.000000	0.000000	0.000000	0.000000	0.000000	0.000000	0.000000	0.000000	1652280022.742704	0.000000
177.000000	102.639684	4.800162	-11.058884	310.415436	0.000000	0.000000	0.000000	0.000000	0.000000	0.000000	0.000000	0.000000	1652280022.756279	0.000000
177.000000	50.382062	-45.744586	-48.196091	295.657791	0.000000	0.000000	0.000000	0.000000	0.000000	0.000000	0.000000	0.000000	1652280022.756279	0.000000
178.000000	-3.031189	-82.893013	-81.907549	288.735236	0.000000	0.000000	0.000000	0.000000	0.000000	0.000000	0.000000	0.000000	1652280022.772003	0.000000
178.000000	27.587372	-49.177814	-56.315414	311.847818	0.000000	0.000000	0.000000	0.000000	0.000000	0.000000	0.000000	0.000000	1652280022.772003	0.000000
179.000000	75.132720	-19.471789	-29.268457	315.318445	0.000000	0.000000	0.000000	0.000000	0.000000	0.000000	0.000000	0.000000	1652280022.772667	0.000000
179.000000	47.420061	-42.004686	-46.273782	304.416637	0.000000	0.000000	0.000000	0.000000	0.000000	0.000000	0.000000	0.000000	1652280022.772667	0.000000
180.000000	0.177645	-71.901447	-72.071612	304.914043	0.000000	0.000000	0.000000	0.000000	0.000000	0.000000	0.000000	0.000000	1652280022.786652	0.000000
180.000000	30.706449	-36.914683	-40.761170	323.015159	0.000000	0.000000	0.000000	0.000000	0.000000	0.000000	0.000000	0.000000	1652280022.786652	0.000000
181.000000	75.360854	-2.298169	-3.511766	336.523678	0.000000	0.000000	0.000000	0.000000	0.000000	0.000000	0.000000	0.000000	1652280022.802108	0.000000
181.000000	54.798884	-20.227249	-17.674767	333.011912	0.000000	0.000000	0.000000	0.000000	0.000000	0.000000	0.000000	0.000000	1652280022.802108	0.000000
182.000000	19.935537	-53.979846	-51.397445	322.237260	0.000000	0.000000	0.000000	0.000000	0.000000	0.000000	0.000000	0.000000	1652280022.802706	0.000000
182.000000	40.714421	-27.927703	-31.175806	329.421608	0.000000	0.000000	0.000000	0.000000	0.000000	0.000000	0.000000	0.000000	1652280022.802706	0.000000
183.000000	87.059261	3.502416	-4.835691	327.368403	0.000000	0.000000	0.000000	0.000000	0.000000	0.000000	0.000000	0.000000	1652280022.816338	0.000000
183.000000	67.398607	-21.640931	-25.704332	313.848664	0.000000	0.000000	0.000000	0.000000	0.000000	0.000000	0.000000	0.000000	1652280022.816338	0.000000
184.000000	12.541755	-60.614429	-65.164017	301.391058	0.000000	0.000000	0.000000	0.000000	0.000000	0.000000	0.000000	0.000000	1652280022.832187	0.000000
184.000000	38.489180	-49.548065	-61.689650	298.230842	0.000000	0.000000	0.000000	0.000000	0.000000	0.000000	0.000000	0.000000	1652280022.832187	0.000000
185.000000	87.134059	-11.554421	-18.856576	306.159430	0.000000	0.000000	0.000000	0.000000	0.000000	0.000000	0.000000	0.000000	1652280022.832574	0.000000
185.000000	72.836422	-22.018661	-28.344702	301.316260	0.000000	0.000000	0.000000	0.000000	0.000000	0.000000	0.000000	0.000000	1652280022.832574	0.000000
186.000000	24.292520	-51.287118	-65.620285	297.819453	0.000000	0.000000	0.000000	0.000000	0.000000	0.000000	0.000000	0.000000	1652280022.846320	0.000000
186.000000	36.589311	-43.863417	-54.280908	303.231088	0.000000	0.000000	0.000000	0.000000	0.000000	0.000000	0.000000	0.000000	1652280022.846320	0.000000
187.000000	91.236729	-6.823447	-16.904348	313.755167	0.000000	0.000000	0.000000	0.000000	0.000000	0.000000	0.000000	0.000000	1652280022.862015	0.000000
187.000000	59.638315	-36.196622	-39.302609	299.659484	0.000000	0.000000	0.000000	0.000000	0.000000	0.000000	0.000000	0.000000	1652280022.862015	0.000000
188.000000	-3.831528	-77.956345	-80.606064	287.456190	0.000000	0.000000	0.000000	0.000000	0.000000	0.000000	0.000000	0.000000	1652280022.862705	0.000000
188.000000	33.761947	-48.340077	-58.162924	302.651404	0.000000	0.000000	0.000000	0.000000	0.000000	0.000000	0.000000	0.000000	1652280022.862705	0.000000
189.000000	88.843193	0.091628	-10.288465	324.496160	0.000000	0.000000	0.000000	0.000000	0.000000	0.000000	0.000000	0.000000	1652280022.876449	0.000000
189.000000	54.903601	-29.820092	-27.024517	316.182362	0.000000	0.000000	0.000000	0.000000	0.000000	0.000000	0.000000	0.000000	1652280022.876449	0.000000
190.000000	10.791481	-60.457353	-60.642478	315.800892	0.000000	0.000000	0.000000	0.000000	0.000000	0.000000	0.000000	0.000000	1652280022.891922	0.000000
190.000000	42.883563	-28.664463	-36.976391	336.785471	0.000000	0.000000	0.000000	0.000000	0.000000	0.000000	0.000000	0.000000	1652280022.891922	0.000000
191.000000	89.897845	7.309634	-2.128003	340.140161	0.000000	0.000000	0.000000	0.000000	0.000000	0.000000	0.000000	0.000000	1652280022.892754	0.000000
191.000000	77.664632	-15.855306	-14.854883	328.419315	0.000000	0.000000	0.000000	0.000000	0.000000	0.000000	0.000000	0.000000	1652280022.892754	0.000000
192.000000	30.515714	-46.993713	-51.315167	320.285032	0.000000	0.000000	0.000000	0.000000	0.000000	0.000000	0.000000	0.000000	1652280022.906333	0.000000
192.000000	56.706233	-25.852058	-39.897253	321.967987	0.000000	0.000000	0.000000	0.000000	0.000000	0.000000	0.000000	0.000000	1652280022.906333	0.000000
193.000000	103.380185	4.332674	-6.017499	327.517999	0.000000	0.000000	0.000000	0.000000	0.000000	0.000000	0.000000	0.000000	1652280022.921986	0.000000
193.000000	71.688272	-23.686656	-21.702639	309.656237	0.000000	0.000000	0.000000	0.000000	0.000000	0.000000	0.000000	0.000000	1652280022.921986	0.000000
194.000000	23.080793	-58.886595	-61.689650	306.223008	0.000000	0.000000	0.000000	0.000000	0.000000	0.000000	0.000000	0.000000	1652280022.922686	0.000000
194.000000	44.211227	-34.023740	-44.385133	315.056652	0.000000	0.000000	0.000000	0.000000	0.000000	0.000000	0.000000	0.000000	1652280022.922686	0.000000
195.000000	102.377891	6.565394	-5.793105	326.698961	0.000000	0.000000	0.000000	0.000000	0.000000	0.000000	0.000000	0.000000	1652280022.936339	0.000000
195.000000	78.764163	-12.653952	-14.447234	319.499653	0.000000	0.000000	0.000000	0.000000	0.000000	0.000000	0.000000	0.000000	1652280022.936339	0.000000
196.000000	33.675929	-50.408242	-49.598553	318.138330	0.000000	0.000000	0.000000	0.000000	0.000000	0.000000	0.000000	0.000000	1652280022.952139	0.000000
196.000000	50.535398	-37.258753	-38.464871	317.622223	0.000000	0.000000	0.000000	0.000000	0.000000	0.000000	0.000000	0.000000	1652280022.952139	0.000000
197.000000	90.556068	-4.280315	-10.696114	325.663008	0.000000	0.000000	0.000000	0.000000	0.000000	0.000000	0.000000	0.000000	1652280022.952696	0.000000
197.000000	68.838469	-20.100092	-27.211512	314.031919	0.000000	0.000000	0.000000	0.000000	0.000000	0.000000	0.000000	0.000000	1652280022.952696	0.000000
198.000000	17.796314	-51.451674	-55.447757	314.364771	0.000000	0.000000	0.000000	0.000000	0.000000	0.000000	0.000000	0.000000	1652280022.966505	0.000000
198.000000	27.116145	-44.263586	-52.089327	309.525340	0.000000	0.000000	0.000000	0.000000	0.000000	0.000000	0.000000	0.000000	1652280022.966505	0.000000
199.000000	60.692966	-22.987295	-28.281123	306.828872	0.000000	0.000000	0.000000	0.000000	0.000000	0.000000	0.000000	0.000000	1652280022.982015	0.000000
199.000000	56.104109	-25.818399	-24.328049	319.350057	0.000000	0.000000	0.000000	0.000000	0.000000	0.000000	0.000000	0.000000	1652280022.982015	0.000000
200.000000	2.545002	-70.035237	-68.335452	311.283093	0.000000	0.000000	0.000000	0.000000	0.000000	0.000000	0.000000	0.000000	1652280022.982787	0.000000
200.000000	27.894044	-41.649396	-50.454990	325.083324	0.000000	0.000000	0.000000	0.000000	0.000000	0.000000	0.000000	0.000000	1652280022.982787	0.000000
0.000000	90.849650	-1.462301	-5.205941	334.648118	0.000000	0.000000	0.000000	0.000000	0.000000	0.000000	0.000000	0.000000	1652280022.997115	0.000000
101.000000	73.990181	-14.888542	-15.071797	323.750050	0.000000	0.000000	0.000000	0.000000	0.000000	0.000000	0.000000	0.000000	1652280022.997626	0.000000
101.000000	23.553890	-50.526048	-56.109719	316.790096	0.000000	0.000000	0.000000	0.000000	0.000000	0.000000	0.000000	0.000000	1652280022.997626	0.000000
102.000000	51.569480	-30.674659	-43.753090	320.402839	0.000000	0.000000	0.000000	0.000000	0.000000	0.000000	0.000000	0.000000	1652280023.011366	0.000000
102.000000	91.122662	3.825918	-8.826164	326.813028	0.000000	0.000000	0.000000	0.000000	0.000000	0.000000	0.000000	0.000000	1652280023.011366	0.000000
103.000000	76.495914	-16.406941	-18.217053	319.583801	0.000000	0.000000	0.000000	0.000000	0.000000	0.000000	0.000000	0.000000	1652280023.043453	0.000000
103.000000	15.786118	-59.359692	-62.635844	304.167933	0.000000	0.000000	0.000000	0.000000	0.000000	0.000000	0.000000	0.000000	1652280023.043453	0.000000
104.000000	28.086649	-45.645479	-53.398292	308.569796	0.000000	0.000000	0.000000	0.000000	0.000000	0.000000	0.000000	0.000000	1652280023.044071	0.000000
104.000000	71.533066	-13.987226	-20.307657	305.248764	0.000000	0.000000	0.000000	0.000000	0.000000	0.000000	0.000000	0.000000	1652280023.044071	0.000000
105.000000	51.442324	-36.871674	-34.818469	300.787064	0.000000	0.000000	0.000000	0.000000	0.000000	0.000000	0.000000	0.000000	1652280023.044788	0.000000
105.000000	-2.056945	-75.138330	-71.443309	295.356729	0.000000	0.000000	0.000000	0.000000	0.000000	0.000000	0.000000	0.000000	1652280023.044788	0.000000
106.000000	26.949719	-52.904625	-54.587580	304.425986	0.000000	0.000000	0.000000	0.000000	0.000000	0.000000	0.000000	0.000000	1652280023.045565	0.000000
106.000000	78.844571	-13.568357	-23.120062	312.567749	0.000000	0.000000	0.000000	0.000000	0.000000	0.000000	0.000000	0.000000	1652280023.045565	0.000000
107.000000	52.971943	-35.364494	-35.274736	301.886594	0.000000	0.000000	0.000000	0.000000	0.000000	0.000000	0.000000	0.000000	1652280023.056400	0.000000
107.000000	8.007126	-72.759754	-70.646710	301.232112	0.000000	0.000000	0.000000	0.000000	0.000000	0.000000	0.000000	0.000000	1652280023.056400	0.000000
108.000000	25.120908	-51.576960	-55.339300	304.093135	0.000000	0.000000	0.000000	0.000000	0.000000	0.000000	0.000000	0.000000	1652280023.071544	0.000000
108.000000	78.904409	-10.512859	-14.925941	317.766210	0.000000	0.000000	0.000000	0.000000	0.000000	0.000000	0.000000	0.000000	1652280023.071544	0.000000
109.000000	68.440169	-30.151073	-23.965279	312.373274	0.000000	0.000000	0.000000	0.000000	0.000000	0.000000	0.000000	0.000000	1652280023.086989	0.000000
109.000000	8.025825	-66.918030	-67.871704	302.376521	0.000000	0.000000	0.000000	0.000000	0.000000	0.000000	0.000000	0.000000	1652280023.086989	0.000000
110.000000	29.672366	-44.007403	-50.735483	311.905786	0.000000	0.000000	0.000000	0.000000	0.000000	0.000000	0.000000	0.000000	1652280023.087730	0.000000
110.000000	94.780285	4.241047	-6.630843	330.676344	0.000000	0.000000	0.000000	0.000000	0.000000	0.000000	0.000000	0.000000	1652280023.087730	0.000000
111.000000	90.853390	-4.985287	-8.392336	328.391265	0.000000	0.000000	0.000000	0.000000	0.000000	0.000000	0.000000	0.000000	1652280023.101376	0.000000
111.000000	33.423486	-51.891112	-57.534621	304.100615	0.000000	0.000000	0.000000	0.000000	0.000000	0.000000	0.000000	0.000000	1652280023.101376	0.000000
112.000000	48.985210	-37.066148	-46.752489	304.665340	0.000000	0.000000	0.000000	0.000000	0.000000	0.000000	0.000000	0.000000	1652280023.117088	0.000000
112.000000	110.757137	6.795398	-10.441801	312.171319	0.000000	0.000000	0.000000	0.000000	0.000000	0.000000	0.000000	0.000000	1652280023.117088	0.000000
113.000000	89.054498	-10.976606	-20.075783	305.723732	0.000000	0.000000	0.000000	0.000000	0.000000	0.000000	0.000000	0.000000	1652280023.117642	0.000000
113.000000	29.691066	-51.494682	-60.990288	296.407641	0.000000	0.000000	0.000000	0.000000	0.000000	0.000000	0.000000	0.000000	1652280023.117642	0.000000
114.000000	57.153151	-36.134913	-46.400939	304.736398	0.000000	0.000000	0.000000	0.000000	0.000000	0.000000	0.000000	0.000000	1652280023.131314	0.000000
114.000000	101.631781	3.781039	-9.353490	316.580661	0.000000	0.000000	0.000000	0.000000	0.000000	0.000000	0.000000	0.000000	1652280023.131314	0.000000
115.000000	80.527526	-17.843063	-24.286910	308.113528	0.000000	0.000000	0.000000	0.000000	0.000000	0.000000	0.000000	0.000000	1652280023.147044	0.000000
115.000000	17.555090	-57.542101	-66.401924	305.708772	0.000000	0.000000	0.000000	0.000000	0.000000	0.000000	0.000000	0.000000	1652280023.147044	0.000000
116.000000	31.774190	-40.574175	-51.610619	318.712404	0.000000	0.000000	0.000000	0.000000	0.000000	0.000000	0.000000	0.000000	1652280023.147667	0.000000
116.000000	87.263086	-2.300038	-12.524925	325.885532	0.000000	0.000000	0.000000	0.000000	0.000000	0.000000	0.000000	0.000000	1652280023.147667	0.000000
117.000000	58.989442	-25.162047	-28.505517	315.395113	0.000000	0.000000	0.000000	0.000000	0.000000	0.000000	0.000000	0.000000	1652280023.161391	0.000000
117.000000	4.031612	-67.407957	-71.155337	300.682347	0.000000	0.000000	0.000000	0.000000	0.000000	0.000000	0.000000	0.000000	1652280023.161391	0.000000
118.000000	32.544609	-42.683478	-50.944917	311.763670	0.000000	0.000000	0.000000	0.000000	0.000000	0.000000	0.000000	0.000000	1652280023.177089	0.000000
118.000000	80.362970	-8.066964	-15.303671	321.491150	0.000000	0.000000	0.000000	0.000000	0.000000	0.000000	0.000000	0.000000	1652280023.177089	0.000000
119.000000	63.398784	-28.827149	-25.573436	313.035236	0.000000	0.000000	0.000000	0.000000	0.000000	0.000000	0.000000	0.000000	1652280023.177706	0.000000
119.000000	21.994352	-59.412051	-62.418930	302.615875	0.000000	0.000000	0.000000	0.000000	0.000000	0.000000	0.000000	0.000000	1652280023.177706	0.000000
120.000000	36.557522	-44.392612	-52.885925	307.455305	0.000000	0.000000	0.000000	0.000000	0.000000	0.000000	0.000000	0.000000	1652280023.191340	0.000000
120.000000	95.019638	-5.501393	-14.133082	323.256383	0.000000	0.000000	0.000000	0.000000	0.000000	0.000000	0.000000	0.000000	1652280023.191340	0.000000
121.000000	74.192135	-20.872382	-22.910627	309.837622	0.000000	0.000000	0.000000	0.000000	0.000000	0.000000	0.000000	0.000000	1652280023.207010	0.000000
121.000000	13.931127	-55.814267	-59.729942	303.595729	0.000000	0.000000	0.000000	0.000000	0.000000	0.000000	0.000000	0.000000	1652280023.207010	0.000000
122.000000	36.015237	-37.926325	-56.861439	300.629988	0.000000	0.000000	0.000000	0.000000	0.000000	0.000000	0.000000	0.000000	1652280023.207697	0.000000
122.000000	79.805725	-5.407895	-22.368342	304.968272	0.000000	0.000000	0.000000	0.000000	0.000000	0.000000	0.000000	0.000000	1652280023.207697	0.000000
123.000000	72.310966	-25.506118	-29.421793	293.958006	0.000000	0.000000	0.000000	0.000000	0.000000	0.000000	0.000000	0.000000	1652280023.221532	0.000000
123.000000	17.712166	-60.406864	-74.622224	286.833497	0.000000	0.000000	0.000000	0.000000	0.000000	0.000000	0.000000	0.000000	1652280023.221532	0.000000
124.000000	40.091728	-45.413605	-59.292374	294.664848	0.000000	0.000000	0.000000	0.000000	0.000000	0.000000	0.000000	0.000000	1652280023.237062	0.000000
124.000000	86.709580	-11.335637	-22.054190	303.483532	0.000000	0.000000	0.000000	0.000000	0.000000	0.000000	0.000000	0.000000	1652280023.237062	0.000000
125.000000	62.699423	-32.409973	-40.102947	289.810457	0.000000	0.000000	0.000000	0.000000	0.000000	0.000000	0.000000	0.000000	1652280023.237715	0.000000
125.000000	20.195460	-69.973528	-69.573359	291.310157	0.000000	0.000000	0.000000	0.000000	0.000000	0.000000	0.000000	0.000000	1652280023.237715	0.000000
126.000000	35.846941	-49.273182	-58.551874	307.137414	0.000000	0.000000	0.000000	0.000000	0.000000	0.000000	0.000000	0.000000	1652280023.251282	0.000000
126.000000	87.992366	-8.396075	-14.787564	324.520469	0.000000	0.000000	0.000000	0.000000	0.000000	0.000000	0.000000	0.000000	1652280023.251282	0.000000
127.000000	66.742255	-17.611189	-19.997245	323.581754	0.000000	0.000000	0.000000	0.000000	0.000000	0.000000	0.000000	0.000000	1652280023.267030	0.000000
127.000000	18.018838	-58.933344	-57.340146	319.299569	0.000000	0.000000	0.000000	0.000000	0.000000	0.000000	0.000000	0.000000	1652280023.267030	0.000000
128.000000	30.412866	-44.714244	-48.757076	322.815075	0.000000	0.000000	0.000000	0.000000	0.000000	0.000000	0.000000	0.000000	1652280023.267712	0.000000
128.000000	89.469627	-5.531312	-9.619023	335.672851	0.000000	0.000000	0.000000	0.000000	0.000000	0.000000	0.000000	0.000000	1652280023.267712	0.000000
129.000000	73.634890	-19.552197	-13.912428	328.469803	0.000000	0.000000	0.000000	0.000000	0.000000	0.000000	0.000000	0.000000	1652280023.281341	0.000000
129.000000	20.128142	-53.387072	-50.032382	318.884440	0.000000	0.000000	0.000000	0.000000	0.000000	0.000000	0.000000	0.000000	1652280023.281341	0.000000
130.000000	37.264363	-36.890373	-41.266056	327.998576	0.000000	0.000000	0.000000	0.000000	0.000000	0.000000	0.000000	0.000000	1652280023.297134	0.000000
130.000000	83.807418	-9.439507	-20.158061	318.076621	0.000000	0.000000	0.000000	0.000000	0.000000	0.000000	0.000000	0.000000	1652280023.297134	0.000000
131.000000	65.092959	-35.764663	-28.729911	304.444686	0.000000	0.000000	0.000000	0.000000	0.000000	0.000000	0.000000	0.000000	1652280023.297743	0.000000
131.000000	9.039338	-73.597491	-74.947595	287.637576	0.000000	0.000000	0.000000	0.000000	0.000000	0.000000	0.000000	0.000000	1652280023.297743	0.000000
132.000000	26.747764	-54.292128	-60.676137	296.908788	0.000000	0.000000	0.000000	0.000000	0.000000	0.000000	0.000000	0.000000	1652280023.311411	0.000000
132.000000	100.502332	0.071058	-9.469427	317.624093	0.000000	0.000000	0.000000	0.000000	0.000000	0.000000	0.000000	0.000000	1652280023.311411	0.000000
133.000000	84.387103	-22.514198	-23.131281	300.371935	0.000000	0.000000	0.000000	0.000000	0.000000	0.000000	0.000000	0.000000	1652280023.327028	0.000000
133.000000	17.338176	-63.058453	-69.801493	284.432481	0.000000	0.000000	0.000000	0.000000	0.000000	0.000000	0.000000	0.000000	1652280023.327028	0.000000
134.000000	41.314675	-40.693851	-51.547041	299.982985	0.000000	0.000000	0.000000	0.000000	0.000000	0.000000	0.000000	0.000000	1652280023.327682	0.000000
134.000000	100.307857	7.591997	-6.077337	320.126086	0.000000	0.000000	0.000000	0.000000	0.000000	0.000000	0.000000	0.000000	1652280023.327682	0.000000
135.000000	76.783886	-22.719892	-25.737991	312.092781	0.000000	0.000000	0.000000	0.000000	0.000000	0.000000	0.000000	0.000000	1652280023.341276	0.000000
135.000000	21.867195	-63.634398	-65.410850	309.688026	0.000000	0.000000	0.000000	0.000000	0.000000	0.000000	0.000000	0.000000	1652280023.341276	0.000000
136.000000	41.150119	-40.716291	-47.665025	321.592127	0.000000	0.000000	0.000000	0.000000	0.000000	0.000000	0.000000	0.000000	1652280023.356936	0.000000
136.000000	91.578930	-3.478107	-12.711920	323.970704	0.000000	0.000000	0.000000	0.000000	0.000000	0.000000	0.000000	0.000000	1652280023.356936	0.000000
137.000000	64.816206	-24.933913	-24.066256	322.448564	0.000000	0.000000	0.000000	0.000000	0.000000	0.000000	0.000000	0.000000	1652280023.357661	0.000000
137.000000	11.589950	-68.103578	-63.125771	315.256737	0.000000	0.000000	0.000000	0.000000	0.000000	0.000000	0.000000	0.000000	1652280023.357661	0.000000
138.000000	23.991458	-45.929711	-42.260869	326.596113	0.000000	0.000000	0.000000	0.000000	0.000000	0.000000	0.000000	0.000000	1652280023.371263	0.000000
138.000000	91.777145	4.069011	-2.187841	339.730642	0.000000	0.000000	0.000000	0.000000	0.000000	0.000000	0.000000	0.000000	1652280023.371263	0.000000
139.000000	79.252220	-15.026918	-9.159015	339.487549	0.000000	0.000000	0.000000	0.000000	0.000000	0.000000	0.000000	0.000000	1652280023.386859	0.000000
139.000000	24.451466	-54.602539	-52.683971	326.813028	0.000000	0.000000	0.000000	0.000000	0.000000	0.000000	0.000000	0.000000	1652280023.386859	0.000000
140.000000	30.121154	-40.738730	-46.142886	323.937045	0.000000	0.000000	0.000000	0.000000	0.000000	0.000000	0.000000	0.000000	1652280023.387724	0.000000
140.000000	79.648649	-7.019792	-12.132235	327.643285	0.000000	0.000000	0.000000	0.000000	0.000000	0.000000	0.000000	0.000000	1652280023.387724	0.000000
141.000000	52.725110	-38.535929	-36.759477	300.985278	0.000000	0.000000	0.000000	0.000000	0.000000	0.000000	0.000000	0.000000	1652280023.401266	0.000000
141.000000	0.194475	-77.670242	-72.486741	292.607903	0.000000	0.000000	0.000000	0.000000	0.000000	0.000000	0.000000	0.000000	1652280023.401266	0.000000
142.000000	9.869596	-65.126618	-66.544040	295.577383	0.000000	0.000000	0.000000	0.000000	0.000000	0.000000	0.000000	0.000000	1652280023.417036	0.000000
142.000000	64.150504	-26.370035	-27.450866	302.885148	0.000000	0.000000	0.000000	0.000000	0.000000	0.000000	0.000000	0.000000	1652280023.417036	0.000000
143.000000	38.008603	-39.429765	-40.334821	293.299784	0.000000	0.000000	0.000000	0.000000	0.000000	0.000000	0.000000	0.000000	1652280023.417688	0.000000
143.000000	-9.114136	-83.612943	-80.172235	279.832404	0.000000	0.000000	0.000000	0.000000	0.000000	0.000000	0.000000	0.000000	1652280023.417688	0.000000
144.000000	-12.079877	-71.742501	-73.773267	282.046425	0.000000	0.000000	0.000000	0.000000	0.000000	0.000000	0.000000	0.000000	1652280023.431452	0.000000
144.000000	46.501916	-35.884340	-32.780223	292.566764	0.000000	0.000000	0.000000	0.000000	0.000000	0.000000	0.000000	0.000000	1652280023.431452	0.000000
145.000000	34.867087	-50.279215	-45.810035	284.851350	0.000000	0.000000	0.000000	0.000000	0.000000	0.000000	0.000000	0.000000	1652280023.447055	0.000000
145.000000	-10.890589	-79.622470	-75.553459	287.775952	0.000000	0.000000	0.000000	0.000000	0.000000	0.000000	0.000000	0.000000	1652280023.447055	0.000000
146.000000	4.611297	-62.078599	-66.846972	293.853289	0.000000	0.000000	0.000000	0.000000	0.000000	0.000000	0.000000	0.000000	1652280023.447723	0.000000
146.000000	63.525941	-17.764525	-18.209573	315.219338	0.000000	0.000000	0.000000	0.000000	0.000000	0.000000	0.000000	0.000000	1652280023.447723	0.000000
147.000000	53.173898	-26.766464	-22.095329	325.193651	0.000000	0.000000	0.000000	0.000000	0.000000	0.000000	0.000000	0.000000	1652280023.461350	0.000000
147.000000	20.322616	-55.234582	-53.024302	319.512743	0.000000	0.000000	0.000000	0.000000	0.000000	0.000000	0.000000	0.000000	1652280023.461350	0.000000
148.000000	45.611820	-32.118261	-34.766110	328.896152	0.000000	0.000000	0.000000	0.000000	0.000000	0.000000	0.000000	0.000000	1652280023.477117	0.000000
148.000000	101.239092	9.918215	0.777899	340.953589	0.000000	0.000000	0.000000	0.000000	0.000000	0.000000	0.000000	0.000000	1652280023.477117	0.000000
149.000000	89.630442	-5.149842	-6.817838	332.168564	0.000000	0.000000	0.000000	0.000000	0.000000	0.000000	0.000000	0.000000	1652280023.477677	0.000000
149.000000	44.792782	-45.858653	-39.713998	322.725317	0.000000	0.000000	0.000000	0.000000	0.000000	0.000000	0.000000	0.000000	1652280023.477677	0.000000
150.000000	54.209850	-23.168680	-29.784563	330.777322	0.000000	0.000000	0.000000	0.000000	0.000000	0.000000	0.000000	0.000000	1652280023.491284	0.000000
150.000000	94.540931	3.414529	-0.912536	332.445317	0.000000	0.000000	0.000000	0.000000	0.000000	0.000000	0.000000	0.000000	1652280023.491284	0.000000
151.000000	77.266333	-17.368095	-18.643401	318.521669	0.000000	0.000000	0.000000	0.000000	0.000000	0.000000	0.000000	0.000000	1652280023.507053	0.000000
151.000000	32.047203	-50.664425	-51.614359	315.522270	0.000000	0.000000	0.000000	0.000000	0.000000	0.000000	0.000000	0.000000	1652280023.507053	0.000000
152.000000	41.931758	-42.848034	-48.413005	321.319115	0.000000	0.000000	0.000000	0.000000	0.000000	0.000000	0.000000	0.000000	1652280023.507654	0.000000
152.000000	95.300131	-2.105564	-7.434921	329.116806	0.000000	0.000000	0.000000	0.000000	0.000000	0.000000	0.000000	0.000000	1652280023.507654	0.000000
153.000000	78.590258	-12.150935	-13.990966	320.006410	0.000000	0.000000	0.000000	0.000000	0.000000	0.000000	0.000000	0.000000	1652280023.521210	0.000000
153.000000	19.260485	-62.961216	-61.184763	301.703339	0.000000	0.000000	0.000000	0.000000	0.000000	0.000000	0.000000	0.000000	1652280023.521210	0.000000
154.000000	36.508903	-39.321308	-47.945517	318.607687	0.000000	0.000000	0.000000	0.000000	0.000000	0.000000	0.000000	0.000000	1652280023.537143	0.000000
154.000000	85.445494	-6.159615	-7.547118	328.185571	0.000000	0.000000	0.000000	0.000000	0.000000	0.000000	0.000000	0.000000	1652280023.537143	0.000000
155.000000	81.555998	-13.471120	-12.468826	328.249149	0.000000	0.000000	0.000000	0.000000	0.000000	0.000000	0.000000	0.000000	1652280023.537912	0.000000
155.000000	30.136114	-49.650912	-50.567187	316.057075	0.000000	0.000000	0.000000	0.000000	0.000000	0.000000	0.000000	0.000000	1652280023.537912	0.000000
156.000000	37.380300	-42.328188	-47.395752	318.925579	0.000000	0.000000	0.000000	0.000000	0.000000	0.000000	0.000000	0.000000	1652280023.551261	0.000000
156.000000	100.390135	6.264332	-2.793705	332.658491	0.000000	0.000000	0.000000	0.000000	0.000000	0.000000	0.000000	0.000000	1652280023.551261	0.000000
157.000000	97.861962	-1.840031	-8.706487	332.946464	0.000000	0.000000	0.000000	0.000000	0.000000	0.000000	0.000000	0.000000	1652280023.567212	0.000000
157.000000	40.850927	-39.740177	-43.558615	323.439638	0.000000	0.000000	0.000000	0.000000	0.000000	0.000000	0.000000	0.000000	1652280023.567212	0.000000
158.000000	49.396599	-29.350735	-37.941285	329.718930	0.000000	0.000000	0.000000	0.000000	0.000000	0.000000	0.000000	0.000000	1652280023.567739	0.000000
158.000000	119.280369	23.516491	9.076737	351.578645	0.000000	0.000000	0.000000	0.000000	0.000000	0.000000	0.000000	0.000000	1652280023.567739	0.000000
159.000000	106.231858	9.682601	1.709134	338.668510	0.000000	0.000000	0.000000	0.000000	0.000000	0.000000	0.000000	0.000000	1652280023.581436	0.000000
159.000000	39.650419	-37.212005	-37.825348	332.262062	0.000000	0.000000	0.000000	0.000000	0.000000	0.000000	0.000000	0.000000	1652280023.581436	0.000000
160.000000	41.628826	-30.599861	-43.083647	322.601900	0.000000	0.000000	0.000000	0.000000	0.000000	0.000000	0.000000	0.000000	1652280023.597115	0.000000
160.000000	86.881616	2.711427	-9.289911	328.084594	0.000000	0.000000	0.000000	0.000000	0.000000	0.000000	0.000000	0.000000	1652280023.597115	0.000000
161.000000	66.386964	-29.537730	-27.218992	315.567148	0.000000	0.000000	0.000000	0.000000	0.000000	0.000000	0.000000	0.000000	1652280023.597761	0.000000
161.000000	8.859823	-66.188749	-65.706302	302.286764	0.000000	0.000000	0.000000	0.000000	0.000000	0.000000	0.000000	0.000000	1652280023.597761	0.000000
162.000000	19.107149	-54.052774	-65.294913	310.899753	0.000000	0.000000	0.000000	0.000000	0.000000	0.000000	0.000000	0.000000	1652280023.611424	0.000000
162.000000	69.210589	-20.352536	-26.224178	318.510450	0.000000	0.000000	0.000000	0.000000	0.000000	0.000000	0.000000	0.000000	1652280023.611424	0.000000
163.000000	57.171851	-29.070242	-32.555829	307.141154	0.000000	0.000000	0.000000	0.000000	0.000000	0.000000	0.000000	0.000000	1652280023.627141	0.000000
163.000000	-0.022439	-71.783640	-75.736714	294.533951	0.000000	0.000000	0.000000	0.000000	0.000000	0.000000	0.000000	0.000000	1652280023.627141	0.000000
164.000000	10.819531	-65.788580	-70.934682	298.098076	0.000000	0.000000	0.000000	0.000000	0.000000	0.000000	0.000000	0.000000	1652280023.627779	0.000000
164.000000	71.319892	-15.217653	-24.619761	314.232004	0.000000	0.000000	0.000000	0.000000	0.000000	0.000000	0.000000	0.000000	1652280023.627779	0.000000
165.000000	71.331112	-22.813390	-21.960693	315.701785	0.000000	0.000000	0.000000	0.000000	0.000000	0.000000	0.000000	0.000000	1652280023.641379	0.000000
165.000000	26.972158	-57.123232	-61.233382	310.768857	0.000000	0.000000	0.000000	0.000000	0.000000	0.000000	0.000000	0.000000	1652280023.641379	0.000000
166.000000	48.184871	-43.749350	-50.593367	317.687672	0.000000	0.000000	0.000000	0.000000	0.000000	0.000000	0.000000	0.000000	1652280023.657511	0.000000
166.000000	114.235244	12.281831	1.989627	341.350019	0.000000	0.000000	0.000000	0.000000	0.000000	0.000000	0.000000	0.000000	1652280023.657511	0.000000
167.000000	105.674613	3.317291	0.957414	336.346033	0.000000	0.000000	0.000000	0.000000	0.000000	0.000000	0.000000	0.000000	1652280023.657768	0.000000
167.000000	50.425071	-38.704225	-32.380054	336.626525	0.000000	0.000000	0.000000	0.000000	0.000000	0.000000	0.000000	0.000000	1652280023.657768	0.000000
168.000000	59.587826	-25.595875	-30.480185	334.371365	0.000000	0.000000	0.000000	0.000000	0.000000	0.000000	0.000000	0.000000	1652280023.671466	0.000000
168.000000	108.023270	17.278338	8.504532	341.522054	0.000000	0.000000	0.000000	0.000000	0.000000	0.000000	0.000000	0.000000	1652280023.671466	0.000000
169.000000	93.905148	-1.189288	1.499700	338.062647	0.000000	0.000000	0.000000	0.000000	0.000000	0.000000	0.000000	0.000000	1652280023.687130	0.000000
169.000000	26.916060	-51.023455	-46.419638	316.868634	0.000000	0.000000	0.000000	0.000000	0.000000	0.000000	0.000000	0.000000	1652280023.687130	0.000000
170.000000	34.003170	-38.311535	-40.716291	320.623493	0.000000	0.000000	0.000000	0.000000	0.000000	0.000000	0.000000	0.000000	1652280023.687760	0.000000
170.000000	83.295052	-1.185548	-9.802278	326.547495	0.000000	0.000000	0.000000	0.000000	0.000000	0.000000	0.000000	0.000000	1652280023.687760	0.000000
171.000000	77.075598	-13.026072	-12.244432	318.753543	0.000000	0.000000	0.000000	0.000000	0.000000	0.000000	0.000000	0.000000	1652280023.701449	0.000000
171.000000	9.645202	-71.114198	-64.258961	303.296537	0.000000	0.000000	0.000000	0.000000	0.000000	0.000000	0.000000	0.000000	1652280023.701449	0.000000
172.000000	21.994352	-58.181624	-56.973636	308.203285	0.000000	0.000000	0.000000	0.000000	0.000000	0.000000	0.000000	0.000000	1652280023.717274	0.000000
172.000000	72.079092	-20.393674	-21.448326	315.604547	0.000000	0.000000	0.000000	0.000000	0.000000	0.000000	0.000000	0.000000	1652280023.717274	0.000000
173.000000	66.529080	-20.038384	-17.682247	315.929919	0.000000	0.000000	0.000000	0.000000	0.000000	0.000000	0.000000	0.000000	1652280023.717770	0.000000
173.000000	-3.021839	-79.805725	-76.854944	294.949080	0.000000	0.000000	0.000000	0.000000	0.000000	0.000000	0.000000	0.000000	1652280023.717770	0.000000
174.000000	14.933421	-61.895344	-67.131204	304.381108	0.000000	0.000000	0.000000	0.000000	0.000000	0.000000	0.000000	0.000000	1652280023.731430	0.000000
174.000000	79.648649	-11.952720	-16.003032	323.462077	0.000000	0.000000	0.000000	0.000000	0.000000	0.000000	0.000000	0.000000	1652280023.731430	0.000000
175.000000	64.782547	-25.274244	-23.363155	308.659553	0.000000	0.000000	0.000000	0.000000	0.000000	0.000000	0.000000	0.000000	1652280023.747203	0.000000
175.000000	10.774652	-70.949642	-65.119138	302.974905	0.000000	0.000000	0.000000	0.000000	0.000000	0.000000	0.000000	0.000000	1652280023.747203	0.000000
176.000000	29.537730	-55.215883	-57.164371	312.017983	0.000000	0.000000	0.000000	0.000000	0.000000	0.000000	0.000000	0.000000	1652280023.747712	0.000000
176.000000	96.246325	-0.261793	-6.215714	329.591773	0.000000	0.000000	0.000000	0.000000	0.000000	0.000000	0.000000	0.000000	1652280023.747712	0.000000
177.000000	78.522939	-17.349396	-12.476306	316.404886	0.000000	0.000000	0.000000	0.000000	0.000000	0.000000	0.000000	0.000000	1652280023.761453	0.000000
177.000000	30.304409	-50.641985	-47.990396	312.840761	0.000000	0.000000	0.000000	0.000000	0.000000	0.000000	0.000000	0.000000	1652280023.761453	0.000000
178.000000	48.371866	-30.745718	-35.244817	321.326594	0.000000	0.000000	0.000000	0.000000	0.000000	0.000000	0.000000	0.000000	1652280023.777101	0.000000
178.000000	98.467826	4.233567	-3.208834	327.119699	0.000000	0.000000	0.000000	0.000000	0.000000	0.000000	0.000000	0.000000	1652280023.777101	0.000000
179.000000	78.537899	-12.330450	-9.308611	314.037529	0.000000	0.000000	0.000000	0.000000	0.000000	0.000000	0.000000	0.000000	1652280023.777734	0.000000
179.000000	18.531204	-51.921031	-45.159292	312.885640	0.000000	0.000000	0.000000	0.000000	0.000000	0.000000	0.000000	0.000000	1652280023.777734	0.000000
180.000000	36.228411	-35.383193	-41.995337	318.873220	0.000000	0.000000	0.000000	0.000000	0.000000	0.000000	0.000000	0.000000	1652280023.791393	0.000000
180.000000	81.746733	-1.724094	-4.682355	324.153959	0.000000	0.000000	0.000000	0.000000	0.000000	0.000000	0.000000	0.000000	1652280023.791393	0.000000
181.000000	66.869411	-16.728573	-13.635675	315.185679	0.000000	0.000000	0.000000	0.000000	0.000000	0.000000	0.000000	0.000000	1652280023.807190	0.000000
181.000000	9.809758	-64.674090	-59.864579	301.112435	0.000000	0.000000	0.000000	0.000000	0.000000	0.000000	0.000000	0.000000	1652280023.807190	0.000000
182.000000	2.513213	-69.558399	-72.165110	297.742785	0.000000	0.000000	0.000000	0.000000	0.000000	0.000000	0.000000	0.000000	1652280023.807709	0.000000
182.000000	67.722108	-23.441693	-27.794936	306.423093	0.000000	0.000000	0.000000	0.000000	0.000000	0.000000	0.000000	0.000000	1652280023.807709	0.000000
183.000000	62.725602	-33.834875	-33.804956	306.168780	0.000000	0.000000	0.000000	0.000000	0.000000	0.000000	0.000000	0.000000	1652280023.821345	0.000000
183.000000	-4.401862	-82.947241	-78.911889	288.826864	0.000000	0.000000	0.000000	0.000000	0.000000	0.000000	0.000000	0.000000	1652280023.821345	0.000000
184.000000	12.917614	-59.419530	-62.029981	305.155267	0.000000	0.000000	0.000000	0.000000	0.000000	0.000000	0.000000	0.000000	1652280023.837016	0.000000
184.000000	65.698823	-21.594182	-23.740885	314.516237	0.000000	0.000000	0.000000	0.000000	0.000000	0.000000	0.000000	0.000000	1652280023.837016	0.000000
185.000000	74.341731	-18.987472	-17.611189	317.160346	0.000000	0.000000	0.000000	0.000000	0.000000	0.000000	0.000000	0.000000	1652280023.837745	0.000000
185.000000	30.906533	-51.027195	-57.699177	307.081315	0.000000	0.000000	0.000000	0.000000	0.000000	0.000000	0.000000	0.000000	1652280023.837745	0.000000
186.000000	46.236383	-30.083755	-36.905333	319.942831	0.000000	0.000000	0.000000	0.000000	0.000000	0.000000	0.000000	0.000000	1652280023.851354	0.000000
186.000000	104.231012	12.640862	-0.493667	330.246256	0.000000	0.000000	0.000000	0.000000	0.000000	0.000000	0.000000	0.000000	1652280023.851354	0.000000
187.000000	102.230165	5.669688	-1.563278	326.375459	0.000000	0.000000	0.000000	0.000000	0.000000	0.000000	0.000000	0.000000	1652280023.867388	0.000000
187.000000	39.111874	-32.548349	-37.683232	317.220184	0.000000	0.000000	0.000000	0.000000	0.000000	0.000000	0.000000	0.000000	1652280023.867388	0.000000
188.000000	48.371866	-30.756937	-31.931266	319.774536	0.000000	0.000000	0.000000	0.000000	0.000000	0.000000	0.000000	0.000000	1652280023.867800	0.000000
188.000000	103.011804	8.403555	-2.008326	323.821108	0.000000	0.000000	0.000000	0.000000	0.000000	0.000000	0.000000	0.000000	1652280023.867800	0.000000
189.000000	90.299884	-7.333944	-11.081324	314.463878	0.000000	0.000000	0.000000	0.000000	0.000000	0.000000	0.000000	0.000000	1652280023.881303	0.000000
189.000000	23.441693	-58.589273	-62.815360	295.293151	0.000000	0.000000	0.000000	0.000000	0.000000	0.000000	0.000000	0.000000	1652280023.881303	0.000000
190.000000	31.007511	-47.264856	-58.750088	295.027618	0.000000	0.000000	0.000000	0.000000	0.000000	0.000000	0.000000	0.000000	1652280023.897155	0.000000
190.000000	75.489881	-13.964786	-23.482832	305.936906	0.000000	0.000000	0.000000	0.000000	0.000000	0.000000	0.000000	0.000000	1652280023.897155	0.000000
191.000000	60.485402	-33.685279	-35.046602	296.961146	0.000000	0.000000	0.000000	0.000000	0.000000	0.000000	0.000000	0.000000	1652280023.897764	0.000000
191.000000	0.815298	-81.645756	-75.755414	289.275652	0.000000	0.000000	0.000000	0.000000	0.000000	0.000000	0.000000	0.000000	1652280023.897764	0.000000
192.000000	3.867057	-67.864225	-72.079092	294.343216	0.000000	0.000000	0.000000	0.000000	0.000000	0.000000	0.000000	0.000000	1652280023.911533	0.000000
192.000000	58.787487	-26.212959	-36.119954	307.522624	0.000000	0.000000	0.000000	0.000000	0.000000	0.000000	0.000000	0.000000	1652280023.911533	0.000000
193.000000	54.969050	-33.890973	-27.925833	304.160454	0.000000	0.000000	0.000000	0.000000	0.000000	0.000000	0.000000	0.000000	1652280023.927164	0.000000
193.000000	-6.915075	-78.668796	-74.592305	290.928688	0.000000	0.000000	0.000000	0.000000	0.000000	0.000000	0.000000	0.000000	1652280023.927164	0.000000
194.000000	10.957907	-61.431597	-67.004048	304.508264	0.000000	0.000000	0.000000	0.000000	0.000000	0.000000	0.000000	0.000000	1652280023.927735	0.000000
194.000000	79.607510	-8.467133	-10.711073	325.388126	0.000000	0.000000	0.000000	0.000000	0.000000	0.000000	0.000000	0.000000	1652280023.927735	0.000000
195.000000	84.065471	-3.272412	-5.437815	333.316714	0.000000	0.000000	0.000000	0.000000	0.000000	0.000000	0.000000	0.000000	1652280023.941447	0.000000
195.000000	28.741131	-46.827287	-49.591073	322.426125	0.000000	0.000000	0.000000	0.000000	0.000000	0.000000	0.000000	0.000000	1652280023.941447	0.000000
196.000000	40.600354	-31.377761	-37.604694	332.007749	0.000000	0.000000	0.000000	0.000000	0.000000	0.000000	0.000000	0.000000	1652280023.957160	0.000000
196.000000	95.079477	1.207988	-7.872489	326.528795	0.000000	0.000000	0.000000	0.000000	0.000000	0.000000	0.000000	0.000000	1652280023.957160	0.000000
197.000000	94.413774	-3.766079	-7.621916	320.350480	0.000000	0.000000	0.000000	0.000000	0.000000	0.000000	0.000000	0.000000	1652280023.957744	0.000000
197.000000	54.576360	-30.854175	-35.981577	322.216691	0.000000	0.000000	0.000000	0.000000	0.000000	0.000000	0.000000	0.000000	1652280023.957744	0.000000
198.000000	57.250389	-24.975052	-35.267257	322.141893	0.000000	0.000000	0.000000	0.000000	0.000000	0.000000	0.000000	0.000000	1652280023.971447	0.000000
198.000000	104.964032	12.049958	-5.011466	319.725917	0.000000	0.000000	0.000000	0.000000	0.000000	0.000000	0.000000	0.000000	1652280023.971447	0.000000
199.000000	101.261531	-5.247080	-8.403555	315.305355	0.000000	0.000000	0.000000	0.000000	0.000000	0.000000	0.000000	0.000000	1652280023.987125	0.000000
199.000000	33.614221	-53.630165	-55.133605	295.902754	0.000000	0.000000	0.000000	0.000000	0.000000	0.000000	0.000000	0.000000	1652280023.987125	0.000000
200.000000	23.396814	-50.761662	-58.652851	295.902754	0.000000	0.000000	0.000000	0.000000	0.000000	0.000000	0.000000	0.000000	1652280023.987756	0.000000
200.000000	80.448988	-13.213067	-24.720739	299.201346	0.000000	0.000000	0.000000	0.000000	0.000000	0.000000	0.000000	0.000000	1652280023.987756	0.000000
0.000000	72.591458	-21.760608	-23.714706	297.099522	0.000000	0.000000	0.000000	0.000000	0.000000	0.000000	0.000000	0.000000	1652280024.002094	0.000000
101.000000	25.494898	-59.885148	-59.853359	294.275898	0.000000	0.000000	0.000000	0.000000	0.000000	0.000000	0.000000	0.000000	1652280024.002709	0.000000
101.000000	10.752212	-68.083009	-68.526187	293.049211	0.000000	0.000000	0.000000	0.000000	0.000000	0.000000	0.000000	0.000000	1652280024.002709	0.000000
102.000000	67.183563	-23.559500	-28.842108	313.891673	0.000000	0.000000	0.000000	0.000000	0.000000	0.000000	0.000000	0.000000	1652280024.016455	0.000000
102.000000	66.192489	-36.854844	-28.251204	313.379307	0.000000	0.000000	0.000000	0.000000	0.000000	0.000000	0.000000	0.000000	1652280024.016455	0.000000
103.000000	7.689234	-70.801916	-60.702316	310.922193	0.000000	0.000000	0.000000	0.000000	0.000000	0.000000	0.000000	0.000000	1652280024.031968	0.000000
103.000000	16.863209	-55.838576	-57.276568	320.163485	0.000000	0.000000	0.000000	0.000000	0.000000	0.000000	0.000000	0.000000	1652280024.031968	0.000000
104.000000	74.614744	-15.092366	-14.596830	335.485856	0.000000	0.000000	0.000000	0.000000	0.000000	0.000000	0.000000	0.000000	1652280024.032633	0.000000
104.000000	85.351997	-5.798715	-7.528419	333.342893	0.000000	0.000000	0.000000	0.000000	0.000000	0.000000	0.000000	0.000000	1652280024.032633	0.000000
105.000000	28.344702	-44.289765	-44.198138	327.796621	0.000000	0.000000	0.000000	0.000000	0.000000	0.000000	0.000000	0.000000	1652280024.063191	0.000000
105.000000	37.339161	-40.602224	-48.543901	325.975290	0.000000	0.000000	0.000000	0.000000	0.000000	0.000000	0.000000	0.000000	1652280024.063191	0.000000
106.000000	93.635875	-0.966764	-11.500192	329.315021	0.000000	0.000000	0.000000	0.000000	0.000000	0.000000	0.000000	0.000000	1652280024.063586	0.000000
106.000000	88.246679	-0.817168	-11.294498	323.806148	0.000000	0.000000	0.000000	0.000000	0.000000	0.000000	0.000000	0.000000	1652280024.063586	0.000000
107.000000	40.073028	-43.018199	-46.486956	315.080961	0.000000	0.000000	0.000000	0.000000	0.000000	0.000000	0.000000	0.000000	1652280024.064218	0.000000
107.000000	38.255437	-33.773167	-48.446664	316.042116	0.000000	0.000000	0.000000	0.000000	0.000000	0.000000	0.000000	0.000000	1652280024.064218	0.000000
108.000000	94.559630	5.043255	-12.319230	320.156006	0.000000	0.000000	0.000000	0.000000	0.000000	0.000000	0.000000	0.000000	1652280024.076247	0.000000
108.000000	88.216760	-5.536922	-15.928234	305.873328	0.000000	0.000000	0.000000	0.000000	0.000000	0.000000	0.000000	0.000000	1652280024.076247	0.000000
109.000000	25.296683	-58.740739	-63.783994	287.450581	0.000000	0.000000	0.000000	0.000000	0.000000	0.000000	0.000000	0.000000	1652280024.092610	0.000000
109.000000	27.409727	-50.868249	-61.547534	292.338630	0.000000	0.000000	0.000000	0.000000	0.000000	0.000000	0.000000	0.000000	1652280024.092610	0.000000
110.000000	72.071612	-14.176091	-28.872028	292.750019	0.000000	0.000000	0.000000	0.000000	0.000000	0.000000	0.000000	0.000000	1652280024.093382	0.000000
110.000000	71.357291	-27.591112	-34.620254	280.352250	0.000000	0.000000	0.000000	0.000000	0.000000	0.000000	0.000000	0.000000	1652280024.093382	0.000000
111.000000	8.052005	-81.625186	-80.306872	264.693289	0.000000	0.000000	0.000000	0.000000	0.000000	0.000000	0.000000	0.000000	1652280024.106338	0.000000
111.000000	8.672828	-73.431066	-80.086218	274.020600	0.000000	0.000000	0.000000	0.000000	0.000000	0.000000	0.000000	0.000000	1652280024.106338	0.000000
112.000000	66.177530	-26.921670	-41.711104	288.441654	0.000000	0.000000	0.000000	0.000000	0.000000	0.000000	0.000000	0.000000	1652280024.122082	0.000000
112.000000	56.491189	-40.729380	-43.943824	289.473866	0.000000	0.000000	0.000000	0.000000	0.000000	0.000000	0.000000	0.000000	1652280024.122082	0.000000
113.000000	4.446741	-71.950065	-73.750827	286.956914	0.000000	0.000000	0.000000	0.000000	0.000000	0.000000	0.000000	0.000000	1652280024.122764	0.000000
113.000000	9.772359	-58.931474	-65.459469	312.758484	0.000000	0.000000	0.000000	0.000000	0.000000	0.000000	0.000000	0.000000	1652280024.122764	0.000000
114.000000	77.853497	-5.297568	-13.433721	332.419138	0.000000	0.000000	0.000000	0.000000	0.000000	0.000000	0.000000	0.000000	1652280024.136583	0.000000
114.000000	91.496652	1.752143	-1.084571	339.169657	0.000000	0.000000	0.000000	0.000000	0.000000	0.000000	0.000000	0.000000	1652280024.136583	0.000000
115.000000	21.882155	-54.869942	-52.848526	319.568841	0.000000	0.000000	0.000000	0.000000	0.000000	0.000000	0.000000	0.000000	1652280024.152080	0.000000
115.000000	25.966125	-46.107357	-50.200677	327.949957	0.000000	0.000000	0.000000	0.000000	0.000000	0.000000	0.000000	0.000000	1652280024.152080	0.000000
116.000000	96.863409	1.763363	-3.193875	342.935736	0.000000	0.000000	0.000000	0.000000	0.000000	0.000000	0.000000	0.000000	1652280024.152796	0.000000
116.000000	94.125802	-8.517622	-11.571250	325.870573	0.000000	0.000000	0.000000	0.000000	0.000000	0.000000	0.000000	0.000000	1652280024.152796	0.000000
117.000000	36.108734	-51.010365	-54.374405	309.366394	0.000000	0.000000	0.000000	0.000000	0.000000	0.000000	0.000000	0.000000	1652280024.166299	0.000000
117.000000	36.905333	-43.433328	-58.447157	315.219338	0.000000	0.000000	0.000000	0.000000	0.000000	0.000000	0.000000	0.000000	1652280024.166299	0.000000
118.000000	90.464440	-7.021662	-22.177607	322.321408	0.000000	0.000000	0.000000	0.000000	0.000000	0.000000	0.000000	0.000000	1652280024.182131	0.000000
118.000000	82.180562	-12.175244	-20.161801	310.985771	0.000000	0.000000	0.000000	0.000000	0.000000	0.000000	0.000000	0.000000	1652280024.182131	0.000000
119.000000	29.949119	-56.982986	-63.178130	294.911681	0.000000	0.000000	0.000000	0.000000	0.000000	0.000000	0.000000	0.000000	1652280024.182788	0.000000
119.000000	23.452913	-49.723840	-65.545487	298.214013	0.000000	0.000000	0.000000	0.000000	0.000000	0.000000	0.000000	0.000000	1652280024.182788	0.000000
120.000000	67.419177	-24.341139	-34.556676	295.390388	0.000000	0.000000	0.000000	0.000000	0.000000	0.000000	0.000000	0.000000	1652280024.196510	0.000000
120.000000	59.718722	-38.747233	-38.711704	285.943401	0.000000	0.000000	0.000000	0.000000	0.000000	0.000000	0.000000	0.000000	1652280024.196510	0.000000
121.000000	-3.926895	-83.685871	-78.074151	281.002993	0.000000	0.000000	0.000000	0.000000	0.000000	0.000000	0.000000	0.000000	1652280024.212157	0.000000
121.000000	13.373882	-69.971658	-77.662762	288.927841	0.000000	0.000000	0.000000	0.000000	0.000000	0.000000	0.000000	0.000000	1652280024.212157	0.000000
122.000000	80.015160	-20.552620	-25.622055	315.686825	0.000000	0.000000	0.000000	0.000000	0.000000	0.000000	0.000000	0.000000	1652280024.212755	0.000000
122.000000	67.725848	-24.860985	-23.460392	316.090734	0.000000	0.000000	0.000000	0.000000	0.000000	0.000000	0.000000	0.000000	1652280024.212755	0.000000
123.000000	9.058038	-73.086995	-69.109611	298.718899	0.000000	0.000000	0.000000	0.000000	0.000000	0.000000	0.000000	0.000000	1652280024.226398	0.000000
123.000000	7.524679	-65.517437	-64.285140	308.293043	0.000000	0.000000	0.000000	0.000000	0.000000	0.000000	0.000000	0.000000	1652280024.226398	0.000000
124.000000	74.491327	-11.505802	-17.566310	328.222970	0.000000	0.000000	0.000000	0.000000	0.000000	0.000000	0.000000	0.000000	1652280024.242232	0.000000
124.000000	67.527634	-22.089719	-18.422747	323.450858	0.000000	0.000000	0.000000	0.000000	0.000000	0.000000	0.000000	0.000000	1652280024.242232	0.000000
125.000000	13.448680	-66.706726	-59.441970	314.213305	0.000000	0.000000	0.000000	0.000000	0.000000	0.000000	0.000000	0.000000	1652280024.242745	0.000000
125.000000	18.475106	-59.574736	-57.856252	324.400792	0.000000	0.000000	0.000000	0.000000	0.000000	0.000000	0.000000	0.000000	1652280024.242745	0.000000
126.000000	74.210835	-11.000916	-11.058884	333.234436	0.000000	0.000000	0.000000	0.000000	0.000000	0.000000	0.000000	0.000000	1652280024.256838	0.000000
126.000000	77.558045	-18.132905	-13.213067	328.869973	0.000000	0.000000	0.000000	0.000000	0.000000	0.000000	0.000000	0.000000	1652280024.256838	0.000000
127.000000	23.194860	-60.057183	-55.948903	314.841608	0.000000	0.000000	0.000000	0.000000	0.000000	0.000000	0.000000	0.000000	1652280024.272061	0.000000
127.000000	24.163494	-48.586910	-49.318061	320.414059	0.000000	0.000000	0.000000	0.000000	0.000000	0.000000	0.000000	0.000000	1652280024.272061	0.000000
128.000000	85.501593	-12.309881	-19.219346	325.679838	0.000000	0.000000	0.000000	0.000000	0.000000	0.000000	0.000000	0.000000	1652280024.272823	0.000000
128.000000	96.336083	-7.578907	-7.218007	320.948864	0.000000	0.000000	0.000000	0.000000	0.000000	0.000000	0.000000	0.000000	1652280024.272823	0.000000
129.000000	36.658499	-53.819030	-51.139392	304.639161	0.000000	0.000000	0.000000	0.000000	0.000000	0.000000	0.000000	0.000000	1652280024.286447	0.000000
129.000000	33.124294	-51.855583	-59.505548	299.728672	0.000000	0.000000	0.000000	0.000000	0.000000	0.000000	0.000000	0.000000	1652280024.286447	0.000000
130.000000	82.008526	-19.598946	-32.884940	297.548310	0.000000	0.000000	0.000000	0.000000	0.000000	0.000000	0.000000	0.000000	1652280024.302126	0.000000
130.000000	67.609911	-40.284332	-44.119600	285.438514	0.000000	0.000000	0.000000	0.000000	0.000000	0.000000	0.000000	0.000000	1652280024.302126	0.000000
131.000000	10.935467	-78.861400	-86.066318	269.671096	0.000000	0.000000	0.000000	0.000000	0.000000	0.000000	0.000000	0.000000	1652280024.302786	0.000000
131.000000	7.266626	-72.529750	-77.154136	286.470727	0.000000	0.000000	0.000000	0.000000	0.000000	0.000000	0.000000	0.000000	1652280024.302786	0.000000
132.000000	66.428103	-30.149203	-36.729557	304.590542	0.000000	0.000000	0.000000	0.000000	0.000000	0.000000	0.000000	0.000000	1652280024.316512	0.000000
132.000000	75.351504	-30.743848	-28.303563	306.183739	0.000000	0.000000	0.000000	0.000000	0.000000	0.000000	0.000000	0.000000	1652280024.316512	0.000000
133.000000	17.577530	-64.859215	-62.504948	307.088795	0.000000	0.000000	0.000000	0.000000	0.000000	0.000000	0.000000	0.000000	1652280024.332181	0.000000
133.000000	36.037676	-48.796345	-51.042155	322.957191	0.000000	0.000000	0.000000	0.000000	0.000000	0.000000	0.000000	0.000000	1652280024.332181	0.000000
134.000000	104.511504	1.669865	-4.667395	345.246994	0.000000	0.000000	0.000000	0.000000	0.000000	0.000000	0.000000	0.000000	1652280024.332763	0.000000
134.000000	104.896714	-0.626433	-4.596337	341.099445	0.000000	0.000000	0.000000	0.000000	0.000000	0.000000	0.000000	0.000000	1652280024.332763	0.000000
135.000000	41.823301	-48.175521	-41.153859	336.009442	0.000000	0.000000	0.000000	0.000000	0.000000	0.000000	0.000000	0.000000	1652280024.346528	0.000000
135.000000	40.884586	-40.706941	-42.930312	336.069280	0.000000	0.000000	0.000000	0.000000	0.000000	0.000000	0.000000	0.000000	1652280024.346528	0.000000
136.000000	93.160908	-4.912359	-6.993613	341.350019	0.000000	0.000000	0.000000	0.000000	0.000000	0.000000	0.000000	0.000000	1652280024.362144	0.000000
136.000000	87.925048	-11.909711	-13.796491	329.606733	0.000000	0.000000	0.000000	0.000000	0.000000	0.000000	0.000000	0.000000	1652280024.362144	0.000000
137.000000	25.973605	-52.266972	-50.062301	316.008457	0.000000	0.000000	0.000000	0.000000	0.000000	0.000000	0.000000	0.000000	1652280024.362758	0.000000
137.000000	33.255190	-42.745187	-50.073521	322.197991	0.000000	0.000000	0.000000	0.000000	0.000000	0.000000	0.000000	0.000000	1652280024.362758	0.000000
138.000000	90.988026	-5.151712	-13.403801	324.314774	0.000000	0.000000	0.000000	0.000000	0.000000	0.000000	0.000000	0.000000	1652280024.376378	0.000000
138.000000	83.197814	-14.894152	-12.229473	317.156606	0.000000	0.000000	0.000000	0.000000	0.000000	0.000000	0.000000	0.000000	1652280024.376378	0.000000
139.000000	24.122355	-58.209673	-52.437137	308.637114	0.000000	0.000000	0.000000	0.000000	0.000000	0.000000	0.000000	0.000000	1652280024.392186	0.000000
139.000000	31.400200	-51.455414	-55.769388	310.454705	0.000000	0.000000	0.000000	0.000000	0.000000	0.000000	0.000000	0.000000	1652280024.392186	0.000000
140.000000	82.535852	-12.302401	-22.297284	310.458445	0.000000	0.000000	0.000000	0.000000	0.000000	0.000000	0.000000	0.000000	1652280024.392760	0.000000
140.000000	65.799800	-27.097445	-23.853082	297.342616	0.000000	0.000000	0.000000	0.000000	0.000000	0.000000	0.000000	0.000000	1652280024.392760	0.000000
141.000000	21.096776	-64.769457	-60.605079	297.499692	0.000000	0.000000	0.000000	0.000000	0.000000	0.000000	0.000000	0.000000	1652280024.406483	0.000000
141.000000	19.204386	-63.838222	-72.030473	298.378568	0.000000	0.000000	0.000000	0.000000	0.000000	0.000000	0.000000	0.000000	1652280024.406483	0.000000
142.000000	73.425456	-23.596899	-30.394167	307.672220	0.000000	0.000000	0.000000	0.000000	0.000000	0.000000	0.000000	0.000000	1652280024.422152	0.000000
142.000000	70.818746	-29.502201	-27.720138	309.164440	0.000000	0.000000	0.000000	0.000000	0.000000	0.000000	0.000000	0.000000	1652280024.422152	0.000000
143.000000	21.369788	-68.449519	-58.821147	307.085055	0.000000	0.000000	0.000000	0.000000	0.000000	0.000000	0.000000	0.000000	1652280024.422776	0.000000
143.000000	21.362309	-53.878869	-49.306841	326.525055	0.000000	0.000000	0.000000	0.000000	0.000000	0.000000	0.000000	0.000000	1652280024.422776	0.000000
144.000000	77.142916	-10.417491	-11.006526	333.645825	0.000000	0.000000	0.000000	0.000000	0.000000	0.000000	0.000000	0.000000	1652280024.436720	0.000000
144.000000	89.076937	-12.197684	-6.286772	338.141185	0.000000	0.000000	0.000000	0.000000	0.000000	0.000000	0.000000	0.000000	1652280024.436720	0.000000
145.000000	29.511551	-53.628295	-50.028642	322.381246	0.000000	0.000000	0.000000	0.000000	0.000000	0.000000	0.000000	0.000000	1652280024.452159	0.000000
145.000000	28.572836	-49.170335	-47.818361	328.518422	0.000000	0.000000	0.000000	0.000000	0.000000	0.000000	0.000000	0.000000	1652280024.452159	0.000000
146.000000	99.062470	0.218784	-3.766079	343.133951	0.000000	0.000000	0.000000	0.000000	0.000000	0.000000	0.000000	0.000000	1652280024.452776	0.000000
146.000000	105.117368	6.370920	5.737007	341.634251	0.000000	0.000000	0.000000	0.000000	0.000000	0.000000	0.000000	0.000000	1652280024.452776	0.000000
147.000000	42.432905	-45.516452	-41.105240	318.364594	0.000000	0.000000	0.000000	0.000000	0.000000	0.000000	0.000000	0.000000	1652280024.466470	0.000000
147.000000	35.929219	-45.116283	-46.191504	324.640146	0.000000	0.000000	0.000000	0.000000	0.000000	0.000000	0.000000	0.000000	1652280024.466470	0.000000
148.000000	96.960646	2.096214	-8.182901	333.784201	0.000000	0.000000	0.000000	0.000000	0.000000	0.000000	0.000000	0.000000	1652280024.482215	0.000000
148.000000	93.452620	-5.211551	-13.886249	316.775136	0.000000	0.000000	0.000000	0.000000	0.000000	0.000000	0.000000	0.000000	1652280024.482215	0.000000
149.000000	26.624348	-62.114128	-58.604232	304.871035	0.000000	0.000000	0.000000	0.000000	0.000000	0.000000	0.000000	0.000000	1652280024.482745	0.000000
149.000000	25.341562	-59.249365	-61.622332	307.922793	0.000000	0.000000	0.000000	0.000000	0.000000	0.000000	0.000000	0.000000	1652280024.482745	0.000000
150.000000	78.074151	-26.424263	-26.313936	308.001331	0.000000	0.000000	0.000000	0.000000	0.000000	0.000000	0.000000	0.000000	1652280024.512758	0.000000
150.000000	77.030719	-29.375044	-27.652820	299.242485	0.000000	0.000000	0.000000	0.000000	0.000000	0.000000	0.000000	0.000000	1652280024.512758	0.000000
151.000000	13.680554	-73.068295	-76.465994	284.671835	0.000000	0.000000	0.000000	0.000000	0.000000	0.000000	0.000000	0.000000	1652280024.513662	0.000000
151.000000	12.263132	-66.856322	-71.645263	295.704540	0.000000	0.000000	0.000000	0.000000	0.000000	0.000000	0.000000	0.000000	1652280024.513662	0.000000
152.000000	62.598445	-23.394944	-34.508057	304.934613	0.000000	0.000000	0.000000	0.000000	0.000000	0.000000	0.000000	0.000000	1652280024.514206	0.000000
152.000000	67.602432	-23.596899	-26.773944	301.037637	0.000000	0.000000	0.000000	0.000000	0.000000	0.000000	0.000000	0.000000	1652280024.514206	0.000000
153.000000	8.859823	-69.492951	-68.660823	292.630342	0.000000	0.000000	0.000000	0.000000	0.000000	0.000000	0.000000	0.000000	1652280024.526313	0.000000
153.000000	5.134883	-64.836776	-71.267534	300.525271	0.000000	0.000000	0.000000	0.000000	0.000000	0.000000	0.000000	0.000000	1652280024.526313	0.000000
154.000000	71.566726	-22.598345	-30.678399	317.156606	0.000000	0.000000	0.000000	0.000000	0.000000	0.000000	0.000000	0.000000	1652280024.542040	0.000000
154.000000	79.431735	-15.462616	-17.334436	319.957791	0.000000	0.000000	0.000000	0.000000	0.000000	0.000000	0.000000	0.000000	1652280024.542040	0.000000
155.000000	19.971066	-63.909280	-60.724756	313.506464	0.000000	0.000000	0.000000	0.000000	0.000000	0.000000	0.000000	0.000000	1652280024.542833	0.000000
155.000000	17.858022	-50.292305	-54.748395	335.829926	0.000000	0.000000	0.000000	0.000000	0.000000	0.000000	0.000000	0.000000	1652280024.542833	0.000000
156.000000	88.616929	2.402886	-1.522139	358.321685	0.000000	0.000000	0.000000	0.000000	0.000000	0.000000	0.000000	0.000000	1652280024.556384	0.000000
156.000000	98.176114	10.170658	4.057791	350.318299	0.000000	0.000000	0.000000	0.000000	0.000000	0.000000	0.000000	0.000000	1652280024.556384	0.000000
157.000000	46.576714	-31.383370	-33.846095	338.653551	0.000000	0.000000	0.000000	0.000000	0.000000	0.000000	0.000000	0.000000	1652280024.572242	0.000000
157.000000	38.595768	-32.041593	-36.800616	343.399484	0.000000	0.000000	0.000000	0.000000	0.000000	0.000000	0.000000	0.000000	1652280024.572242	0.000000
158.000000	98.785717	4.269096	1.593197	347.625571	0.000000	0.000000	0.000000	0.000000	0.000000	0.000000	0.000000	0.000000	1652280024.572792	0.000000
158.000000	105.345502	11.045795	5.621070	343.507941	0.000000	0.000000	0.000000	0.000000	0.000000	0.000000	0.000000	0.000000	1652280024.572792	0.000000
159.000000	50.548488	-40.366610	-39.459684	322.747756	0.000000	0.000000	0.000000	0.000000	0.000000	0.000000	0.000000	0.000000	1652280024.586533	0.000000
159.000000	39.399846	-39.644809	-45.454744	322.055875	0.000000	0.000000	0.000000	0.000000	0.000000	0.000000	0.000000	0.000000	1652280024.586533	0.000000
160.000000	92.225933	4.261616	-10.075290	326.569934	0.000000	0.000000	0.000000	0.000000	0.000000	0.000000	0.000000	0.000000	1652280024.602124	0.000000
160.000000	102.140408	3.180785	-2.632890	322.100754	0.000000	0.000000	0.000000	0.000000	0.000000	0.000000	0.000000	0.000000	1652280024.602124	0.000000
161.000000	25.218145	-44.977907	-45.278969	308.779230	0.000000	0.000000	0.000000	0.000000	0.000000	0.000000	0.000000	0.000000	1652280024.602790	0.000000
161.000000	30.678399	-51.504032	-54.108873	313.412966	0.000000	0.000000	0.000000	0.000000	0.000000	0.000000	0.000000	0.000000	1652280024.602790	0.000000
162.000000	78.941808	-16.262955	-18.740639	322.452304	0.000000	0.000000	0.000000	0.000000	0.000000	0.000000	0.000000	0.000000	1652280024.616394	0.000000
162.000000	86.724540	-9.116006	-8.231520	321.457491	0.000000	0.000000	0.000000	0.000000	0.000000	0.000000	0.000000	0.000000	1652280024.616394	0.000000
163.000000	36.591181	-46.354190	-41.112720	317.025709	0.000000	0.000000	0.000000	0.000000	0.000000	0.000000	0.000000	0.000000	1652280024.631899	0.000000
163.000000	33.520723	-45.748326	-47.137699	319.744617	0.000000	0.000000	0.000000	0.000000	0.000000	0.000000	0.000000	0.000000	1652280024.631899	0.000000
164.000000	90.614036	-4.837561	-9.705040	332.972643	0.000000	0.000000	0.000000	0.000000	0.000000	0.000000	0.000000	0.000000	1652280024.647070	0.000000
164.000000	97.562770	0.633913	-7.405002	324.423232	0.000000	0.000000	0.000000	0.000000	0.000000	0.000000	0.000000	0.000000	1652280024.647070	0.000000
165.000000	27.215252	-51.885502	-47.040462	314.448918	0.000000	0.000000	0.000000	0.000000	0.000000	0.000000	0.000000	0.000000	1652280024.647884	0.000000
165.000000	28.471858	-47.928688	-49.213344	329.569334	0.000000	0.000000	0.000000	0.000000	0.000000	0.000000	0.000000	0.000000	1652280024.647884	0.000000
