102.000000	151.499607	42.335667	-5.974490	83.173505	0.000000	0.000000	0.000000	0.000000	0.000000	0.000000	0.000000	0.000000	1652875638.914605	0.000000
102.000000	159.013066	46.139146	28.174536	139.930227	0.000000	0.000000	0.000000	0.000000	0.000000	0.000000	0.000000	0.000000	1652875638.914605	0.000000
103.000000	123.083847	13.321524	-0.817168	101.499015	0.000000	0.000000	0.000000	0.000000	0.000000	0.000000	0.000000	0.000000	1652875638.940813	0.000000
103.000000	109.178899	4.742193	-39.196021	43.164055	0.000000	0.000000	0.000000	0.000000	0.000000	0.000000	0.000000	0.000000	1652875638.940813	0.000000
104.000000	153.395737	44.056021	-1.127580	89.882886	0.000000	0.000000	0.000000	0.000000	0.000000	0.000000	0.000000	0.000000	1652875638.941533	0.000000
104.000000	166.171235	50.690604	31.776060	144.822016	0.000000	0.000000	0.000000	0.000000	0.000000	0.000000	0.000000	0.000000	1652875638.941533	0.000000
105.000000	130.185917	18.841616	-0.286102	108.384171	0.000000	0.000000	0.000000	0.000000	0.000000	0.000000	0.000000	0.000000	1652875638.955625	0.000000
105.000000	115.140300	10.393182	-39.016506	46.892736	0.000000	0.000000	0.000000	0.000000	0.000000	0.000000	0.000000	0.000000	1652875638.955625	0.000000
106.000000	141.514074	32.222978	-12.769888	79.732797	0.000000	0.000000	0.000000	0.000000	0.000000	0.000000	0.000000	0.000000	1652875638.956124	0.000000
106.000000	157.274013	41.554028	18.806087	131.100323	0.000000	0.000000	0.000000	0.000000	0.000000	0.000000	0.000000	0.000000	1652875638.956124	0.000000
107.000000	116.224871	9.024379	-12.377199	93.686364	0.000000	0.000000	0.000000	0.000000	0.000000	0.000000	0.000000	0.000000	1652875638.956886	0.000000
107.000000	100.625748	-2.000846	-50.426941	34.895137	0.000000	0.000000	0.000000	0.000000	0.000000	0.000000	0.000000	0.000000	1652875638.956886	0.000000
108.000000	140.171450	33.565602	-18.873405	69.186279	0.000000	0.000000	0.000000	0.000000	0.000000	0.000000	0.000000	0.000000	1652875638.985374	0.000000
108.000000	161.047572	40.944425	22.856399	129.753959	0.000000	0.000000	0.000000	0.000000	0.000000	0.000000	0.000000	0.000000	1652875638.985374	0.000000
109.000000	125.727957	4.738453	-12.586633	89.269542	0.000000	0.000000	0.000000	0.000000	0.000000	0.000000	0.000000	0.000000	1652875638.986100	0.000000
109.000000	123.394259	12.184594	-37.928195	40.205794	0.000000	0.000000	0.000000	0.000000	0.000000	0.000000	0.000000	0.000000	1652875638.986100	0.000000
110.000000	163.508426	50.582147	-1.209858	87.762362	0.000000	0.000000	0.000000	0.000000	0.000000	0.000000	0.000000	0.000000	1652875638.986890	0.000000
110.000000	172.540284	58.361139	32.894290	135.681700	0.000000	0.000000	0.000000	0.000000	0.000000	0.000000	0.000000	0.000000	1652875638.986890	0.000000
111.000000	127.594167	20.677907	-2.073775	99.397191	0.000000	0.000000	0.000000	0.000000	0.000000	0.000000	0.000000	0.000000	1652875638.999729	0.000000
111.000000	121.857160	13.317784	-39.338138	43.938215	0.000000	0.000000	0.000000	0.000000	0.000000	0.000000	0.000000	0.000000	1652875638.999729	0.000000
112.000000	149.962508	43.094867	-9.811628	78.195698	0.000000	0.000000	0.000000	0.000000	0.000000	0.000000	0.000000	0.000000	1652875639.000453	0.000000
112.000000	163.575744	54.703517	28.802840	130.565517	0.000000	0.000000	0.000000	0.000000	0.000000	0.000000	0.000000	0.000000	1652875639.000453	0.000000
113.000000	129.482816	19.518538	-11.038315	89.198484	0.000000	0.000000	0.000000	0.000000	0.000000	0.000000	0.000000	0.000000	1652875639.014036	0.000000
113.000000	117.604894	14.828703	-44.775952	35.594498	0.000000	0.000000	0.000000	0.000000	0.000000	0.000000	0.000000	0.000000	1652875639.014036	0.000000
114.000000	158.059392	44.856360	-11.659138	69.627587	0.000000	0.000000	0.000000	0.000000	0.000000	0.000000	0.000000	0.000000	1652875639.029660	0.000000
114.000000	170.718953	57.628118	23.088272	129.570704	0.000000	0.000000	0.000000	0.000000	0.000000	0.000000	0.000000	0.000000	1652875639.029660	0.000000
115.000000	137.433844	26.807603	-4.332674	98.342539	0.000000	0.000000	0.000000	0.000000	0.000000	0.000000	0.000000	0.000000	1652875639.030433	0.000000
115.000000	120.645433	12.599723	-42.172982	40.179615	0.000000	0.000000	0.000000	0.000000	0.000000	0.000000	0.000000	0.000000	1652875639.030433	0.000000
116.000000	151.611804	44.070981	-11.161731	76.733397	0.000000	0.000000	0.000000	0.000000	0.000000	0.000000	0.000000	0.000000	1652875639.044031	0.000000
116.000000	167.521339	51.229150	22.762901	132.768318	0.000000	0.000000	0.000000	0.000000	0.000000	0.000000	0.000000	0.000000	1652875639.044031	0.000000
117.000000	128.446864	20.285217	-8.285748	96.248195	0.000000	0.000000	0.000000	0.000000	0.000000	0.000000	0.000000	0.000000	1652875639.075358	0.000000
117.000000	117.268303	12.588503	-41.021093	41.967287	0.000000	0.000000	0.000000	0.000000	0.000000	0.000000	0.000000	0.000000	1652875639.075358	0.000000
118.000000	155.520000	51.382485	-2.563701	82.975290	0.000000	0.000000	0.000000	0.000000	0.000000	0.000000	0.000000	0.000000	1652875639.076067	0.000000
118.000000	161.402862	52.766248	24.625371	134.380215	0.000000	0.000000	0.000000	0.000000	0.000000	0.000000	0.000000	0.000000	1652875639.076067	0.000000
119.000000	129.108826	24.623501	-4.328934	97.976029	0.000000	0.000000	0.000000	0.000000	0.000000	0.000000	0.000000	0.000000	1652875639.076848	0.000000
119.000000	118.491250	14.907241	-37.879577	45.381816	0.000000	0.000000	0.000000	0.000000	0.000000	0.000000	0.000000	0.000000	1652875639.076848	0.000000
120.000000	155.194628	50.593367	-2.103694	85.559561	0.000000	0.000000	0.000000	0.000000	0.000000	0.000000	0.000000	0.000000	1652875639.121783	0.000000
120.000000	162.517353	50.840200	28.036160	134.021185	0.000000	0.000000	0.000000	0.000000	0.000000	0.000000	0.000000	0.000000	1652875639.121783	0.000000
121.000000	119.392566	15.116676	-13.989096	91.793974	0.000000	0.000000	0.000000	0.000000	0.000000	0.000000	0.000000	0.000000	1652875639.122542	0.000000
121.000000	103.584009	3.661362	-52.184694	35.022293	0.000000	0.000000	0.000000	0.000000	0.000000	0.000000	0.000000	0.000000	1652875639.122542	0.000000
122.000000	153.807126	42.533882	-10.133259	76.722178	0.000000	0.000000	0.000000	0.000000	0.000000	0.000000	0.000000	0.000000	1652875639.123170	0.000000
122.000000	160.460408	42.919092	16.034821	122.790265	0.000000	0.000000	0.000000	0.000000	0.000000	0.000000	0.000000	0.000000	1652875639.123170	0.000000
123.000000	131.775375	18.658361	-12.597853	91.532181	0.000000	0.000000	0.000000	0.000000	0.000000	0.000000	0.000000	0.000000	1652875639.124013	0.000000
123.000000	124.849080	15.688880	-45.707187	41.720454	0.000000	0.000000	0.000000	0.000000	0.000000	0.000000	0.000000	0.000000	1652875639.124013	0.000000
124.000000	156.870104	48.263409	-15.615952	76.187372	0.000000	0.000000	0.000000	0.000000	0.000000	0.000000	0.000000	0.000000	1652875639.151098	0.000000
124.000000	169.783978	54.434244	25.706202	132.600023	0.000000	0.000000	0.000000	0.000000	0.000000	0.000000	0.000000	0.000000	1652875639.151098	0.000000
125.000000	138.510935	28.030550	-7.964117	97.486102	0.000000	0.000000	0.000000	0.000000	0.000000	0.000000	0.000000	0.000000	1652875639.151786	0.000000
125.000000	130.002662	20.270258	-39.289519	43.811058	0.000000	0.000000	0.000000	0.000000	0.000000	0.000000	0.000000	0.000000	1652875639.151786	0.000000
126.000000	162.191981	53.278615	-6.554175	78.517330	0.000000	0.000000	0.000000	0.000000	0.000000	0.000000	0.000000	0.000000	1652875639.152570	0.000000
126.000000	167.599877	51.644278	23.114452	128.272959	0.000000	0.000000	0.000000	0.000000	0.000000	0.000000	0.000000	0.000000	1652875639.152570	0.000000
127.000000	135.002909	25.364001	-6.258723	99.722562	0.000000	0.000000	0.000000	0.000000	0.000000	0.000000	0.000000	0.000000	1652875639.153309	0.000000
127.000000	122.926772	17.738345	-37.935675	47.449981	0.000000	0.000000	0.000000	0.000000	0.000000	0.000000	0.000000	0.000000	1652875639.153309	0.000000
128.000000	154.394290	42.657299	-7.414352	80.678992	0.000000	0.000000	0.000000	0.000000	0.000000	0.000000	0.000000	0.000000	1652875639.180412	0.000000
128.000000	167.988826	59.389611	27.976322	139.941446	0.000000	0.000000	0.000000	0.000000	0.000000	0.000000	0.000000	0.000000	1652875639.180412	0.000000
129.000000	124.867780	17.940300	-12.369719	97.818953	0.000000	0.000000	0.000000	0.000000	0.000000	0.000000	0.000000	0.000000	1652875639.195444	0.000000
129.000000	107.847495	5.333097	-49.039438	34.431389	0.000000	0.000000	0.000000	0.000000	0.000000	0.000000	0.000000	0.000000	1652875639.195444	0.000000
130.000000	158.717614	49.804248	-2.761916	91.277868	0.000000	0.000000	0.000000	0.000000	0.000000	0.000000	0.000000	0.000000	1652875639.196164	0.000000
130.000000	159.776006	42.836814	17.564440	133.531258	0.000000	0.000000	0.000000	0.000000	0.000000	0.000000	0.000000	0.000000	1652875639.196164	0.000000
131.000000	128.274829	18.568603	-5.084394	99.797360	0.000000	0.000000	0.000000	0.000000	0.000000	0.000000	0.000000	0.000000	1652875639.196884	0.000000
131.000000	121.131620	18.104856	-40.190835	47.240546	0.000000	0.000000	0.000000	0.000000	0.000000	0.000000	0.000000	0.000000	1652875639.196884	0.000000
132.000000	157.898576	45.555721	-5.024556	85.308988	0.000000	0.000000	0.000000	0.000000	0.000000	0.000000	0.000000	0.000000	1652875639.209738	0.000000
132.000000	178.239892	58.682770	34.883917	146.602208	0.000000	0.000000	0.000000	0.000000	0.000000	0.000000	0.000000	0.000000	1652875639.209738	0.000000
133.000000	141.031627	29.620008	0.626433	106.918130	0.000000	0.000000	0.000000	0.000000	0.000000	0.000000	0.000000	0.000000	1652875639.210420	0.000000
133.000000	124.261916	17.614929	-38.074051	53.018692	0.000000	0.000000	0.000000	0.000000	0.000000	0.000000	0.000000	0.000000	1652875639.210420	0.000000
134.000000	162.143363	50.615806	-2.159792	84.635806	0.000000	0.000000	0.000000	0.000000	0.000000	0.000000	0.000000	0.000000	1652875639.223949	0.000000
134.000000	167.592397	53.207557	30.680269	143.337276	0.000000	0.000000	0.000000	0.000000	0.000000	0.000000	0.000000	0.000000	1652875639.223949	0.000000
135.000000	128.895652	18.501285	-9.183324	105.332412	0.000000	0.000000	0.000000	0.000000	0.000000	0.000000	0.000000	0.000000	1652875639.255799	0.000000
135.000000	112.885140	8.960800	-44.562778	42.629250	0.000000	0.000000	0.000000	0.000000	0.000000	0.000000	0.000000	0.000000	1652875639.255799	0.000000
136.000000	151.593105	42.530142	-10.892459	88.001716	0.000000	0.000000	0.000000	0.000000	0.000000	0.000000	0.000000	0.000000	1652875639.256578	0.000000
136.000000	157.778899	40.641493	19.277314	130.288765	0.000000	0.000000	0.000000	0.000000	0.000000	0.000000	0.000000	0.000000	1652875639.256578	0.000000
137.000000	127.541808	18.822916	-3.865187	100.638838	0.000000	0.000000	0.000000	0.000000	0.000000	0.000000	0.000000	0.000000	1652875639.270393	0.000000
137.000000	111.650973	8.078184	-47.356483	43.631543	0.000000	0.000000	0.000000	0.000000	0.000000	0.000000	0.000000	0.000000	1652875639.270393	0.000000
138.000000	147.045386	37.574775	-11.520762	80.895906	0.000000	0.000000	0.000000	0.000000	0.000000	0.000000	0.000000	0.000000	1652875639.271114	0.000000
138.000000	162.838984	49.198384	25.713682	140.618368	0.000000	0.000000	0.000000	0.000000	0.000000	0.000000	0.000000	0.000000	1652875639.271114	0.000000
139.000000	134.094113	22.315983	0.656352	107.348218	0.000000	0.000000	0.000000	0.000000	0.000000	0.000000	0.000000	0.000000	1652875639.271874	0.000000
139.000000	123.397999	23.060223	-32.209888	58.045117	0.000000	0.000000	0.000000	0.000000	0.000000	0.000000	0.000000	0.000000	1652875639.271874	0.000000
140.000000	153.253620	44.385133	-6.367180	90.836560	0.000000	0.000000	0.000000	0.000000	0.000000	0.000000	0.000000	0.000000	1652875639.284017	0.000000
140.000000	163.044678	46.902085	25.156437	138.643701	0.000000	0.000000	0.000000	0.000000	0.000000	0.000000	0.000000	0.000000	1652875639.284017	0.000000
141.000000	122.964171	17.181100	-6.352220	101.237222	0.000000	0.000000	0.000000	0.000000	0.000000	0.000000	0.000000	0.000000	1652875639.299714	0.000000
141.000000	122.137653	18.254452	-33.429096	59.997345	0.000000	0.000000	0.000000	0.000000	0.000000	0.000000	0.000000	0.000000	1652875639.299714	0.000000
142.000000	157.464748	42.066395	-3.981124	90.417691	0.000000	0.000000	0.000000	0.000000	0.000000	0.000000	0.000000	0.000000	1652875639.300404	0.000000
142.000000	172.611343	59.225056	37.445748	151.968965	0.000000	0.000000	0.000000	0.000000	0.000000	0.000000	0.000000	0.000000	1652875639.300404	0.000000
143.000000	134.557861	24.081216	-4.684225	107.860585	0.000000	0.000000	0.000000	0.000000	0.000000	0.000000	0.000000	0.000000	1652875639.314013	0.000000
143.000000	118.629627	12.726880	-43.960654	50.251166	0.000000	0.000000	0.000000	0.000000	0.000000	0.000000	0.000000	0.000000	1652875639.314013	0.000000
144.000000	161.047572	49.606033	1.153759	97.063493	0.000000	0.000000	0.000000	0.000000	0.000000	0.000000	0.000000	0.000000	1652875639.345445	0.000000
144.000000	167.016452	52.837307	24.924563	138.542724	0.000000	0.000000	0.000000	0.000000	0.000000	0.000000	0.000000	0.000000	1652875639.345445	0.000000
145.000000	130.077460	22.158907	-8.192251	102.179677	0.000000	0.000000	0.000000	0.000000	0.000000	0.000000	0.000000	0.000000	1652875639.346119	0.000000
145.000000	122.062855	13.833890	-37.243794	53.067310	0.000000	0.000000	0.000000	0.000000	0.000000	0.000000	0.000000	0.000000	1652875639.346119	0.000000
146.000000	155.067472	43.521216	-6.614013	87.242516	0.000000	0.000000	0.000000	0.000000	0.000000	0.000000	0.000000	0.000000	1652875639.346885	0.000000
146.000000	162.999800	50.761662	25.818399	138.931674	0.000000	0.000000	0.000000	0.000000	0.000000	0.000000	0.000000	0.000000	1652875639.346885	0.000000
147.000000	137.755475	22.746072	0.862047	106.742355	0.000000	0.000000	0.000000	0.000000	0.000000	0.000000	0.000000	0.000000	1652875639.359718	0.000000
147.000000	109.485571	7.105810	-46.593544	42.374936	0.000000	0.000000	0.000000	0.000000	0.000000	0.000000	0.000000	0.000000	1652875639.359718	0.000000
148.000000	147.161323	36.400446	-12.762409	82.070235	0.000000	0.000000	0.000000	0.000000	0.000000	0.000000	0.000000	0.000000	1652875639.360413	0.000000
148.000000	161.619777	46.741270	27.430296	136.010812	0.000000	0.000000	0.000000	0.000000	0.000000	0.000000	0.000000	0.000000	1652875639.360413	0.000000
149.000000	126.060808	17.469073	-9.243163	104.389958	0.000000	0.000000	0.000000	0.000000	0.000000	0.000000	0.000000	0.000000	1652875639.374002	0.000000
149.000000	118.506210	12.577284	-41.301585	51.866803	0.000000	0.000000	0.000000	0.000000	0.000000	0.000000	0.000000	0.000000	1652875639.374002	0.000000
150.000000	154.469088	51.517122	-2.503863	89.609873	0.000000	0.000000	0.000000	0.000000	0.000000	0.000000	0.000000	0.000000	1652875639.389709	0.000000
150.000000	160.280892	47.223717	25.941816	143.423293	0.000000	0.000000	0.000000	0.000000	0.000000	0.000000	0.000000	0.000000	1652875639.389709	0.000000
151.000000	127.422131	13.620716	-8.330627	105.784940	0.000000	0.000000	0.000000	0.000000	0.000000	0.000000	0.000000	0.000000	1652875639.390370	0.000000
151.000000	110.057776	2.027026	-47.191928	46.705741	0.000000	0.000000	0.000000	0.000000	0.000000	0.000000	0.000000	0.000000	1652875639.390370	0.000000
152.000000	158.164109	46.831027	2.578661	96.936337	0.000000	0.000000	0.000000	0.000000	0.000000	0.000000	0.000000	0.000000	1652875639.420410	0.000000
152.000000	154.319492	42.900392	22.127118	141.931073	0.000000	0.000000	0.000000	0.000000	0.000000	0.000000	0.000000	0.000000	1652875639.420410	0.000000
153.000000	121.165279	15.793598	-3.996083	108.986295	0.000000	0.000000	0.000000	0.000000	0.000000	0.000000	0.000000	0.000000	1652875639.421113	0.000000
153.000000	111.381700	6.455067	-43.867157	52.730719	0.000000	0.000000	0.000000	0.000000	0.000000	0.000000	0.000000	0.000000	1652875639.421113	0.000000
154.000000	148.346872	37.002570	-5.514482	95.421677	0.000000	0.000000	0.000000	0.000000	0.000000	0.000000	0.000000	0.000000	1652875639.421876	0.000000
154.000000	167.319384	48.121293	32.774613	149.253797	0.000000	0.000000	0.000000	0.000000	0.000000	0.000000	0.000000	0.000000	1652875639.421876	0.000000
155.000000	134.000615	21.317430	-1.265956	114.255814	0.000000	0.000000	0.000000	0.000000	0.000000	0.000000	0.000000	0.000000	1652875639.434040	0.000000
155.000000	120.320061	14.746426	-37.793559	59.013751	0.000000	0.000000	0.000000	0.000000	0.000000	0.000000	0.000000	0.000000	1652875639.434040	0.000000
156.000000	159.330958	50.387672	-2.462724	95.735829	0.000000	0.000000	0.000000	0.000000	0.000000	0.000000	0.000000	0.000000	1652875639.465369	0.000000
156.000000	174.552351	62.127218	39.409196	152.851581	0.000000	0.000000	0.000000	0.000000	0.000000	0.000000	0.000000	0.000000	1652875639.465369	0.000000
157.000000	132.246602	18.856576	-5.869773	108.227095	0.000000	0.000000	0.000000	0.000000	0.000000	0.000000	0.000000	0.000000	1652875639.466090	0.000000
157.000000	119.807695	8.276399	-43.452028	45.134983	0.000000	0.000000	0.000000	0.000000	0.000000	0.000000	0.000000	0.000000	1652875639.466090	0.000000
158.000000	150.142024	34.616514	-17.063294	80.170365	0.000000	0.000000	0.000000	0.000000	0.000000	0.000000	0.000000	0.000000	1652875639.466868	0.000000
158.000000	165.468134	49.187164	28.268034	147.720438	0.000000	0.000000	0.000000	0.000000	0.000000	0.000000	0.000000	0.000000	1652875639.466868	0.000000
159.000000	124.576068	13.123309	-9.867726	100.133951	0.000000	0.000000	0.000000	0.000000	0.000000	0.000000	0.000000	0.000000	1652875639.495409	0.000000
159.000000	124.116060	17.098823	-35.691735	58.419107	0.000000	0.000000	0.000000	0.000000	0.000000	0.000000	0.000000	0.000000	1652875639.495409	0.000000
160.000000	169.615683	56.999815	5.548142	107.639931	0.000000	0.000000	0.000000	0.000000	0.000000	0.000000	0.000000	0.000000	1652875639.511113	0.000000
160.000000	168.871443	59.509288	34.790419	156.984171	0.000000	0.000000	0.000000	0.000000	0.000000	0.000000	0.000000	0.000000	1652875639.511113	0.000000
161.000000	127.407172	19.372682	-1.729704	107.853105	0.000000	0.000000	0.000000	0.000000	0.000000	0.000000	0.000000	0.000000	1652875639.511770	0.000000
161.000000	122.406926	15.793598	-28.421370	61.287611	0.000000	0.000000	0.000000	0.000000	0.000000	0.000000	0.000000	0.000000	1652875639.511770	0.000000
162.000000	152.341085	49.381639	1.535229	99.210196	0.000000	0.000000	0.000000	0.000000	0.000000	0.000000	0.000000	0.000000	1652875639.512542	0.000000
162.000000	160.512766	43.214544	30.321239	144.395667	0.000000	0.000000	0.000000	0.000000	0.000000	0.000000	0.000000	0.000000	1652875639.512542	0.000000
163.000000	133.574267	22.349642	2.043855	110.773967	0.000000	0.000000	0.000000	0.000000	0.000000	0.000000	0.000000	0.000000	1652875639.513324	0.000000
163.000000	110.816976	6.301731	-39.962701	48.332597	0.000000	0.000000	0.000000	0.000000	0.000000	0.000000	0.000000	0.000000	1652875639.513324	0.000000
164.000000	152.112951	43.296822	-3.689411	96.386572	0.000000	0.000000	0.000000	0.000000	0.000000	0.000000	0.000000	0.000000	1652875639.524020	0.000000
164.000000	156.092204	43.812928	24.741308	142.600515	0.000000	0.000000	0.000000	0.000000	0.000000	0.000000	0.000000	0.000000	1652875639.524020	0.000000
165.000000	121.367233	12.177114	-4.949758	106.117791	0.000000	0.000000	0.000000	0.000000	0.000000	0.000000	0.000000	0.000000	1652875639.539758	0.000000
165.000000	107.140654	4.435521	-47.214367	47.162008	0.000000	0.000000	0.000000	0.000000	0.000000	0.000000	0.000000	0.000000	1652875639.539758	0.000000
166.000000	147.625071	37.593474	-3.868927	93.787341	0.000000	0.000000	0.000000	0.000000	0.000000	0.000000	0.000000	0.000000	1652875639.540470	0.000000
166.000000	153.900623	36.557522	21.390358	136.586756	0.000000	0.000000	0.000000	0.000000	0.000000	0.000000	0.000000	0.000000	1652875639.540470	0.000000
167.000000	127.781162	16.152628	-8.300708	105.792420	0.000000	0.000000	0.000000	0.000000	0.000000	0.000000	0.000000	0.000000	1652875639.554058	0.000000
167.000000	113.532143	5.927741	-44.944248	51.728426	0.000000	0.000000	0.000000	0.000000	0.000000	0.000000	0.000000	0.000000	1652875639.554058	0.000000
168.000000	154.525186	41.187518	-6.808488	95.477776	0.000000	0.000000	0.000000	0.000000	0.000000	0.000000	0.000000	0.000000	1652875639.585466	0.000000
168.000000	170.169188	50.754182	35.889950	149.160300	0.000000	0.000000	0.000000	0.000000	0.000000	0.000000	0.000000	0.000000	1652875639.585466	0.000000
169.000000	133.020762	23.954059	0.072928	108.455229	0.000000	0.000000	0.000000	0.000000	0.000000	0.000000	0.000000	0.000000	1652875639.586177	0.000000
169.000000	121.195198	14.088203	-41.533459	50.183848	0.000000	0.000000	0.000000	0.000000	0.000000	0.000000	0.000000	0.000000	1652875639.586177	0.000000
170.000000	153.919323	43.401539	-1.950358	96.689504	0.000000	0.000000	0.000000	0.000000	0.000000	0.000000	0.000000	0.000000	1652875639.586948	0.000000
170.000000	172.865656	56.199477	37.707541	156.232451	0.000000	0.000000	0.000000	0.000000	0.000000	0.000000	0.000000	0.000000	1652875639.586948	0.000000
171.000000	130.384132	20.277738	0.117807	110.710388	0.000000	0.000000	0.000000	0.000000	0.000000	0.000000	0.000000	0.000000	1652875639.599715	0.000000
171.000000	119.119553	13.171928	-41.324025	56.702493	0.000000	0.000000	0.000000	0.000000	0.000000	0.000000	0.000000	0.000000	1652875639.599715	0.000000
172.000000	153.302239	41.961678	-7.074021	91.487303	0.000000	0.000000	0.000000	0.000000	0.000000	0.000000	0.000000	0.000000	1652875639.600464	0.000000
172.000000	160.972774	47.145179	28.967395	146.082362	0.000000	0.000000	0.000000	0.000000	0.000000	0.000000	0.000000	0.000000	1652875639.600464	0.000000
173.000000	127.291235	19.795290	-4.467310	107.755867	0.000000	0.000000	0.000000	0.000000	0.000000	0.000000	0.000000	0.000000	1652875639.630459	0.000000
173.000000	112.881400	8.369896	-40.280592	53.736753	0.000000	0.000000	0.000000	0.000000	0.000000	0.000000	0.000000	0.000000	1652875639.630459	0.000000
174.000000	143.208249	32.630627	-10.619446	88.846933	0.000000	0.000000	0.000000	0.000000	0.000000	0.000000	0.000000	0.000000	1652875639.631137	0.000000
174.000000	157.068318	42.354367	27.179723	147.578322	0.000000	0.000000	0.000000	0.000000	0.000000	0.000000	0.000000	0.000000	1652875639.631137	0.000000
175.000000	124.583547	14.256499	-6.827187	112.587818	0.000000	0.000000	0.000000	0.000000	0.000000	0.000000	0.000000	0.000000	1652875639.631904	0.000000
175.000000	116.853174	13.433721	-37.157776	53.452520	0.000000	0.000000	0.000000	0.000000	0.000000	0.000000	0.000000	0.000000	1652875639.631904	0.000000
176.000000	155.374144	44.904979	3.592174	98.148064	0.000000	0.000000	0.000000	0.000000	0.000000	0.000000	0.000000	0.000000	1652875639.676104	0.000000
176.000000	160.894236	46.733790	32.337045	146.994898	0.000000	0.000000	0.000000	0.000000	0.000000	0.000000	0.000000	0.000000	1652875639.676104	0.000000
177.000000	121.075521	8.134282	-9.763009	102.807980	0.000000	0.000000	0.000000	0.000000	0.000000	0.000000	0.000000	0.000000	1652875639.676831	0.000000
177.000000	111.699592	2.756306	-40.097337	49.424648	0.000000	0.000000	0.000000	0.000000	0.000000	0.000000	0.000000	0.000000	1652875639.676831	0.000000
178.000000	150.459915	39.407326	-4.729103	95.556314	0.000000	0.000000	0.000000	0.000000	0.000000	0.000000	0.000000	0.000000	1652875639.677563	0.000000
178.000000	163.403709	51.217930	31.510527	150.039176	0.000000	0.000000	0.000000	0.000000	0.000000	0.000000	0.000000	0.000000	1652875639.677563	0.000000
179.000000	125.324048	10.834490	-9.299261	105.018261	0.000000	0.000000	0.000000	0.000000	0.000000	0.000000	0.000000	0.000000	1652875639.678286	0.000000
179.000000	118.801662	13.329003	-36.675329	53.205687	0.000000	0.000000	0.000000	0.000000	0.000000	0.000000	0.000000	0.000000	1652875639.678286	0.000000
180.000000	161.118630	52.612913	3.633313	98.608072	0.000000	0.000000	0.000000	0.000000	0.000000	0.000000	0.000000	0.000000	1652875639.705470	0.000000
180.000000	180.734405	63.279107	46.017599	162.261169	0.000000	0.000000	0.000000	0.000000	0.000000	0.000000	0.000000	0.000000	1652875639.705470	0.000000
181.000000	133.779961	18.370389	-0.656352	107.426756	0.000000	0.000000	0.000000	0.000000	0.000000	0.000000	0.000000	0.000000	1652875639.706100	0.000000
181.000000	129.041508	21.036937	-31.899477	61.773798	0.000000	0.000000	0.000000	0.000000	0.000000	0.000000	0.000000	0.000000	1652875639.706100	0.000000
182.000000	160.075198	46.483217	0.450658	96.188357	0.000000	0.000000	0.000000	0.000000	0.000000	0.000000	0.000000	0.000000	1652875639.706890	0.000000
182.000000	167.611096	49.927664	35.628157	150.790896	0.000000	0.000000	0.000000	0.000000	0.000000	0.000000	0.000000	0.000000	1652875639.706890	0.000000
183.000000	128.342147	21.803617	-0.603994	108.862878	0.000000	0.000000	0.000000	0.000000	0.000000	0.000000	0.000000	0.000000	1652875639.735216	0.000000
183.000000	113.565802	9.054298	-38.388203	56.354682	0.000000	0.000000	0.000000	0.000000	0.000000	0.000000	0.000000	0.000000	1652875639.735216	0.000000
184.000000	153.893143	41.060362	-3.120947	95.215983	0.000000	0.000000	0.000000	0.000000	0.000000	0.000000	0.000000	0.000000	1652875639.735932	0.000000
184.000000	154.585025	45.379946	29.749034	150.136414	0.000000	0.000000	0.000000	0.000000	0.000000	0.000000	0.000000	0.000000	1652875639.735932	0.000000
185.000000	115.495590	13.272905	-8.697137	110.407457	0.000000	0.000000	0.000000	0.000000	0.000000	0.000000	0.000000	0.000000	1652875639.750509	0.000000
185.000000	106.994798	0.478707	-46.705741	51.186141	0.000000	0.000000	0.000000	0.000000	0.000000	0.000000	0.000000	0.000000	1652875639.750509	0.000000
186.000000	152.647757	38.461131	-5.690258	95.597453	0.000000	0.000000	0.000000	0.000000	0.000000	0.000000	0.000000	0.000000	1652875639.751188	0.000000
186.000000	165.681308	50.185718	34.954975	157.889226	0.000000	0.000000	0.000000	0.000000	0.000000	0.000000	0.000000	0.000000	1652875639.751188	0.000000
187.000000	129.598753	17.734606	-4.138199	105.485748	0.000000	0.000000	0.000000	0.000000	0.000000	0.000000	0.000000	0.000000	1652875639.751883	0.000000
187.000000	124.703224	16.866949	-35.186849	53.179507	0.000000	0.000000	0.000000	0.000000	0.000000	0.000000	0.000000	0.000000	1652875639.751883	0.000000
188.000000	165.606510	56.786641	9.366579	104.479715	0.000000	0.000000	0.000000	0.000000	0.000000	0.000000	0.000000	0.000000	1652875639.764002	0.000000
188.000000	172.850696	53.989196	36.660369	152.174659	0.000000	0.000000	0.000000	0.000000	0.000000	0.000000	0.000000	0.000000	1652875639.764002	0.000000
189.000000	139.128018	23.479092	6.385879	112.789773	0.000000	0.000000	0.000000	0.000000	0.000000	0.000000	0.000000	0.000000	1652875639.779770	0.000000
189.000000	124.613467	17.065163	-29.921070	53.931227	0.000000	0.000000	0.000000	0.000000	0.000000	0.000000	0.000000	0.000000	1652875639.779770	0.000000
190.000000	154.607464	45.911012	-2.466464	94.647518	0.000000	0.000000	0.000000	0.000000	0.000000	0.000000	0.000000	0.000000	1652875639.780480	0.000000
190.000000	176.912228	58.394798	38.111450	150.461785	0.000000	0.000000	0.000000	0.000000	0.000000	0.000000	0.000000	0.000000	1652875639.780480	0.000000
191.000000	131.782855	18.976252	-4.239177	102.445210	0.000000	0.000000	0.000000	0.000000	0.000000	0.000000	0.000000	0.000000	1652875639.810416	0.000000
191.000000	120.929665	10.441801	-38.758453	52.180954	0.000000	0.000000	0.000000	0.000000	0.000000	0.000000	0.000000	0.000000	1652875639.810416	0.000000
192.000000	151.028380	40.877107	-7.945417	88.633759	0.000000	0.000000	0.000000	0.000000	0.000000	0.000000	0.000000	0.000000	1652875639.825412	0.000000
192.000000	161.440261	48.196091	29.326426	145.536337	0.000000	0.000000	0.000000	0.000000	0.000000	0.000000	0.000000	0.000000	1652875639.825412	0.000000
193.000000	118.966218	9.604063	-10.136999	101.555113	0.000000	0.000000	0.000000	0.000000	0.000000	0.000000	0.000000	0.000000	1652875639.826115	0.000000
193.000000	109.855821	1.858730	-41.376383	53.396422	0.000000	0.000000	0.000000	0.000000	0.000000	0.000000	0.000000	0.000000	1652875639.826115	0.000000
194.000000	144.678030	37.604694	-4.889919	94.583940	0.000000	0.000000	0.000000	0.000000	0.000000	0.000000	0.000000	0.000000	1652875639.826891	0.000000
194.000000	155.680815	41.965417	27.063786	139.746972	0.000000	0.000000	0.000000	0.000000	0.000000	0.000000	0.000000	0.000000	1652875639.826891	0.000000
195.000000	116.209911	10.931728	-10.114559	103.331566	0.000000	0.000000	0.000000	0.000000	0.000000	0.000000	0.000000	0.000000	1652875639.839713	0.000000
195.000000	121.180238	13.171928	-35.441162	63.699846	0.000000	0.000000	0.000000	0.000000	0.000000	0.000000	0.000000	0.000000	1652875639.839713	0.000000
196.000000	154.555106	43.835367	-6.509296	93.993036	0.000000	0.000000	0.000000	0.000000	0.000000	0.000000	0.000000	0.000000	1652875639.840449	0.000000
196.000000	173.875429	59.595306	36.772566	153.745417	0.000000	0.000000	0.000000	0.000000	0.000000	0.000000	0.000000	0.000000	1652875639.840449	0.000000
197.000000	139.094359	28.251204	9.112266	120.119977	0.000000	0.000000	0.000000	0.000000	0.000000	0.000000	0.000000	0.000000	1652875639.854069	0.000000
197.000000	127.485710	22.237445	-29.797653	59.301724	0.000000	0.000000	0.000000	0.000000	0.000000	0.000000	0.000000	0.000000	1652875639.854069	0.000000
198.000000	163.340131	55.339300	8.614860	100.986649	0.000000	0.000000	0.000000	0.000000	0.000000	0.000000	0.000000	0.000000	1652875639.869759	0.000000
198.000000	178.565263	63.630658	41.724194	154.508357	0.000000	0.000000	0.000000	0.000000	0.000000	0.000000	0.000000	0.000000	1652875639.869759	0.000000
199.000000	134.595260	25.554736	0.446918	108.006441	0.000000	0.000000	0.000000	0.000000	0.000000	0.000000	0.000000	0.000000	1652875639.870451	0.000000
199.000000	124.325494	17.080123	-32.557699	55.139215	0.000000	0.000000	0.000000	0.000000	0.000000	0.000000	0.000000	0.000000	1652875639.870451	0.000000
200.000000	162.824024	49.654652	5.147972	102.721962	0.000000	0.000000	0.000000	0.000000	0.000000	0.000000	0.000000	0.000000	1652875639.884976	0.000000
200.000000	175.281631	57.717876	38.881870	155.439592	0.000000	0.000000	0.000000	0.000000	0.000000	0.000000	0.000000	0.000000	1652875639.884976	0.000000
0.000000	127.726933	18.862185	-3.666972	107.798876	0.000000	0.000000	0.000000	0.000000	0.000000	0.000000	0.000000	0.000000	1652875639.885472	0.000000
101.000000	114.476468	9.160885	-40.467587	54.071474	0.000000	0.000000	0.000000	0.000000	0.000000	0.000000	0.000000	0.000000	1652875639.899015	0.000000
101.000000	155.712605	52.094936	4.209257	101.916014	0.000000	0.000000	0.000000	0.000000	0.000000	0.000000	0.000000	0.000000	1652875639.899015	0.000000
102.000000	155.230158	41.447441	31.390850	143.133451	0.000000	0.000000	0.000000	0.000000	0.000000	0.000000	0.000000	0.000000	1652875639.914698	0.000000
102.000000	120.168595	5.222770	-10.454890	102.581716	0.000000	0.000000	0.000000	0.000000	0.000000	0.000000	0.000000	0.000000	1652875639.914698	0.000000
103.000000	111.966995	6.026849	-37.718761	53.200077	0.000000	0.000000	0.000000	0.000000	0.000000	0.000000	0.000000	0.000000	1652875639.915423	0.000000
103.000000	153.741677	39.685948	-2.114913	93.478799	0.000000	0.000000	0.000000	0.000000	0.000000	0.000000	0.000000	0.000000	1652875639.915423	0.000000
104.000000	162.306048	45.572551	32.602578	142.931497	0.000000	0.000000	0.000000	0.000000	0.000000	0.000000	0.000000	0.000000	1652875639.945431	0.000000
104.000000	123.321331	16.001162	-7.605087	108.378561	0.000000	0.000000	0.000000	0.000000	0.000000	0.000000	0.000000	0.000000	1652875639.945431	0.000000
105.000000	115.968688	7.238576	-36.540693	55.578653	0.000000	0.000000	0.000000	0.000000	0.000000	0.000000	0.000000	0.000000	1652875639.946143	0.000000
105.000000	153.835175	47.580877	0.686272	95.266472	0.000000	0.000000	0.000000	0.000000	0.000000	0.000000	0.000000	0.000000	1652875639.946143	0.000000
106.000000	159.130873	50.079130	30.003347	143.470042	0.000000	0.000000	0.000000	0.000000	0.000000	0.000000	0.000000	0.000000	1652875639.946885	0.000000
106.000000	129.249073	23.462262	3.259323	110.117614	0.000000	0.000000	0.000000	0.000000	0.000000	0.000000	0.000000	0.000000	1652875639.946885	0.000000
107.000000	118.358484	14.437884	-34.940015	50.600846	0.000000	0.000000	0.000000	0.000000	0.000000	0.000000	0.000000	0.000000	1652875639.975386	0.000000
107.000000	160.540815	49.290011	2.096214	92.188534	0.000000	0.000000	0.000000	0.000000	0.000000	0.000000	0.000000	0.000000	1652875639.975386	0.000000
108.000000	176.012782	60.270358	40.804178	150.527233	0.000000	0.000000	0.000000	0.000000	0.000000	0.000000	0.000000	0.000000	1652875639.976144	0.000000
108.000000	134.155821	24.976922	-0.985464	106.175760	0.000000	0.000000	0.000000	0.000000	0.000000	0.000000	0.000000	0.000000	1652875639.976144	0.000000
109.000000	124.746233	21.734429	-33.660970	57.074613	0.000000	0.000000	0.000000	0.000000	0.000000	0.000000	0.000000	0.000000	1652875639.976873	0.000000
109.000000	154.048349	46.485086	-1.168719	92.252112	0.000000	0.000000	0.000000	0.000000	0.000000	0.000000	0.000000	0.000000	1652875639.976873	0.000000
110.000000	170.286995	57.005425	39.009026	153.485494	0.000000	0.000000	0.000000	0.000000	0.000000	0.000000	0.000000	0.000000	1652875639.989074	0.000000
110.000000	129.391189	22.321593	-2.735737	103.019284	0.000000	0.000000	0.000000	0.000000	0.000000	0.000000	0.000000	0.000000	1652875639.989074	0.000000
111.000000	111.675283	8.057614	-41.065971	43.465117	0.000000	0.000000	0.000000	0.000000	0.000000	0.000000	0.000000	0.000000	1652875640.005122	0.000000
111.000000	158.637206	51.765825	4.373813	100.401354	0.000000	0.000000	0.000000	0.000000	0.000000	0.000000	0.000000	0.000000	1652875640.005122	0.000000
112.000000	166.524655	53.747972	40.445148	153.526633	0.000000	0.000000	0.000000	0.000000	0.000000	0.000000	0.000000	0.000000	1652875640.050875	0.000000
112.000000	130.258846	28.369011	0.742370	107.121954	0.000000	0.000000	0.000000	0.000000	0.000000	0.000000	0.000000	0.000000	1652875640.050875	0.000000
113.000000	125.991620	16.195637	-29.670496	58.189103	0.000000	0.000000	0.000000	0.000000	0.000000	0.000000	0.000000	0.000000	1652875640.066809	0.000000
113.000000	159.149573	46.010119	0.158946	96.968126	0.000000	0.000000	0.000000	0.000000	0.000000	0.000000	0.000000	0.000000	1652875640.066809	0.000000
114.000000	154.762670	39.824325	22.456229	139.098099	0.000000	0.000000	0.000000	0.000000	0.000000	0.000000	0.000000	0.000000	1652875640.067555	0.000000
114.000000	123.485887	13.884379	-13.349573	90.561677	0.000000	0.000000	0.000000	0.000000	0.000000	0.000000	0.000000	0.000000	1652875640.067555	0.000000
115.000000	123.093197	16.678084	-34.595945	47.964217	0.000000	0.000000	0.000000	0.000000	0.000000	0.000000	0.000000	0.000000	1652875640.068185	0.000000
115.000000	154.710311	43.945694	-9.519915	80.639723	0.000000	0.000000	0.000000	0.000000	0.000000	0.000000	0.000000	0.000000	1652875640.068185	0.000000
116.000000	165.103493	44.925548	21.491335	129.045248	0.000000	0.000000	0.000000	0.000000	0.000000	0.000000	0.000000	0.000000	1652875640.069000	0.000000
116.000000	117.206595	6.064248	-20.032774	77.782439	0.000000	0.000000	0.000000	0.000000	0.000000	0.000000	0.000000	0.000000	1652875640.069000	0.000000
117.000000	128.774105	16.674344	-40.654582	40.708811	0.000000	0.000000	0.000000	0.000000	0.000000	0.000000	0.000000	0.000000	1652875640.080456	0.000000
117.000000	161.030742	46.918915	-5.720177	82.984640	0.000000	0.000000	0.000000	0.000000	0.000000	0.000000	0.000000	0.000000	1652875640.080456	0.000000
118.000000	164.886579	48.826264	20.612459	131.109673	0.000000	0.000000	0.000000	0.000000	0.000000	0.000000	0.000000	0.000000	1652875640.081141	0.000000
118.000000	126.032759	13.244856	-12.702570	84.488080	0.000000	0.000000	0.000000	0.000000	0.000000	0.000000	0.000000	0.000000	1652875640.081141	0.000000
119.000000	119.469234	10.914898	-46.432728	38.079661	0.000000	0.000000	0.000000	0.000000	0.000000	0.000000	0.000000	0.000000	1652875640.081917	0.000000
119.000000	158.562408	45.669788	-4.411212	89.907195	0.000000	0.000000	0.000000	0.000000	0.000000	0.000000	0.000000	0.000000	1652875640.081917	0.000000
120.000000	159.841454	47.382662	20.283347	130.096160	0.000000	0.000000	0.000000	0.000000	0.000000	0.000000	0.000000	0.000000	1652875640.094751	0.000000
120.000000	127.629696	17.078253	-14.991389	93.553597	0.000000	0.000000	0.000000	0.000000	0.000000	0.000000	0.000000	0.000000	1652875640.094751	0.000000
121.000000	117.588064	12.986803	-42.760146	44.613267	0.000000	0.000000	0.000000	0.000000	0.000000	0.000000	0.000000	0.000000	1652875640.095482	0.000000
121.000000	157.904186	46.982493	-5.099354	87.588457	0.000000	0.000000	0.000000	0.000000	0.000000	0.000000	0.000000	0.000000	1652875640.095482	0.000000
122.000000	165.006256	50.999146	27.336799	135.881785	0.000000	0.000000	0.000000	0.000000	0.000000	0.000000	0.000000	0.000000	1652875640.125863	0.000000
122.000000	138.007918	29.023494	3.072328	105.794290	0.000000	0.000000	0.000000	0.000000	0.000000	0.000000	0.000000	0.000000	1652875640.125863	0.000000
123.000000	123.594344	17.018415	-45.086364	40.465718	0.000000	0.000000	0.000000	0.000000	0.000000	0.000000	0.000000	0.000000	1652875640.140428	0.000000
123.000000	158.988757	49.312451	-5.918392	82.120723	0.000000	0.000000	0.000000	0.000000	0.000000	0.000000	0.000000	0.000000	1652875640.140428	0.000000
124.000000	163.031589	46.294352	23.204209	130.425271	0.000000	0.000000	0.000000	0.000000	0.000000	0.000000	0.000000	0.000000	1652875640.141141	0.000000
124.000000	126.687241	18.039407	-9.987403	88.108303	0.000000	0.000000	0.000000	0.000000	0.000000	0.000000	0.000000	0.000000	1652875640.141141	0.000000
125.000000	119.435575	15.825387	-44.158869	36.254590	0.000000	0.000000	0.000000	0.000000	0.000000	0.000000	0.000000	0.000000	1652875640.141863	0.000000
125.000000	149.051843	42.647949	-16.307834	71.076799	0.000000	0.000000	0.000000	0.000000	0.000000	0.000000	0.000000	0.000000	1652875640.141863	0.000000
126.000000	159.871373	44.469280	13.678684	127.500669	0.000000	0.000000	0.000000	0.000000	0.000000	0.000000	0.000000	0.000000	1652875640.154740	0.000000
126.000000	122.816445	12.549234	-22.243055	81.825271	0.000000	0.000000	0.000000	0.000000	0.000000	0.000000	0.000000	0.000000	1652875640.154740	0.000000
127.000000	106.862031	3.491197	-60.210519	24.395367	0.000000	0.000000	0.000000	0.000000	0.000000	0.000000	0.000000	0.000000	1652875640.155440	0.000000
127.000000	151.307002	34.139677	-20.283347	69.300346	0.000000	0.000000	0.000000	0.000000	0.000000	0.000000	0.000000	0.000000	1652875640.155440	0.000000
128.000000	167.523209	52.184694	22.228095	132.560754	0.000000	0.000000	0.000000	0.000000	0.000000	0.000000	0.000000	0.000000	1652875640.169087	0.000000
128.000000	135.943493	19.333413	-12.164025	86.821777	0.000000	0.000000	0.000000	0.000000	0.000000	0.000000	0.000000	0.000000	1652875640.169087	0.000000
129.000000	131.145202	22.994775	-40.123517	42.743317	0.000000	0.000000	0.000000	0.000000	0.000000	0.000000	0.000000	0.000000	1652875640.185138	0.000000
129.000000	163.428018	53.991066	-5.458384	88.643109	0.000000	0.000000	0.000000	0.000000	0.000000	0.000000	0.000000	0.000000	1652875640.185138	0.000000
130.000000	176.510188	63.774644	36.234021	144.083386	0.000000	0.000000	0.000000	0.000000	0.000000	0.000000	0.000000	0.000000	1652875640.185452	0.000000
130.000000	132.955313	20.122532	-12.638992	89.417268	0.000000	0.000000	0.000000	0.000000	0.000000	0.000000	0.000000	0.000000	1652875640.185452	0.000000
131.000000	125.722347	19.415691	-42.345017	47.305995	0.000000	0.000000	0.000000	0.000000	0.000000	0.000000	0.000000	0.000000	1652875640.231130	0.000000
131.000000	160.914805	51.851843	-3.947464	90.804771	0.000000	0.000000	0.000000	0.000000	0.000000	0.000000	0.000000	0.000000	1652875640.231130	0.000000
132.000000	161.524409	47.117130	22.549727	134.943070	0.000000	0.000000	0.000000	0.000000	0.000000	0.000000	0.000000	0.000000	1652875640.231834	0.000000
132.000000	124.375983	15.466356	-13.869419	87.106010	0.000000	0.000000	0.000000	0.000000	0.000000	0.000000	0.000000	0.000000	1652875640.231834	0.000000
133.000000	119.652489	16.008642	-38.979107	45.839954	0.000000	0.000000	0.000000	0.000000	0.000000	0.000000	0.000000	0.000000	1652875640.232549	0.000000
133.000000	152.178399	44.992866	-11.804994	78.706195	0.000000	0.000000	0.000000	0.000000	0.000000	0.000000	0.000000	0.000000	1652875640.232549	0.000000
134.000000	171.319207	58.550004	37.782339	138.054667	0.000000	0.000000	0.000000	0.000000	0.000000	0.000000	0.000000	0.000000	1652875640.233326	0.000000
134.000000	124.136629	14.755775	-14.015275	87.547318	0.000000	0.000000	0.000000	0.000000	0.000000	0.000000	0.000000	0.000000	1652875640.233326	0.000000
135.000000	114.700862	8.667218	-47.139569	35.323355	0.000000	0.000000	0.000000	0.000000	0.000000	0.000000	0.000000	0.000000	1652875640.260453	0.000000
135.000000	158.151019	44.577738	-1.681085	88.104563	0.000000	0.000000	0.000000	0.000000	0.000000	0.000000	0.000000	0.000000	1652875640.260453	0.000000
136.000000	164.707064	52.121116	27.460215	138.166864	0.000000	0.000000	0.000000	0.000000	0.000000	0.000000	0.000000	0.000000	1652875640.261122	0.000000
136.000000	125.337137	9.908865	-22.258015	83.474567	0.000000	0.000000	0.000000	0.000000	0.000000	0.000000	0.000000	0.000000	1652875640.261122	0.000000
137.000000	118.489380	10.129519	-47.449981	40.634013	0.000000	0.000000	0.000000	0.000000	0.000000	0.000000	0.000000	0.000000	1652875640.261860	0.000000
137.000000	155.140400	41.447441	-9.654552	84.944348	0.000000	0.000000	0.000000	0.000000	0.000000	0.000000	0.000000	0.000000	1652875640.261860	0.000000
138.000000	162.238730	46.578584	20.593759	132.657991	0.000000	0.000000	0.000000	0.000000	0.000000	0.000000	0.000000	0.000000	1652875640.290532	0.000000
138.000000	132.356929	24.288780	-3.016229	105.899007	0.000000	0.000000	0.000000	0.000000	0.000000	0.000000	0.000000	0.000000	1652875640.290532	0.000000
139.000000	117.494567	16.580846	-40.807918	48.274629	0.000000	0.000000	0.000000	0.000000	0.000000	0.000000	0.000000	0.000000	1652875640.291159	0.000000
139.000000	160.544555	49.551804	-3.143386	94.421254	0.000000	0.000000	0.000000	0.000000	0.000000	0.000000	0.000000	0.000000	1652875640.291159	0.000000
140.000000	171.801654	56.556637	31.308572	143.526141	0.000000	0.000000	0.000000	0.000000	0.000000	0.000000	0.000000	0.000000	1652875640.291920	0.000000
140.000000	131.003086	19.471789	-9.546095	98.378068	0.000000	0.000000	0.000000	0.000000	0.000000	0.000000	0.000000	0.000000	1652875640.291920	0.000000
141.000000	127.352943	20.877992	-35.527180	53.177637	0.000000	0.000000	0.000000	0.000000	0.000000	0.000000	0.000000	0.000000	1652875640.304749	0.000000
141.000000	166.782708	50.176368	-0.140246	92.087557	0.000000	0.000000	0.000000	0.000000	0.000000	0.000000	0.000000	0.000000	1652875640.304749	0.000000
142.000000	173.069480	57.386895	33.578692	145.822439	0.000000	0.000000	0.000000	0.000000	0.000000	0.000000	0.000000	0.000000	1652875640.305469	0.000000
142.000000	131.365856	17.437284	-11.550681	99.148488	0.000000	0.000000	0.000000	0.000000	0.000000	0.000000	0.000000	0.000000	1652875640.305469	0.000000
143.000000	118.235067	8.629819	-45.292058	41.666225	0.000000	0.000000	0.000000	0.000000	0.000000	0.000000	0.000000	0.000000	1652875640.335846	0.000000
143.000000	156.681239	45.995160	-2.705818	94.645648	0.000000	0.000000	0.000000	0.000000	0.000000	0.000000	0.000000	0.000000	1652875640.335846	0.000000
144.000000	162.923132	50.367103	27.841685	146.551720	0.000000	0.000000	0.000000	0.000000	0.000000	0.000000	0.000000	0.000000	1652875640.336532	0.000000
144.000000	117.790019	14.796914	-10.507249	96.549257	0.000000	0.000000	0.000000	0.000000	0.000000	0.000000	0.000000	0.000000	1652875640.336532	0.000000
145.000000	111.342432	3.749250	-49.181554	44.306595	0.000000	0.000000	0.000000	0.000000	0.000000	0.000000	0.000000	0.000000	1652875640.350897	0.000000
145.000000	145.371781	37.120377	-14.288288	83.111797	0.000000	0.000000	0.000000	0.000000	0.000000	0.000000	0.000000	0.000000	1652875640.350897	0.000000
146.000000	165.997329	52.712020	29.763994	142.897837	0.000000	0.000000	0.000000	0.000000	0.000000	0.000000	0.000000	0.000000	1652875640.365873	0.000000
146.000000	132.263432	19.572766	-7.066541	98.550104	0.000000	0.000000	0.000000	0.000000	0.000000	0.000000	0.000000	0.000000	1652875640.365873	0.000000
147.000000	121.911389	16.767841	-41.694275	51.681677	0.000000	0.000000	0.000000	0.000000	0.000000	0.000000	0.000000	0.000000	1652875640.366617	0.000000
147.000000	162.335967	50.397022	0.536676	99.402801	0.000000	0.000000	0.000000	0.000000	0.000000	0.000000	0.000000	0.000000	1652875640.366617	0.000000
148.000000	173.140538	55.374829	31.398330	143.574759	0.000000	0.000000	0.000000	0.000000	0.000000	0.000000	0.000000	0.000000	1652875640.379772	0.000000
148.000000	142.772551	26.543940	-0.581554	104.055236	0.000000	0.000000	0.000000	0.000000	0.000000	0.000000	0.000000	0.000000	1652875640.379772	0.000000
149.000000	126.257153	19.086579	-41.739153	52.078107	0.000000	0.000000	0.000000	0.000000	0.000000	0.000000	0.000000	0.000000	1652875640.380538	0.000000
149.000000	166.184324	53.819030	-1.666125	94.656868	0.000000	0.000000	0.000000	0.000000	0.000000	0.000000	0.000000	0.000000	1652875640.380538	0.000000
150.000000	171.135952	54.260339	27.583632	147.344578	0.000000	0.000000	0.000000	0.000000	0.000000	0.000000	0.000000	0.000000	1652875640.395456	0.000000
150.000000	133.359223	24.935783	-9.183324	103.658807	0.000000	0.000000	0.000000	0.000000	0.000000	0.000000	0.000000	0.000000	1652875640.395456	0.000000
151.000000	121.915129	16.640685	-40.258153	48.536422	0.000000	0.000000	0.000000	0.000000	0.000000	0.000000	0.000000	0.000000	1652875640.396168	0.000000
151.000000	163.255983	51.133782	-3.270543	93.299284	0.000000	0.000000	0.000000	0.000000	0.000000	0.000000	0.000000	0.000000	1652875640.396168	0.000000
152.000000	167.534428	51.055244	28.152097	150.912443	0.000000	0.000000	0.000000	0.000000	0.000000	0.000000	0.000000	0.000000	1652875640.425170	0.000000
152.000000	131.597730	22.489888	-1.337014	105.027610	0.000000	0.000000	0.000000	0.000000	0.000000	0.000000	0.000000	0.000000	1652875640.425170	0.000000
153.000000	120.385510	13.443070	-37.591604	50.372713	0.000000	0.000000	0.000000	0.000000	0.000000	0.000000	0.000000	0.000000	1652875640.440864	0.000000
153.000000	159.673159	48.186741	0.963024	97.760985	0.000000	0.000000	0.000000	0.000000	0.000000	0.000000	0.000000	0.000000	1652875640.440864	0.000000
154.000000	165.077314	48.987080	30.534413	144.161924	0.000000	0.000000	0.000000	0.000000	0.000000	0.000000	0.000000	0.000000	1652875640.441609	0.000000
154.000000	127.607256	17.145571	-10.716683	99.365402	0.000000	0.000000	0.000000	0.000000	0.000000	0.000000	0.000000	0.000000	1652875640.441609	0.000000
155.000000	119.095244	16.031081	-39.240900	50.649465	0.000000	0.000000	0.000000	0.000000	0.000000	0.000000	0.000000	0.000000	1652875640.455456	0.000000
155.000000	157.447918	44.121470	-2.735737	91.556491	0.000000	0.000000	0.000000	0.000000	0.000000	0.000000	0.000000	0.000000	1652875640.455456	0.000000
156.000000	166.318961	49.503186	28.686903	145.650404	0.000000	0.000000	0.000000	0.000000	0.000000	0.000000	0.000000	0.000000	1652875640.456202	0.000000
156.000000	125.037945	13.876899	-11.610519	104.780777	0.000000	0.000000	0.000000	0.000000	0.000000	0.000000	0.000000	0.000000	1652875640.456202	0.000000
157.000000	118.781093	8.839254	-42.745187	48.861793	0.000000	0.000000	0.000000	0.000000	0.000000	0.000000	0.000000	0.000000	1652875640.456947	0.000000
157.000000	159.373967	43.908295	-3.177045	93.590996	0.000000	0.000000	0.000000	0.000000	0.000000	0.000000	0.000000	0.000000	1652875640.456947	0.000000
158.000000	171.637099	55.636622	39.068865	156.765386	0.000000	0.000000	0.000000	0.000000	0.000000	0.000000	0.000000	0.000000	1652875640.486806	0.000000
158.000000	129.383709	18.798607	-0.390820	108.692712	0.000000	0.000000	0.000000	0.000000	0.000000	0.000000	0.000000	0.000000	1652875640.486806	0.000000
159.000000	122.779046	14.998869	-28.402670	58.480816	0.000000	0.000000	0.000000	0.000000	0.000000	0.000000	0.000000	0.000000	1652875640.487566	0.000000
159.000000	158.409072	44.042932	0.368380	97.087803	0.000000	0.000000	0.000000	0.000000	0.000000	0.000000	0.000000	0.000000	1652875640.487566	0.000000
160.000000	167.826141	49.832297	32.292166	146.611558	0.000000	0.000000	0.000000	0.000000	0.000000	0.000000	0.000000	0.000000	1652875640.488291	0.000000
160.000000	123.153036	12.796068	-6.786048	104.081416	0.000000	0.000000	0.000000	0.000000	0.000000	0.000000	0.000000	0.000000	1652875640.488291	0.000000
161.000000	119.562732	13.540308	-37.640223	53.817160	0.000000	0.000000	0.000000	0.000000	0.000000	0.000000	0.000000	0.000000	1652875640.499081	0.000000
161.000000	153.334028	41.671835	-3.719331	93.538638	0.000000	0.000000	0.000000	0.000000	0.000000	0.000000	0.000000	0.000000	1652875640.499081	0.000000
162.000000	165.698137	54.660508	38.399423	155.478861	0.000000	0.000000	0.000000	0.000000	0.000000	0.000000	0.000000	0.000000	1652875640.576869	0.000000
162.000000	124.484440	12.848426	-12.156545	99.847849	0.000000	0.000000	0.000000	0.000000	0.000000	0.000000	0.000000	0.000000	1652875640.576869	0.000000
163.000000	124.293705	18.338599	-33.765687	60.436783	0.000000	0.000000	0.000000	0.000000	0.000000	0.000000	0.000000	0.000000	1652875640.577564	0.000000
163.000000	157.851827	43.571704	-1.838161	94.735406	0.000000	0.000000	0.000000	0.000000	0.000000	0.000000	0.000000	0.000000	1652875640.577564	0.000000
164.000000	177.033774	57.955360	37.187695	154.196075	0.000000	0.000000	0.000000	0.000000	0.000000	0.000000	0.000000	0.000000	1652875640.578326	0.000000
164.000000	130.950727	21.487595	-4.904879	107.952212	0.000000	0.000000	0.000000	0.000000	0.000000	0.000000	0.000000	0.000000	1652875640.578326	0.000000
165.000000	127.027572	21.824186	-35.643117	56.244355	0.000000	0.000000	0.000000	0.000000	0.000000	0.000000	0.000000	0.000000	1652875640.579114	0.000000
165.000000	167.268895	54.649288	6.801008	104.272151	0.000000	0.000000	0.000000	0.000000	0.000000	0.000000	0.000000	0.000000	1652875640.579114	0.000000
166.000000	171.150912	52.177214	33.728288	148.324432	0.000000	0.000000	0.000000	0.000000	0.000000	0.000000	0.000000	0.000000	1652875640.622525	0.000000
166.000000	130.528118	24.453336	0.024309	110.678599	0.000000	0.000000	0.000000	0.000000	0.000000	0.000000	0.000000	0.000000	1652875640.622525	0.000000
167.000000	119.252320	9.041208	-35.123270	54.150011	0.000000	0.000000	0.000000	0.000000	0.000000	0.000000	0.000000	0.000000	1652875640.623200	0.000000
167.000000	153.648180	42.681608	-0.353421	100.214359	0.000000	0.000000	0.000000	0.000000	0.000000	0.000000	0.000000	0.000000	1652875640.623200	0.000000
168.000000	158.495090	43.508126	26.629958	145.381131	0.000000	0.000000	0.000000	0.000000	0.000000	0.000000	0.000000	0.000000	1652875640.623954	0.000000
168.000000	114.237114	7.784602	-15.683270	96.029411	0.000000	0.000000	0.000000	0.000000	0.000000	0.000000	0.000000	0.000000	1652875640.623954	0.000000
170.000000	121.032512	11.150512	15.750589	142.740762	0.000000	0.000000	0.000000	0.000000	0.000000	0.000000	0.000000	0.000000	1652875640.624712	0.000000
170.000000	84.048642	-23.215429	-27.385417	97.185040	0.000000	0.000000	0.000000	0.000000	0.000000	0.000000	0.000000	0.000000	1652875640.624712	0.000000
171.000000	81.617707	-20.227249	-53.071050	46.584194	0.000000	0.000000	0.000000	0.000000	0.000000	0.000000	0.000000	0.000000	1652875640.637537	0.000000
171.000000	125.004286	13.031681	-15.989942	93.377822	0.000000	0.000000	0.000000	0.000000	0.000000	0.000000	0.000000	0.000000	1652875640.637537	0.000000
172.000000	128.983540	17.807534	13.132659	141.573913	0.000000	0.000000	0.000000	0.000000	0.000000	0.000000	0.000000	0.000000	1652875640.638202	0.000000
172.000000	97.927410	-13.903078	-17.414844	104.350689	0.000000	0.000000	0.000000	0.000000	0.000000	0.000000	0.000000	0.000000	1652875640.638202	0.000000
173.000000	91.311527	-21.730689	-53.284225	49.549935	0.000000	0.000000	0.000000	0.000000	0.000000	0.000000	0.000000	0.000000	1652875640.638974	0.000000
173.000000	126.043978	16.229296	-10.630666	97.147641	0.000000	0.000000	0.000000	0.000000	0.000000	0.000000	0.000000	0.000000	1652875640.638974	0.000000
174.000000	133.284425	19.165117	22.280454	144.539653	0.000000	0.000000	0.000000	0.000000	0.000000	0.000000	0.000000	0.000000	1652875640.639718	0.000000
174.000000	95.496475	-19.363332	-20.769534	95.468426	0.000000	0.000000	0.000000	0.000000	0.000000	0.000000	0.000000	0.000000	1652875640.639718	0.000000
175.000000	92.452197	-15.335460	-48.444794	50.301654	0.000000	0.000000	0.000000	0.000000	0.000000	0.000000	0.000000	0.000000	1652875640.649784	0.000000
175.000000	132.154975	18.409658	-10.570827	98.617422	0.000000	0.000000	0.000000	0.000000	0.000000	0.000000	0.000000	0.000000	1652875640.649784	0.000000
176.000000	137.151481	20.548880	18.809827	147.542793	0.000000	0.000000	0.000000	0.000000	0.000000	0.000000	0.000000	0.000000	1652875640.650579	0.000000
176.000000	94.015475	-17.355006	-25.429450	100.262978	0.000000	0.000000	0.000000	0.000000	0.000000	0.000000	0.000000	0.000000	1652875640.650579	0.000000
177.000000	83.304402	-19.542847	-55.988172	47.863240	0.000000	0.000000	0.000000	0.000000	0.000000	0.000000	0.000000	0.000000	1652875640.665433	0.000000
177.000000	120.598684	7.391912	-16.535968	94.615729	0.000000	0.000000	0.000000	0.000000	0.000000	0.000000	0.000000	0.000000	1652875640.665433	0.000000
178.000000	122.678068	13.659985	15.571073	144.715429	0.000000	0.000000	0.000000	0.000000	0.000000	0.000000	0.000000	0.000000	1652875640.666153	0.000000
178.000000	84.680685	-22.665664	-26.259708	96.156568	0.000000	0.000000	0.000000	0.000000	0.000000	0.000000	0.000000	0.000000	1652875640.666153	0.000000
179.000000	91.801454	-17.111912	-42.068265	60.343286	0.000000	0.000000	0.000000	0.000000	0.000000	0.000000	0.000000	0.000000	1652875640.695418	0.000000
179.000000	123.728980	15.488796	-9.138446	98.909134	0.000000	0.000000	0.000000	0.000000	0.000000	0.000000	0.000000	0.000000	1652875640.695418	0.000000
180.000000	129.585664	14.415444	19.165117	147.273520	0.000000	0.000000	0.000000	0.000000	0.000000	0.000000	0.000000	0.000000	1652875640.696149	0.000000
180.000000	89.576214	-15.956283	-20.260908	98.980192	0.000000	0.000000	0.000000	0.000000	0.000000	0.000000	0.000000	0.000000	1652875640.696149	0.000000
181.000000	77.148526	-26.888011	-55.913374	48.794475	0.000000	0.000000	0.000000	0.000000	0.000000	0.000000	0.000000	0.000000	1652875640.696957	0.000000
181.000000	115.598438	4.115760	-21.304340	91.118923	0.000000	0.000000	0.000000	0.000000	0.000000	0.000000	0.000000	0.000000	1652875640.696957	0.000000
182.000000	139.294444	18.189003	24.449596	151.454729	0.000000	0.000000	0.000000	0.000000	0.000000	0.000000	0.000000	0.000000	1652875640.709088	0.000000
182.000000	88.143832	-22.295414	-28.582185	91.223640	0.000000	0.000000	0.000000	0.000000	0.000000	0.000000	0.000000	0.000000	1652875640.709088	0.000000
183.000000	87.885779	-18.342339	-47.483640	49.493836	0.000000	0.000000	0.000000	0.000000	0.000000	0.000000	0.000000	0.000000	1652875640.741113	0.000000
183.000000	125.277299	14.333167	-11.378646	97.603909	0.000000	0.000000	0.000000	0.000000	0.000000	0.000000	0.000000	0.000000	1652875640.741113	0.000000
184.000000	126.470327	10.982216	12.646472	140.990488	0.000000	0.000000	0.000000	0.000000	0.000000	0.000000	0.000000	0.000000	1652875640.741878	0.000000
184.000000	89.344340	-21.173444	-27.220862	91.175021	0.000000	0.000000	0.000000	0.000000	0.000000	0.000000	0.000000	0.000000	1652875640.741878	0.000000
185.000000	90.930058	-15.028788	-51.384355	49.740669	0.000000	0.000000	0.000000	0.000000	0.000000	0.000000	0.000000	0.000000	1652875640.742624	0.000000
185.000000	120.718361	9.097307	-18.054367	89.708980	0.000000	0.000000	0.000000	0.000000	0.000000	0.000000	0.000000	0.000000	1652875640.742624	0.000000
186.000000	129.465987	14.239669	17.975829	145.384871	0.000000	0.000000	0.000000	0.000000	0.000000	0.000000	0.000000	0.000000	1652875640.770197	0.000000
186.000000	85.335167	-23.054613	-23.836252	95.311350	0.000000	0.000000	0.000000	0.000000	0.000000	0.000000	0.000000	0.000000	1652875640.770197	0.000000
187.000000	78.853921	-21.588572	-56.414521	42.440385	0.000000	0.000000	0.000000	0.000000	0.000000	0.000000	0.000000	0.000000	1652875640.770919	0.000000
187.000000	121.496260	16.857599	-13.674944	91.212420	0.000000	0.000000	0.000000	0.000000	0.000000	0.000000	0.000000	0.000000	1652875640.770919	0.000000
188.000000	125.019246	16.696783	20.556360	146.596598	0.000000	0.000000	0.000000	0.000000	0.000000	0.000000	0.000000	0.000000	1652875640.785454	0.000000
188.000000	96.790481	-10.761562	-14.624879	103.815883	0.000000	0.000000	0.000000	0.000000	0.000000	0.000000	0.000000	0.000000	1652875640.785454	0.000000
189.000000	84.074821	-20.575060	-56.799731	44.725464	0.000000	0.000000	0.000000	0.000000	0.000000	0.000000	0.000000	0.000000	1652875640.786150	0.000000
189.000000	121.769273	8.446564	-15.163424	96.571697	0.000000	0.000000	0.000000	0.000000	0.000000	0.000000	0.000000	0.000000	1652875640.786150	0.000000
190.000000	122.378876	4.818861	8.117453	133.518168	0.000000	0.000000	0.000000	0.000000	0.000000	0.000000	0.000000	0.000000	1652875640.786950	0.000000
190.000000	79.912312	-27.366718	-29.689196	87.842770	0.000000	0.000000	0.000000	0.000000	0.000000	0.000000	0.000000	0.000000	1652875640.786950	0.000000
191.000000	78.543509	-27.725748	-59.739292	47.373313	0.000000	0.000000	0.000000	0.000000	0.000000	0.000000	0.000000	0.000000	1652875640.816162	0.000000
191.000000	112.961808	3.479977	-22.175737	87.192028	0.000000	0.000000	0.000000	0.000000	0.000000	0.000000	0.000000	0.000000	1652875640.816162	0.000000
192.000000	118.089211	1.359454	8.046395	134.950550	0.000000	0.000000	0.000000	0.000000	0.000000	0.000000	0.000000	0.000000	1652875640.816904	0.000000
192.000000	81.707464	-27.497614	-31.955575	88.280338	0.000000	0.000000	0.000000	0.000000	0.000000	0.000000	0.000000	0.000000	1652875640.816904	0.000000
193.000000	80.095567	-28.645764	-57.884302	44.549688	0.000000	0.000000	0.000000	0.000000	0.000000	0.000000	0.000000	0.000000	1652875640.817647	0.000000
193.000000	116.593251	4.889919	-12.713790	97.188780	0.000000	0.000000	0.000000	0.000000	0.000000	0.000000	0.000000	0.000000	1652875640.817647	0.000000
194.000000	121.268126	4.874960	6.946864	139.554367	0.000000	0.000000	0.000000	0.000000	0.000000	0.000000	0.000000	0.000000	1652875640.845500	0.000000
194.000000	78.034883	-29.049673	-34.412689	84.948088	0.000000	0.000000	0.000000	0.000000	0.000000	0.000000	0.000000	0.000000	1652875640.845500	0.000000
195.000000	80.267603	-24.771227	-57.472913	44.272936	0.000000	0.000000	0.000000	0.000000	0.000000	0.000000	0.000000	0.000000	1652875640.846185	0.000000
195.000000	117.423509	6.453197	-16.966056	96.923247	0.000000	0.000000	0.000000	0.000000	0.000000	0.000000	0.000000	0.000000	1652875640.846185	0.000000
196.000000	122.386356	4.919838	8.842993	140.762355	0.000000	0.000000	0.000000	0.000000	0.000000	0.000000	0.000000	0.000000	1652875640.846942	0.000000
196.000000	81.333474	-25.560346	-29.479761	91.171281	0.000000	0.000000	0.000000	0.000000	0.000000	0.000000	0.000000	0.000000	1652875640.846942	0.000000
197.000000	72.282916	-29.793913	-59.096029	45.207911	0.000000	0.000000	0.000000	0.000000	0.000000	0.000000	0.000000	0.000000	1652875640.859149	0.000000
197.000000	113.201162	6.984263	-15.036268	90.700054	0.000000	0.000000	0.000000	0.000000	0.000000	0.000000	0.000000	0.000000	1652875640.859149	0.000000
198.000000	119.293459	5.607980	12.515575	144.019807	0.000000	0.000000	0.000000	0.000000	0.000000	0.000000	0.000000	0.000000	1652875640.874843	0.000000
198.000000	82.821954	-24.341139	-29.348865	94.630689	0.000000	0.000000	0.000000	0.000000	0.000000	0.000000	0.000000	0.000000	1652875640.874843	0.000000
199.000000	78.277976	-28.103478	-57.723486	48.925371	0.000000	0.000000	0.000000	0.000000	0.000000	0.000000	0.000000	0.000000	1652875640.875536	0.000000
199.000000	126.720900	13.992836	-13.817060	100.162001	0.000000	0.000000	0.000000	0.000000	0.000000	0.000000	0.000000	0.000000	1652875640.875536	0.000000
200.000000	142.948326	27.351758	27.262001	158.227687	0.000000	0.000000	0.000000	0.000000	0.000000	0.000000	0.000000	0.000000	1652875640.889831	0.000000
200.000000	97.890011	-14.329427	-21.925163	101.257791	0.000000	0.000000	0.000000	0.000000	0.000000	0.000000	0.000000	0.000000	1652875640.889831	0.000000
0.000000	132.080177	24.159754	-27.002078	64.070096	0.000000	0.000000	0.000000	0.000000	0.000000	0.000000	0.000000	0.000000	1652875640.890581	0.000000
101.000000	169.269742	54.984009	9.933174	105.949496	0.000000	0.000000	0.000000	0.000000	0.000000	0.000000	0.000000	0.000000	1652875640.904078	0.000000
101.000000	167.250196	52.463317	34.044309	151.924086	0.000000	0.000000	0.000000	0.000000	0.000000	0.000000	0.000000	0.000000	1652875640.904078	0.000000
