115.000000	0.863917	-71.232005	-66.465502	295.833566	0.000000	0.000000	0.000000	0.000000	0.000000	0.000000	0.000000	0.000000	1652280046.263263	0.000000
115.000000	25.637014	-48.082024	-52.594213	304.779407	0.000000	0.000000	0.000000	0.000000	0.000000	0.000000	0.000000	0.000000	1652280046.263263	0.000000
116.000000	78.631397	-9.400239	-20.760185	309.686156	0.000000	0.000000	0.000000	0.000000	0.000000	0.000000	0.000000	0.000000	1652280046.263790	0.000000
116.000000	53.570327	-31.933136	-34.175206	302.729942	0.000000	0.000000	0.000000	0.000000	0.000000	0.000000	0.000000	0.000000	1652280046.263790	0.000000
117.000000	-3.048018	-78.109681	-76.600631	285.922831	0.000000	0.000000	0.000000	0.000000	0.000000	0.000000	0.000000	0.000000	1652280046.277349	0.000000
117.000000	18.160954	-59.062370	-62.003801	298.922724	0.000000	0.000000	0.000000	0.000000	0.000000	0.000000	0.000000	0.000000	1652280046.277349	0.000000
118.000000	73.949042	-18.289981	-26.886141	302.071719	0.000000	0.000000	0.000000	0.000000	0.000000	0.000000	0.000000	0.000000	1652280046.293161	0.000000
118.000000	52.556814	-39.551312	-39.340008	295.253882	0.000000	0.000000	0.000000	0.000000	0.000000	0.000000	0.000000	0.000000	1652280046.293161	0.000000
119.000000	3.489327	-73.191712	-71.028180	289.662731	0.000000	0.000000	0.000000	0.000000	0.000000	0.000000	0.000000	0.000000	1652280046.293719	0.000000
119.000000	28.868288	-49.753759	-58.432197	295.134205	0.000000	0.000000	0.000000	0.000000	0.000000	0.000000	0.000000	0.000000	1652280046.293719	0.000000
120.000000	80.665902	-11.416045	-18.673320	310.187302	0.000000	0.000000	0.000000	0.000000	0.000000	0.000000	0.000000	0.000000	1652280046.307432	0.000000
120.000000	50.873859	-41.600777	-36.325648	295.463316	0.000000	0.000000	0.000000	0.000000	0.000000	0.000000	0.000000	0.000000	1652280046.307432	0.000000
121.000000	6.417668	-75.858261	-78.840831	290.137699	0.000000	0.000000	0.000000	0.000000	0.000000	0.000000	0.000000	0.000000	1652280046.323110	0.000000
121.000000	26.085802	-55.434667	-57.456083	301.679030	0.000000	0.000000	0.000000	0.000000	0.000000	0.000000	0.000000	0.000000	1652280046.323110	0.000000
122.000000	75.190689	-20.500262	-19.787811	304.109965	0.000000	0.000000	0.000000	0.000000	0.000000	0.000000	0.000000	0.000000	1652280046.323782	0.000000
122.000000	50.716783	-45.864263	-38.311535	296.357152	0.000000	0.000000	0.000000	0.000000	0.000000	0.000000	0.000000	0.000000	1652280046.323782	0.000000
123.000000	5.131143	-82.156252	-75.478661	287.602046	0.000000	0.000000	0.000000	0.000000	0.000000	0.000000	0.000000	0.000000	1652280046.353788	0.000000
123.000000	38.229257	-48.740246	-51.524602	300.022254	0.000000	0.000000	0.000000	0.000000	0.000000	0.000000	0.000000	0.000000	1652280046.353788	0.000000
124.000000	84.001893	-9.183324	-17.525171	308.829719	0.000000	0.000000	0.000000	0.000000	0.000000	0.000000	0.000000	0.000000	1652280046.354426	0.000000
124.000000	69.902470	-25.967995	-27.742578	304.977622	0.000000	0.000000	0.000000	0.000000	0.000000	0.000000	0.000000	0.000000	1652280046.354426	0.000000
125.000000	4.263486	-71.332982	-65.930696	292.022608	0.000000	0.000000	0.000000	0.000000	0.000000	0.000000	0.000000	0.000000	1652280046.355262	0.000000
125.000000	36.961431	-46.896475	-53.768542	299.360292	0.000000	0.000000	0.000000	0.000000	0.000000	0.000000	0.000000	0.000000	1652280046.355262	0.000000
126.000000	87.240646	-8.667218	-15.434567	314.024440	0.000000	0.000000	0.000000	0.000000	0.000000	0.000000	0.000000	0.000000	1652280046.367476	0.000000
126.000000	70.283940	-32.127611	-30.132374	306.926110	0.000000	0.000000	0.000000	0.000000	0.000000	0.000000	0.000000	0.000000	1652280046.367476	0.000000
127.000000	15.771158	-72.357714	-70.459715	294.345086	0.000000	0.000000	0.000000	0.000000	0.000000	0.000000	0.000000	0.000000	1652280046.383062	0.000000
127.000000	38.289096	-46.874036	-56.536068	303.889311	0.000000	0.000000	0.000000	0.000000	0.000000	0.000000	0.000000	0.000000	1652280046.383062	0.000000
128.000000	95.090696	-4.272836	-13.396322	312.528480	0.000000	0.000000	0.000000	0.000000	0.000000	0.000000	0.000000	0.000000	1652280046.383882	0.000000
128.000000	69.158230	-32.886810	-37.114767	300.381285	0.000000	0.000000	0.000000	0.000000	0.000000	0.000000	0.000000	0.000000	1652280046.383882	0.000000
129.000000	16.055391	-73.992051	-71.641524	292.905225	0.000000	0.000000	0.000000	0.000000	0.000000	0.000000	0.000000	0.000000	1652280046.397417	0.000000
129.000000	39.104394	-51.249719	-60.586379	296.783501	0.000000	0.000000	0.000000	0.000000	0.000000	0.000000	0.000000	0.000000	1652280046.397417	0.000000
130.000000	88.332697	-10.843840	-23.235998	308.653943	0.000000	0.000000	0.000000	0.000000	0.000000	0.000000	0.000000	0.000000	1652280046.413168	0.000000
130.000000	61.225902	-34.513667	-40.895806	293.989796	0.000000	0.000000	0.000000	0.000000	0.000000	0.000000	0.000000	0.000000	1652280046.413168	0.000000
131.000000	13.878769	-76.482824	-74.749380	286.513736	0.000000	0.000000	0.000000	0.000000	0.000000	0.000000	0.000000	0.000000	1652280046.413820	0.000000
131.000000	32.353875	-49.746279	-59.756121	295.395998	0.000000	0.000000	0.000000	0.000000	0.000000	0.000000	0.000000	0.000000	1652280046.413820	0.000000
132.000000	76.148103	-16.281654	-29.085202	302.225055	0.000000	0.000000	0.000000	0.000000	0.000000	0.000000	0.000000	0.000000	1652280046.427368	0.000000
132.000000	60.575160	-36.450935	-42.717137	294.087033	0.000000	0.000000	0.000000	0.000000	0.000000	0.000000	0.000000	0.000000	1652280046.427368	0.000000
133.000000	10.310904	-76.916652	-81.294205	288.753936	0.000000	0.000000	0.000000	0.000000	0.000000	0.000000	0.000000	0.000000	1652280046.442993	0.000000
133.000000	33.071935	-46.309311	-60.840692	294.116952	0.000000	0.000000	0.000000	0.000000	0.000000	0.000000	0.000000	0.000000	1652280046.442993	0.000000
134.000000	84.734913	-2.814275	-19.410081	311.859038	0.000000	0.000000	0.000000	0.000000	0.000000	0.000000	0.000000	0.000000	1652280046.443789	0.000000
134.000000	58.996922	-35.845071	-42.036476	287.994736	0.000000	0.000000	0.000000	0.000000	0.000000	0.000000	0.000000	0.000000	1652280046.443789	0.000000
135.000000	19.907487	-58.867895	-65.190196	296.880738	0.000000	0.000000	0.000000	0.000000	0.000000	0.000000	0.000000	0.000000	1652280046.457457	0.000000
135.000000	30.741978	-49.910835	-64.008388	297.366925	0.000000	0.000000	0.000000	0.000000	0.000000	0.000000	0.000000	0.000000	1652280046.457457	0.000000
136.000000	81.578438	-11.797514	-26.407434	305.011281	0.000000	0.000000	0.000000	0.000000	0.000000	0.000000	0.000000	0.000000	1652280046.473252	0.000000
136.000000	58.922124	-38.511620	-39.171712	301.196583	0.000000	0.000000	0.000000	0.000000	0.000000	0.000000	0.000000	0.000000	1652280046.473252	0.000000
137.000000	6.526125	-72.761624	-70.957122	290.018022	0.000000	0.000000	0.000000	0.000000	0.000000	0.000000	0.000000	0.000000	1652280046.473771	0.000000
137.000000	36.291989	-48.384956	-60.750935	299.977375	0.000000	0.000000	0.000000	0.000000	0.000000	0.000000	0.000000	0.000000	1652280046.473771	0.000000
138.000000	79.057745	-19.684963	-28.890727	304.581192	0.000000	0.000000	0.000000	0.000000	0.000000	0.000000	0.000000	0.000000	1652280046.487458	0.000000
138.000000	56.999815	-38.219908	-43.756829	295.586733	0.000000	0.000000	0.000000	0.000000	0.000000	0.000000	0.000000	0.000000	1652280046.487458	0.000000
139.000000	4.476660	-78.528549	-80.707041	289.157845	0.000000	0.000000	0.000000	0.000000	0.000000	0.000000	0.000000	0.000000	1652280046.503042	0.000000
139.000000	24.903994	-60.951020	-64.677830	297.516521	0.000000	0.000000	0.000000	0.000000	0.000000	0.000000	0.000000	0.000000	1652280046.503042	0.000000
140.000000	74.981254	-15.219523	-28.973005	302.692543	0.000000	0.000000	0.000000	0.000000	0.000000	0.000000	0.000000	0.000000	1652280046.503857	0.000000
140.000000	54.049034	-34.655783	-37.832828	294.849973	0.000000	0.000000	0.000000	0.000000	0.000000	0.000000	0.000000	0.000000	1652280046.503857	0.000000
141.000000	6.870196	-68.498138	-72.576499	289.651512	0.000000	0.000000	0.000000	0.000000	0.000000	0.000000	0.000000	0.000000	1652280046.517559	0.000000
141.000000	24.956352	-58.407888	-63.731635	297.520261	0.000000	0.000000	0.000000	0.000000	0.000000	0.000000	0.000000	0.000000	1652280046.517559	0.000000
142.000000	77.281293	-16.285394	-25.689373	311.111058	0.000000	0.000000	0.000000	0.000000	0.000000	0.000000	0.000000	0.000000	1652280046.533528	0.000000
142.000000	66.839492	-35.598238	-35.917999	298.017668	0.000000	0.000000	0.000000	0.000000	0.000000	0.000000	0.000000	0.000000	1652280046.533528	0.000000
143.000000	9.574144	-77.103647	-75.609557	291.323247	0.000000	0.000000	0.000000	0.000000	0.000000	0.000000	0.000000	0.000000	1652280046.533555	0.000000
143.000000	27.218992	-57.001685	-63.118292	298.892804	0.000000	0.000000	0.000000	0.000000	0.000000	0.000000	0.000000	0.000000	1652280046.533555	0.000000
144.000000	74.640923	-24.285040	-32.357614	298.466456	0.000000	0.000000	0.000000	0.000000	0.000000	0.000000	0.000000	0.000000	1652280046.547336	0.000000
144.000000	53.218776	-38.002993	-39.216591	297.984009	0.000000	0.000000	0.000000	0.000000	0.000000	0.000000	0.000000	0.000000	1652280046.547336	0.000000
145.000000	7.318984	-73.984571	-78.780993	291.237229	0.000000	0.000000	0.000000	0.000000	0.000000	0.000000	0.000000	0.000000	1652280046.563215	0.000000
145.000000	30.091235	-50.393282	-62.916337	295.942023	0.000000	0.000000	0.000000	0.000000	0.000000	0.000000	0.000000	0.000000	1652280046.563215	0.000000
146.000000	84.555398	-0.992943	-21.897114	310.112504	0.000000	0.000000	0.000000	0.000000	0.000000	0.000000	0.000000	0.000000	1652280046.563816	0.000000
146.000000	68.327972	-22.934936	-27.592982	302.247495	0.000000	0.000000	0.000000	0.000000	0.000000	0.000000	0.000000	0.000000	1652280046.563816	0.000000
147.000000	9.480646	-70.439146	-70.811266	289.842247	0.000000	0.000000	0.000000	0.000000	0.000000	0.000000	0.000000	0.000000	1652280046.577382	0.000000
147.000000	29.507811	-43.145356	-52.272582	304.540053	0.000000	0.000000	0.000000	0.000000	0.000000	0.000000	0.000000	0.000000	1652280046.577382	0.000000
148.000000	81.653236	-6.262462	-14.929681	312.730434	0.000000	0.000000	0.000000	0.000000	0.000000	0.000000	0.000000	0.000000	1652280046.593141	0.000000
148.000000	64.502055	-29.498461	-31.067349	305.684463	0.000000	0.000000	0.000000	0.000000	0.000000	0.000000	0.000000	0.000000	1652280046.593141	0.000000
149.000000	25.251805	-52.382909	-56.939977	305.957475	0.000000	0.000000	0.000000	0.000000	0.000000	0.000000	0.000000	0.000000	1652280046.593928	0.000000
149.000000	36.505163	-37.797299	-53.308534	307.483355	0.000000	0.000000	0.000000	0.000000	0.000000	0.000000	0.000000	0.000000	1652280046.593928	0.000000
150.000000	84.499300	-14.015275	-24.847895	304.547533	0.000000	0.000000	0.000000	0.000000	0.000000	0.000000	0.000000	0.000000	1652280046.607444	0.000000
150.000000	65.444509	-27.299400	-35.233597	294.494682	0.000000	0.000000	0.000000	0.000000	0.000000	0.000000	0.000000	0.000000	1652280046.607444	0.000000
151.000000	13.931127	-65.207026	-73.896683	287.721723	0.000000	0.000000	0.000000	0.000000	0.000000	0.000000	0.000000	0.000000	1652280046.623182	0.000000
151.000000	32.466072	-45.224740	-64.176683	294.872412	0.000000	0.000000	0.000000	0.000000	0.000000	0.000000	0.000000	0.000000	1652280046.623182	0.000000
152.000000	83.811158	-14.157391	-29.231058	302.423270	0.000000	0.000000	0.000000	0.000000	0.000000	0.000000	0.000000	0.000000	1652280046.623771	0.000000
152.000000	59.546687	-33.803086	-43.584794	291.858053	0.000000	0.000000	0.000000	0.000000	0.000000	0.000000	0.000000	0.000000	1652280046.623771	0.000000
153.000000	13.878769	-68.367241	-70.957122	291.364386	0.000000	0.000000	0.000000	0.000000	0.000000	0.000000	0.000000	0.000000	1652280046.637532	0.000000
153.000000	28.812189	-46.960054	-60.706056	302.778561	0.000000	0.000000	0.000000	0.000000	0.000000	0.000000	0.000000	0.000000	1652280046.637532	0.000000
154.000000	82.906102	-7.477930	-18.822916	317.360430	0.000000	0.000000	0.000000	0.000000	0.000000	0.000000	0.000000	0.000000	1652280046.653125	0.000000
154.000000	66.364525	-25.279854	-33.030796	310.666010	0.000000	0.000000	0.000000	0.000000	0.000000	0.000000	0.000000	0.000000	1652280046.653125	0.000000
155.000000	7.386302	-66.688026	-74.311812	289.875906	0.000000	0.000000	0.000000	0.000000	0.000000	0.000000	0.000000	0.000000	1652280046.653758	0.000000
155.000000	31.187026	-46.687041	-59.576606	304.188503	0.000000	0.000000	0.000000	0.000000	0.000000	0.000000	0.000000	0.000000	1652280046.653758	0.000000
156.000000	82.734067	-7.803301	-16.975406	317.577345	0.000000	0.000000	0.000000	0.000000	0.000000	0.000000	0.000000	0.000000	1652280046.667348	0.000000
156.000000	70.366218	-27.306880	-27.118015	308.134097	0.000000	0.000000	0.000000	0.000000	0.000000	0.000000	0.000000	0.000000	1652280046.667348	0.000000
157.000000	5.624810	-76.796976	-72.815852	295.388518	0.000000	0.000000	0.000000	0.000000	0.000000	0.000000	0.000000	0.000000	1652280046.683089	0.000000
157.000000	22.862008	-54.630589	-58.817407	305.916337	0.000000	0.000000	0.000000	0.000000	0.000000	0.000000	0.000000	0.000000	1652280046.683089	0.000000
158.000000	80.965094	-8.842993	-15.273751	319.136883	0.000000	0.000000	0.000000	0.000000	0.000000	0.000000	0.000000	0.000000	1652280046.684012	0.000000
158.000000	59.980515	-26.147511	-32.387534	307.726448	0.000000	0.000000	0.000000	0.000000	0.000000	0.000000	0.000000	0.000000	1652280046.684012	0.000000
159.000000	3.377130	-73.438545	-74.884017	296.476829	0.000000	0.000000	0.000000	0.000000	0.000000	0.000000	0.000000	0.000000	1652280046.697366	0.000000
159.000000	26.448572	-50.157668	-62.119738	302.580346	0.000000	0.000000	0.000000	0.000000	0.000000	0.000000	0.000000	0.000000	1652280046.697366	0.000000
160.000000	82.909842	-8.244609	-24.675860	313.773866	0.000000	0.000000	0.000000	0.000000	0.000000	0.000000	0.000000	0.000000	1652280046.713148	0.000000
160.000000	59.797260	-31.716222	-39.841154	298.081246	0.000000	0.000000	0.000000	0.000000	0.000000	0.000000	0.000000	0.000000	1652280046.713148	0.000000
161.000000	7.322724	-71.168426	-76.854944	286.951304	0.000000	0.000000	0.000000	0.000000	0.000000	0.000000	0.000000	0.000000	1652280046.713777	0.000000
161.000000	29.309596	-54.869942	-62.583486	300.100792	0.000000	0.000000	0.000000	0.000000	0.000000	0.000000	0.000000	0.000000	1652280046.713777	0.000000
162.000000	75.519800	-17.168011	-32.787703	302.913197	0.000000	0.000000	0.000000	0.000000	0.000000	0.000000	0.000000	0.000000	1652280046.727543	0.000000
162.000000	63.866272	-28.892597	-36.579961	297.808233	0.000000	0.000000	0.000000	0.000000	0.000000	0.000000	0.000000	0.000000	1652280046.727543	0.000000
163.000000	8.609250	-79.190512	-77.909596	290.952997	0.000000	0.000000	0.000000	0.000000	0.000000	0.000000	0.000000	0.000000	1652280046.743073	0.000000
163.000000	18.329250	-61.616722	-69.363924	298.885325	0.000000	0.000000	0.000000	0.000000	0.000000	0.000000	0.000000	0.000000	1652280046.743073	0.000000
164.000000	75.325325	-15.010088	-28.468118	309.233628	0.000000	0.000000	0.000000	0.000000	0.000000	0.000000	0.000000	0.000000	1652280046.743767	0.000000
164.000000	70.680369	-29.715375	-36.131173	302.412050	0.000000	0.000000	0.000000	0.000000	0.000000	0.000000	0.000000	0.000000	1652280046.743767	0.000000
165.000000	16.074090	-63.898061	-67.673490	300.628118	0.000000	0.000000	0.000000	0.000000	0.000000	0.000000	0.000000	0.000000	1652280046.757496	0.000000
165.000000	25.928726	-48.384956	-62.172097	295.534374	0.000000	0.000000	0.000000	0.000000	0.000000	0.000000	0.000000	0.000000	1652280046.757496	0.000000
166.000000	79.083924	-5.697738	-20.965879	312.887510	0.000000	0.000000	0.000000	0.000000	0.000000	0.000000	0.000000	0.000000	1652280046.773407	0.000000
166.000000	61.195983	-26.570119	-32.458592	309.428103	0.000000	0.000000	0.000000	0.000000	0.000000	0.000000	0.000000	0.000000	1652280046.773407	0.000000
167.000000	6.638322	-63.385694	-68.522447	297.176190	0.000000	0.000000	0.000000	0.000000	0.000000	0.000000	0.000000	0.000000	1652280046.773782	0.000000
167.000000	25.943686	-48.590650	-58.293821	304.857945	0.000000	0.000000	0.000000	0.000000	0.000000	0.000000	0.000000	0.000000	1652280046.773782	0.000000
168.000000	81.982347	-1.980277	-12.846556	318.007433	0.000000	0.000000	0.000000	0.000000	0.000000	0.000000	0.000000	0.000000	1652280046.787385	0.000000
168.000000	66.342085	-26.656137	-33.068195	301.533174	0.000000	0.000000	0.000000	0.000000	0.000000	0.000000	0.000000	0.000000	1652280046.787385	0.000000
169.000000	-0.112197	-74.904586	-76.331358	280.066148	0.000000	0.000000	0.000000	0.000000	0.000000	0.000000	0.000000	0.000000	1652280046.803154	0.000000
169.000000	11.649788	-63.112682	-70.325079	289.636552	0.000000	0.000000	0.000000	0.000000	0.000000	0.000000	0.000000	0.000000	1652280046.803154	0.000000
170.000000	66.626318	-15.776768	-26.216699	301.020808	0.000000	0.000000	0.000000	0.000000	0.000000	0.000000	0.000000	0.000000	1652280046.803821	0.000000
170.000000	56.685664	-36.095644	-38.689265	291.697237	0.000000	0.000000	0.000000	0.000000	0.000000	0.000000	0.000000	0.000000	1652280046.803821	0.000000
171.000000	6.182055	-72.017383	-75.291666	286.409018	0.000000	0.000000	0.000000	0.000000	0.000000	0.000000	0.000000	0.000000	1652280046.817327	0.000000
171.000000	18.291851	-55.939554	-65.178976	296.652604	0.000000	0.000000	0.000000	0.000000	0.000000	0.000000	0.000000	0.000000	1652280046.817327	0.000000
172.000000	62.321693	-28.802840	-32.492251	298.425317	0.000000	0.000000	0.000000	0.000000	0.000000	0.000000	0.000000	0.000000	1652280046.833054	0.000000
172.000000	64.128065	-29.116991	-32.353875	299.162077	0.000000	0.000000	0.000000	0.000000	0.000000	0.000000	0.000000	0.000000	1652280046.833054	0.000000
173.000000	16.279785	-65.554836	-69.535960	289.980623	0.000000	0.000000	0.000000	0.000000	0.000000	0.000000	0.000000	0.000000	1652280046.833817	0.000000
173.000000	23.426733	-52.091197	-61.225902	294.591920	0.000000	0.000000	0.000000	0.000000	0.000000	0.000000	0.000000	0.000000	1652280046.833817	0.000000
174.000000	68.507487	-9.684471	-21.777437	309.173789	0.000000	0.000000	0.000000	0.000000	0.000000	0.000000	0.000000	0.000000	1652280046.847334	0.000000
174.000000	59.344732	-32.239808	-33.135514	296.955536	0.000000	0.000000	0.000000	0.000000	0.000000	0.000000	0.000000	0.000000	1652280046.847334	0.000000
175.000000	13.048511	-71.968765	-73.294559	283.338561	0.000000	0.000000	0.000000	0.000000	0.000000	0.000000	0.000000	0.000000	1652280046.863180	0.000000
175.000000	33.008357	-48.792605	-66.207449	287.628226	0.000000	0.000000	0.000000	0.000000	0.000000	0.000000	0.000000	0.000000	1652280046.863180	0.000000
176.000000	90.236306	-6.860846	-15.999292	301.432197	0.000000	0.000000	0.000000	0.000000	0.000000	0.000000	0.000000	0.000000	1652280046.863813	0.000000
176.000000	64.468395	-33.085025	-29.264717	296.304794	0.000000	0.000000	0.000000	0.000000	0.000000	0.000000	0.000000	0.000000	1652280046.863813	0.000000
177.000000	25.177007	-54.959700	-58.144225	298.040107	0.000000	0.000000	0.000000	0.000000	0.000000	0.000000	0.000000	0.000000	1652280046.877394	0.000000
177.000000	35.787103	-41.806472	-51.969650	301.884724	0.000000	0.000000	0.000000	0.000000	0.000000	0.000000	0.000000	0.000000	1652280046.877394	0.000000
178.000000	71.899577	-13.693644	-19.851389	307.995721	0.000000	0.000000	0.000000	0.000000	0.000000	0.000000	0.000000	0.000000	1652280046.893133	0.000000
178.000000	57.934790	-24.311220	-28.718692	302.681323	0.000000	0.000000	0.000000	0.000000	0.000000	0.000000	0.000000	0.000000	1652280046.893133	0.000000
179.000000	4.828211	-69.937999	-66.300946	293.832720	0.000000	0.000000	0.000000	0.000000	0.000000	0.000000	0.000000	0.000000	1652280046.893876	0.000000
179.000000	14.177961	-58.669681	-66.817053	303.025394	0.000000	0.000000	0.000000	0.000000	0.000000	0.000000	0.000000	0.000000	1652280046.893876	0.000000
180.000000	77.266333	-11.812474	-20.846202	310.613651	0.000000	0.000000	0.000000	0.000000	0.000000	0.000000	0.000000	0.000000	1652280046.907677	0.000000
180.000000	65.848419	-26.648657	-31.074829	297.131312	0.000000	0.000000	0.000000	0.000000	0.000000	0.000000	0.000000	0.000000	1652280046.907677	0.000000
181.000000	9.293651	-71.587295	-70.717768	289.498176	0.000000	0.000000	0.000000	0.000000	0.000000	0.000000	0.000000	0.000000	1652280046.923158	0.000000
181.000000	12.663301	-58.564963	-67.572512	293.301654	0.000000	0.000000	0.000000	0.000000	0.000000	0.000000	0.000000	0.000000	1652280046.923158	0.000000
182.000000	69.158230	-25.833359	-32.241678	297.987749	0.000000	0.000000	0.000000	0.000000	0.000000	0.000000	0.000000	0.000000	1652280046.923836	0.000000
182.000000	56.027441	-33.324379	-37.073628	293.881339	0.000000	0.000000	0.000000	0.000000	0.000000	0.000000	0.000000	0.000000	1652280046.923836	0.000000
183.000000	3.422008	-71.385340	-75.833951	284.415652	0.000000	0.000000	0.000000	0.000000	0.000000	0.000000	0.000000	0.000000	1652280046.937319	0.000000
183.000000	11.503932	-64.627341	-69.764094	289.737529	0.000000	0.000000	0.000000	0.000000	0.000000	0.000000	0.000000	0.000000	1652280046.937319	0.000000
184.000000	60.100192	-24.509434	-36.680939	294.053374	0.000000	0.000000	0.000000	0.000000	0.000000	0.000000	0.000000	0.000000	1652280046.953247	0.000000
184.000000	55.070027	-33.215921	-38.678045	290.612666	0.000000	0.000000	0.000000	0.000000	0.000000	0.000000	0.000000	0.000000	1652280046.953247	0.000000
185.000000	2.917122	-78.865140	-75.998507	284.082801	0.000000	0.000000	0.000000	0.000000	0.000000	0.000000	0.000000	0.000000	1652280046.953828	0.000000
185.000000	9.200154	-64.919053	-74.543686	289.176544	0.000000	0.000000	0.000000	0.000000	0.000000	0.000000	0.000000	0.000000	1652280046.953828	0.000000
186.000000	59.692543	-25.489288	-35.364494	297.460423	0.000000	0.000000	0.000000	0.000000	0.000000	0.000000	0.000000	0.000000	1652280046.967457	0.000000
186.000000	54.258469	-30.942062	-37.473798	289.273782	0.000000	0.000000	0.000000	0.000000	0.000000	0.000000	0.000000	0.000000	1652280046.967457	0.000000
187.000000	5.146102	-71.927626	-73.092605	286.233243	0.000000	0.000000	0.000000	0.000000	0.000000	0.000000	0.000000	0.000000	1652280046.983098	0.000000
187.000000	17.491512	-49.581724	-61.046387	292.314320	0.000000	0.000000	0.000000	0.000000	0.000000	0.000000	0.000000	0.000000	1652280046.983098	0.000000
188.000000	55.832966	-21.498815	-35.835721	297.961569	0.000000	0.000000	0.000000	0.000000	0.000000	0.000000	0.000000	0.000000	1652280046.983920	0.000000
188.000000	47.810881	-41.929888	-43.984963	289.382239	0.000000	0.000000	0.000000	0.000000	0.000000	0.000000	0.000000	0.000000	1652280046.983920	0.000000
189.000000	-6.810358	-80.592974	-77.969434	278.588888	0.000000	0.000000	0.000000	0.000000	0.000000	0.000000	0.000000	0.000000	1652280046.997400	0.000000
189.000000	-2.434675	-72.297876	-78.982947	284.681185	0.000000	0.000000	0.000000	0.000000	0.000000	0.000000	0.000000	0.000000	1652280046.997400	0.000000
190.000000	59.441970	-21.311820	-32.013544	299.674444	0.000000	0.000000	0.000000	0.000000	0.000000	0.000000	0.000000	0.000000	1652280047.013211	0.000000
190.000000	59.901978	-31.031820	-36.983871	298.915244	0.000000	0.000000	0.000000	0.000000	0.000000	0.000000	0.000000	0.000000	1652280047.013211	0.000000
191.000000	4.910489	-71.766810	-69.932389	288.271489	0.000000	0.000000	0.000000	0.000000	0.000000	0.000000	0.000000	0.000000	1652280047.013828	0.000000
191.000000	5.318138	-69.885641	-74.861577	285.978930	0.000000	0.000000	0.000000	0.000000	0.000000	0.000000	0.000000	0.000000	1652280047.013828	0.000000
192.000000	68.773020	-15.455137	-28.011851	300.766494	0.000000	0.000000	0.000000	0.000000	0.000000	0.000000	0.000000	0.000000	1652280047.027575	0.000000
192.000000	53.297314	-34.435129	-36.220931	292.441477	0.000000	0.000000	0.000000	0.000000	0.000000	0.000000	0.000000	0.000000	1652280047.027575	0.000000
193.000000	1.970927	-75.140200	-73.354398	285.316968	0.000000	0.000000	0.000000	0.000000	0.000000	0.000000	0.000000	0.000000	1652280047.043208	0.000000
193.000000	11.444094	-58.736999	-64.554413	297.482862	0.000000	0.000000	0.000000	0.000000	0.000000	0.000000	0.000000	0.000000	1652280047.043208	0.000000
194.000000	73.548873	-19.281054	-24.866595	304.439076	0.000000	0.000000	0.000000	0.000000	0.000000	0.000000	0.000000	0.000000	1652280047.043770	0.000000
194.000000	67.303240	-25.478068	-30.233351	296.525448	0.000000	0.000000	0.000000	0.000000	0.000000	0.000000	0.000000	0.000000	1652280047.043770	0.000000
195.000000	17.622409	-66.067203	-68.937576	290.560307	0.000000	0.000000	0.000000	0.000000	0.000000	0.000000	0.000000	0.000000	1652280047.057508	0.000000
195.000000	24.387888	-51.272158	-63.219269	301.028287	0.000000	0.000000	0.000000	0.000000	0.000000	0.000000	0.000000	0.000000	1652280047.057508	0.000000
196.000000	80.793059	-6.329781	-24.832936	307.588072	0.000000	0.000000	0.000000	0.000000	0.000000	0.000000	0.000000	0.000000	1652280047.073172	0.000000
196.000000	73.369357	-24.464556	-26.407434	301.761308	0.000000	0.000000	0.000000	0.000000	0.000000	0.000000	0.000000	0.000000	1652280047.073172	0.000000
197.000000	25.996045	-58.639761	-65.739961	295.410958	0.000000	0.000000	0.000000	0.000000	0.000000	0.000000	0.000000	0.000000	1652280047.073858	0.000000
197.000000	18.392828	-61.392328	-67.363078	288.219130	0.000000	0.000000	0.000000	0.000000	0.000000	0.000000	0.000000	0.000000	1652280047.073858	0.000000
198.000000	69.042293	-20.840593	-35.113921	297.213589	0.000000	0.000000	0.000000	0.000000	0.000000	0.000000	0.000000	0.000000	1652280047.087512	0.000000
198.000000	70.093205	-26.218569	-30.996291	296.996675	0.000000	0.000000	0.000000	0.000000	0.000000	0.000000	0.000000	0.000000	1652280047.087512	0.000000
199.000000	10.924248	-69.631327	-68.851558	283.136606	0.000000	0.000000	0.000000	0.000000	0.000000	0.000000	0.000000	0.000000	1652280047.103923	0.000000
199.000000	16.017992	-62.888288	-73.664809	287.201877	0.000000	0.000000	0.000000	0.000000	0.000000	0.000000	0.000000	0.000000	1652280047.103923	0.000000
200.000000	70.657930	-21.113605	-34.814729	298.283201	0.000000	0.000000	0.000000	0.000000	0.000000	0.000000	0.000000	0.000000	1652280047.104454	0.000000
200.000000	67.542593	-31.495567	-37.541116	289.816067	0.000000	0.000000	0.000000	0.000000	0.000000	0.000000	0.000000	0.000000	1652280047.104454	0.000000
0.000000	11.988249	-65.835329	-69.519130	291.126902	0.000000	0.000000	0.000000	0.000000	0.000000	0.000000	0.000000	0.000000	1652280047.105233	0.000000
101.000000	14.486502	-64.503924	-70.712158	293.284824	0.000000	0.000000	0.000000	0.000000	0.000000	0.000000	0.000000	0.000000	1652280047.117553	0.000000
101.000000	68.172766	-21.521254	-32.800793	300.693566	0.000000	0.000000	0.000000	0.000000	0.000000	0.000000	0.000000	0.000000	1652280047.117553	0.000000
102.000000	74.564255	-19.438130	-23.092012	305.222585	0.000000	0.000000	0.000000	0.000000	0.000000	0.000000	0.000000	0.000000	1652280047.132327	0.000000
102.000000	16.741662	-68.142847	-67.694059	292.447087	0.000000	0.000000	0.000000	0.000000	0.000000	0.000000	0.000000	0.000000	1652280047.132327	0.000000
103.000000	16.360192	-63.194960	-69.328395	290.132089	0.000000	0.000000	0.000000	0.000000	0.000000	0.000000	0.000000	0.000000	1652280047.148082	0.000000
103.000000	73.086995	-19.797160	-28.769180	304.081916	0.000000	0.000000	0.000000	0.000000	0.000000	0.000000	0.000000	0.000000	1652280047.148082	0.000000
104.000000	72.507310	-27.635991	-29.341385	301.265771	0.000000	0.000000	0.000000	0.000000	0.000000	0.000000	0.000000	0.000000	1652280047.148838	0.000000
104.000000	20.092613	-62.039330	-63.557730	299.440700	0.000000	0.000000	0.000000	0.000000	0.000000	0.000000	0.000000	0.000000	1652280047.148838	0.000000
105.000000	23.477222	-57.457953	-69.623848	296.523578	0.000000	0.000000	0.000000	0.000000	0.000000	0.000000	0.000000	0.000000	1652280047.162657	0.000000
105.000000	85.275329	-7.982816	-21.091166	312.676206	0.000000	0.000000	0.000000	0.000000	0.000000	0.000000	0.000000	0.000000	1652280047.162657	0.000000
106.000000	71.160946	-20.638638	-26.749634	306.602608	0.000000	0.000000	0.000000	0.000000	0.000000	0.000000	0.000000	0.000000	1652280047.178038	0.000000
106.000000	18.540554	-56.373382	-60.861262	294.305817	0.000000	0.000000	0.000000	0.000000	0.000000	0.000000	0.000000	0.000000	1652280047.178038	0.000000
107.000000	17.987049	-55.771258	-64.791897	301.811796	0.000000	0.000000	0.000000	0.000000	0.000000	0.000000	0.000000	0.000000	1652280047.178681	0.000000
107.000000	76.071435	-15.926364	-33.141123	305.518037	0.000000	0.000000	0.000000	0.000000	0.000000	0.000000	0.000000	0.000000	1652280047.178681	0.000000
108.000000	70.360608	-21.438976	-29.591958	304.227772	0.000000	0.000000	0.000000	0.000000	0.000000	0.000000	0.000000	0.000000	1652280047.192542	0.000000
108.000000	13.237376	-61.268911	-61.919654	296.344063	0.000000	0.000000	0.000000	0.000000	0.000000	0.000000	0.000000	0.000000	1652280047.192542	0.000000
109.000000	13.843240	-62.955606	-69.287257	296.108449	0.000000	0.000000	0.000000	0.000000	0.000000	0.000000	0.000000	0.000000	1652280047.207976	0.000000
109.000000	81.632666	-13.779661	-26.884271	308.480038	0.000000	0.000000	0.000000	0.000000	0.000000	0.000000	0.000000	0.000000	1652280047.207976	0.000000
110.000000	74.496937	-23.574459	-32.699815	296.437560	0.000000	0.000000	0.000000	0.000000	0.000000	0.000000	0.000000	0.000000	1652280047.208696	0.000000
110.000000	20.399284	-61.384848	-68.243824	294.010365	0.000000	0.000000	0.000000	0.000000	0.000000	0.000000	0.000000	0.000000	1652280047.208696	0.000000
111.000000	14.905371	-58.793097	-73.778876	301.093736	0.000000	0.000000	0.000000	0.000000	0.000000	0.000000	0.000000	0.000000	1652280047.222320	0.000000
111.000000	76.123794	-14.606179	-29.146910	309.429973	0.000000	0.000000	0.000000	0.000000	0.000000	0.000000	0.000000	0.000000	1652280047.222320	0.000000
112.000000	75.394513	-12.048088	-22.198176	304.620461	0.000000	0.000000	0.000000	0.000000	0.000000	0.000000	0.000000	0.000000	1652280047.237902	0.000000
112.000000	26.689796	-52.356729	-58.561223	299.272404	0.000000	0.000000	0.000000	0.000000	0.000000	0.000000	0.000000	0.000000	1652280047.237902	0.000000
113.000000	29.270327	-48.227880	-54.402455	312.377014	0.000000	0.000000	0.000000	0.000000	0.000000	0.000000	0.000000	0.000000	1652280047.238720	0.000000
113.000000	83.771889	-7.021662	-16.936137	321.199438	0.000000	0.000000	0.000000	0.000000	0.000000	0.000000	0.000000	0.000000	1652280047.238720	0.000000
114.000000	76.475344	-17.889811	-17.280208	310.884794	0.000000	0.000000	0.000000	0.000000	0.000000	0.000000	0.000000	0.000000	1652280047.252314	0.000000
114.000000	19.183817	-53.474960	-54.933520	301.856675	0.000000	0.000000	0.000000	0.000000	0.000000	0.000000	0.000000	0.000000	1652280047.252314	0.000000
115.000000	12.066787	-54.724086	-63.150081	305.723732	0.000000	0.000000	0.000000	0.000000	0.000000	0.000000	0.000000	0.000000	1652280047.268001	0.000000
115.000000	72.574629	-7.455491	-17.377445	321.128380	0.000000	0.000000	0.000000	0.000000	0.000000	0.000000	0.000000	0.000000	1652280047.268001	0.000000
116.000000	69.448072	-15.537414	-18.794867	313.442885	0.000000	0.000000	0.000000	0.000000	0.000000	0.000000	0.000000	0.000000	1652280047.268742	0.000000
116.000000	12.784848	-62.031851	-63.718545	300.989018	0.000000	0.000000	0.000000	0.000000	0.000000	0.000000	0.000000	0.000000	1652280047.268742	0.000000
117.000000	18.215183	-50.774752	-57.095183	311.763670	0.000000	0.000000	0.000000	0.000000	0.000000	0.000000	0.000000	0.000000	1652280047.282300	0.000000
117.000000	76.796976	-9.534875	-19.258615	321.337814	0.000000	0.000000	0.000000	0.000000	0.000000	0.000000	0.000000	0.000000	1652280047.282300	0.000000
118.000000	71.748111	-16.812720	-17.938430	313.487764	0.000000	0.000000	0.000000	0.000000	0.000000	0.000000	0.000000	0.000000	1652280047.297981	0.000000
118.000000	21.072466	-54.798884	-55.573043	303.135721	0.000000	0.000000	0.000000	0.000000	0.000000	0.000000	0.000000	0.000000	1652280047.297981	0.000000
119.000000	23.593159	-52.109896	-53.998546	308.091088	0.000000	0.000000	0.000000	0.000000	0.000000	0.000000	0.000000	0.000000	1652280047.298714	0.000000
119.000000	75.865741	-5.170412	-14.953990	320.496337	0.000000	0.000000	0.000000	0.000000	0.000000	0.000000	0.000000	0.000000	1652280047.298714	0.000000
120.000000	69.889380	-19.213736	-17.609319	311.367241	0.000000	0.000000	0.000000	0.000000	0.000000	0.000000	0.000000	0.000000	1652280047.312293	0.000000
120.000000	5.219030	-66.564609	-64.249611	297.836283	0.000000	0.000000	0.000000	0.000000	0.000000	0.000000	0.000000	0.000000	1652280047.312293	0.000000
121.000000	16.782801	-54.780185	-59.982385	309.242978	0.000000	0.000000	0.000000	0.000000	0.000000	0.000000	0.000000	0.000000	1652280047.327953	0.000000
121.000000	79.474744	-7.896799	-16.191897	324.752343	0.000000	0.000000	0.000000	0.000000	0.000000	0.000000	0.000000	0.000000	1652280047.327953	0.000000
122.000000	82.002916	-11.595560	-11.737676	324.176398	0.000000	0.000000	0.000000	0.000000	0.000000	0.000000	0.000000	0.000000	1652280047.328734	0.000000
122.000000	31.503047	-49.469527	-40.632143	313.267110	0.000000	0.000000	0.000000	0.000000	0.000000	0.000000	0.000000	0.000000	1652280047.328734	0.000000
123.000000	24.232682	-47.094690	-49.802378	317.766210	0.000000	0.000000	0.000000	0.000000	0.000000	0.000000	0.000000	0.000000	1652280047.342328	0.000000
123.000000	74.661493	-8.584940	-15.279361	327.463770	0.000000	0.000000	0.000000	0.000000	0.000000	0.000000	0.000000	0.000000	1652280047.342328	0.000000
124.000000	81.034282	-5.780015	-11.962070	316.360007	0.000000	0.000000	0.000000	0.000000	0.000000	0.000000	0.000000	0.000000	1652280047.357777	0.000000
124.000000	25.220015	-56.702493	-55.677761	304.796237	0.000000	0.000000	0.000000	0.000000	0.000000	0.000000	0.000000	0.000000	1652280047.357777	0.000000
125.000000	15.084886	-54.716606	-59.432620	310.050796	0.000000	0.000000	0.000000	0.000000	0.000000	0.000000	0.000000	0.000000	1652280047.373870	0.000000
125.000000	85.421185	-4.773982	-11.797514	324.658845	0.000000	0.000000	0.000000	0.000000	0.000000	0.000000	0.000000	0.000000	1652280047.373870	0.000000
126.000000	82.260969	-8.005256	-16.535968	312.829542	0.000000	0.000000	0.000000	0.000000	0.000000	0.000000	0.000000	0.000000	1652280047.374533	0.000000
126.000000	25.268634	-59.967426	-59.728072	305.241285	0.000000	0.000000	0.000000	0.000000	0.000000	0.000000	0.000000	0.000000	1652280047.374533	0.000000
127.000000	27.119885	-46.425248	-55.947033	316.154313	0.000000	0.000000	0.000000	0.000000	0.000000	0.000000	0.000000	0.000000	1652280047.375302	0.000000
127.000000	76.729657	-9.052428	-16.345233	327.291735	0.000000	0.000000	0.000000	0.000000	0.000000	0.000000	0.000000	0.000000	1652280047.375302	0.000000
128.000000	85.645579	-8.046395	-7.302155	326.547495	0.000000	0.000000	0.000000	0.000000	0.000000	0.000000	0.000000	0.000000	1652280047.404135	0.000000
128.000000	34.685702	-46.851597	-46.062478	318.024263	0.000000	0.000000	0.000000	0.000000	0.000000	0.000000	0.000000	0.000000	1652280047.404135	0.000000
129.000000	24.516914	-34.053659	-42.913482	324.412012	0.000000	0.000000	0.000000	0.000000	0.000000	0.000000	0.000000	0.000000	1652280047.404439	0.000000
129.000000	92.781308	3.939985	-5.705217	335.018368	0.000000	0.000000	0.000000	0.000000	0.000000	0.000000	0.000000	0.000000	1652280047.404439	0.000000
130.000000	82.466664	-9.202024	-9.243163	328.525902	0.000000	0.000000	0.000000	0.000000	0.000000	0.000000	0.000000	0.000000	1652280047.405261	0.000000
130.000000	31.895737	-39.880423	-41.327764	323.319961	0.000000	0.000000	0.000000	0.000000	0.000000	0.000000	0.000000	0.000000	1652280047.405261	0.000000
131.000000	22.388911	-41.686795	-50.322224	321.809041	0.000000	0.000000	0.000000	0.000000	0.000000	0.000000	0.000000	0.000000	1652280047.417589	0.000000
131.000000	80.824848	-6.292382	-16.876299	325.750896	0.000000	0.000000	0.000000	0.000000	0.000000	0.000000	0.000000	0.000000	1652280047.417589	0.000000
132.000000	85.006056	-7.474190	-10.043501	319.830634	0.000000	0.000000	0.000000	0.000000	0.000000	0.000000	0.000000	0.000000	1652280047.432531	0.000000
132.000000	25.623925	-50.445641	-51.881762	307.724578	0.000000	0.000000	0.000000	0.000000	0.000000	0.000000	0.000000	0.000000	1652280047.432531	0.000000
133.000000	26.678576	-44.510419	-49.439607	314.864047	0.000000	0.000000	0.000000	0.000000	0.000000	0.000000	0.000000	0.000000	1652280047.464568	0.000000
133.000000	83.158545	5.129273	-9.216983	329.595513	0.000000	0.000000	0.000000	0.000000	0.000000	0.000000	0.000000	0.000000	1652280047.464568	0.000000
134.000000	86.154205	-4.493490	-9.288042	323.222724	0.000000	0.000000	0.000000	0.000000	0.000000	0.000000	0.000000	0.000000	1652280047.465163	0.000000
134.000000	23.989588	-52.180954	-53.452520	306.071542	0.000000	0.000000	0.000000	0.000000	0.000000	0.000000	0.000000	0.000000	1652280047.465163	0.000000
135.000000	23.301447	-48.347557	-54.327657	317.250103	0.000000	0.000000	0.000000	0.000000	0.000000	0.000000	0.000000	0.000000	1652280047.466005	0.000000
135.000000	73.580662	-14.718376	-19.251135	322.594420	0.000000	0.000000	0.000000	0.000000	0.000000	0.000000	0.000000	0.000000	1652280047.466005	0.000000
136.000000	82.649919	-15.903925	-12.863386	316.842454	0.000000	0.000000	0.000000	0.000000	0.000000	0.000000	0.000000	0.000000	1652280047.466563	0.000000
136.000000	26.349465	-47.898769	-55.000839	304.138014	0.000000	0.000000	0.000000	0.000000	0.000000	0.000000	0.000000	0.000000	1652280047.466563	0.000000
137.000000	17.040854	-52.270712	-58.490165	305.398360	0.000000	0.000000	0.000000	0.000000	0.000000	0.000000	0.000000	0.000000	1652280047.477590	0.000000
137.000000	79.433605	-5.847334	-16.891258	322.542062	0.000000	0.000000	0.000000	0.000000	0.000000	0.000000	0.000000	0.000000	1652280047.477590	0.000000
138.000000	84.460031	-5.611720	-7.908018	321.558468	0.000000	0.000000	0.000000	0.000000	0.000000	0.000000	0.000000	0.000000	1652280047.492455	0.000000
138.000000	30.268880	-50.281085	-50.677514	312.728564	0.000000	0.000000	0.000000	0.000000	0.000000	0.000000	0.000000	0.000000	1652280047.492455	0.000000
139.000000	23.548280	-49.005779	-50.254906	316.977091	0.000000	0.000000	0.000000	0.000000	0.000000	0.000000	0.000000	0.000000	1652280047.508094	0.000000
139.000000	76.834375	-10.817661	-15.047487	325.365686	0.000000	0.000000	0.000000	0.000000	0.000000	0.000000	0.000000	0.000000	1652280047.508094	0.000000
140.000000	82.197391	-7.545248	-7.893059	316.879853	0.000000	0.000000	0.000000	0.000000	0.000000	0.000000	0.000000	0.000000	1652280047.508790	0.000000
140.000000	24.636591	-58.381708	-46.544925	308.068649	0.000000	0.000000	0.000000	0.000000	0.000000	0.000000	0.000000	0.000000	1652280047.508790	0.000000
141.000000	12.231343	-58.561223	-58.344309	314.953805	0.000000	0.000000	0.000000	0.000000	0.000000	0.000000	0.000000	0.000000	1652280047.522396	0.000000
141.000000	72.032343	-14.583740	-14.277068	324.984216	0.000000	0.000000	0.000000	0.000000	0.000000	0.000000	0.000000	0.000000	1652280047.522396	0.000000
142.000000	78.438792	-9.878946	-8.095013	316.988310	0.000000	0.000000	0.000000	0.000000	0.000000	0.000000	0.000000	0.000000	1652280047.538218	0.000000
142.000000	21.562393	-57.858122	-53.863909	301.411627	0.000000	0.000000	0.000000	0.000000	0.000000	0.000000	0.000000	0.000000	1652280047.538218	0.000000
143.000000	13.233636	-63.770904	-60.591989	304.010858	0.000000	0.000000	0.000000	0.000000	0.000000	0.000000	0.000000	0.000000	1652280047.538757	0.000000
143.000000	60.719146	-21.891504	-23.608118	314.710711	0.000000	0.000000	0.000000	0.000000	0.000000	0.000000	0.000000	0.000000	1652280047.538757	0.000000
144.000000	76.654859	-19.782201	-16.012382	310.316329	0.000000	0.000000	0.000000	0.000000	0.000000	0.000000	0.000000	0.000000	1652280047.552435	0.000000
144.000000	24.008288	-53.852689	-45.501493	306.524070	0.000000	0.000000	0.000000	0.000000	0.000000	0.000000	0.000000	0.000000	1652280047.552435	0.000000
145.000000	19.086579	-46.350450	-50.023032	312.377014	0.000000	0.000000	0.000000	0.000000	0.000000	0.000000	0.000000	0.000000	1652280047.568124	0.000000
145.000000	70.757037	-17.527041	-19.067880	316.502123	0.000000	0.000000	0.000000	0.000000	0.000000	0.000000	0.000000	0.000000	1652280047.568124	0.000000
146.000000	83.169765	-11.756376	-12.941924	315.481131	0.000000	0.000000	0.000000	0.000000	0.000000	0.000000	0.000000	0.000000	1652280047.568878	0.000000
146.000000	20.141231	-59.653274	-53.392682	303.820123	0.000000	0.000000	0.000000	0.000000	0.000000	0.000000	0.000000	0.000000	1652280047.568878	0.000000
147.000000	0.143986	-79.239130	-73.722778	297.694167	0.000000	0.000000	0.000000	0.000000	0.000000	0.000000	0.000000	0.000000	1652280047.582498	0.000000
147.000000	66.789003	-20.077653	-23.140631	314.983724	0.000000	0.000000	0.000000	0.000000	0.000000	0.000000	0.000000	0.000000	1652280047.582498	0.000000
148.000000	71.991204	-20.907911	-18.813567	309.691766	0.000000	0.000000	0.000000	0.000000	0.000000	0.000000	0.000000	0.000000	1652280047.598111	0.000000
148.000000	23.462262	-61.242732	-63.015444	291.841223	0.000000	0.000000	0.000000	0.000000	0.000000	0.000000	0.000000	0.000000	1652280047.598111	0.000000
149.000000	22.878838	-49.955714	-59.006272	305.024370	0.000000	0.000000	0.000000	0.000000	0.000000	0.000000	0.000000	0.000000	1652280047.598836	0.000000
149.000000	70.884194	-13.775921	-22.942416	312.197499	0.000000	0.000000	0.000000	0.000000	0.000000	0.000000	0.000000	0.000000	1652280047.598836	0.000000
150.000000	75.772243	-10.892459	-11.790035	321.681885	0.000000	0.000000	0.000000	0.000000	0.000000	0.000000	0.000000	0.000000	1652280047.612495	0.000000
150.000000	27.699569	-49.656522	-48.766425	309.557129	0.000000	0.000000	0.000000	0.000000	0.000000	0.000000	0.000000	0.000000	1652280047.612495	0.000000
151.000000	15.541154	-50.258646	-53.029911	314.310542	0.000000	0.000000	0.000000	0.000000	0.000000	0.000000	0.000000	0.000000	1652280047.628175	0.000000
151.000000	68.434559	-8.345587	-17.766395	320.578614	0.000000	0.000000	0.000000	0.000000	0.000000	0.000000	0.000000	0.000000	1652280047.628175	0.000000
152.000000	79.493444	-9.157145	-13.241116	312.975398	0.000000	0.000000	0.000000	0.000000	0.000000	0.000000	0.000000	0.000000	1652280047.628800	0.000000
152.000000	18.854706	-60.760285	-59.537337	295.375429	0.000000	0.000000	0.000000	0.000000	0.000000	0.000000	0.000000	0.000000	1652280047.628800	0.000000
153.000000	13.689904	-62.308603	-66.512251	300.151281	0.000000	0.000000	0.000000	0.000000	0.000000	0.000000	0.000000	0.000000	1652280047.642426	0.000000
153.000000	64.268311	-21.412797	-31.641424	310.802516	0.000000	0.000000	0.000000	0.000000	0.000000	0.000000	0.000000	0.000000	1652280047.642426	0.000000
154.000000	78.120900	-13.383232	-24.199023	309.149480	0.000000	0.000000	0.000000	0.000000	0.000000	0.000000	0.000000	0.000000	1652280047.658210	0.000000
154.000000	10.496029	-64.717099	-58.127395	294.376875	0.000000	0.000000	0.000000	0.000000	0.000000	0.000000	0.000000	0.000000	1652280047.658210	0.000000
155.000000	7.735983	-62.577876	-61.811197	299.586556	0.000000	0.000000	0.000000	0.000000	0.000000	0.000000	0.000000	0.000000	1652280047.658901	0.000000
155.000000	57.113882	-29.666756	-28.185756	306.830742	0.000000	0.000000	0.000000	0.000000	0.000000	0.000000	0.000000	0.000000	1652280047.658901	0.000000
156.000000	67.910973	-18.936983	-19.281054	306.729765	0.000000	0.000000	0.000000	0.000000	0.000000	0.000000	0.000000	0.000000	1652280047.672436	0.000000
156.000000	14.912851	-65.296783	-62.147788	296.493659	0.000000	0.000000	0.000000	0.000000	0.000000	0.000000	0.000000	0.000000	1652280047.672436	0.000000
157.000000	5.159192	-70.439146	-71.288103	293.497999	0.000000	0.000000	0.000000	0.000000	0.000000	0.000000	0.000000	0.000000	1652280047.688192	0.000000
157.000000	62.308603	-20.720916	-28.264294	314.946325	0.000000	0.000000	0.000000	0.000000	0.000000	0.000000	0.000000	0.000000	1652280047.688192	0.000000
158.000000	65.053690	-20.664817	-20.436683	309.871281	0.000000	0.000000	0.000000	0.000000	0.000000	0.000000	0.000000	0.000000	1652280047.688874	0.000000
158.000000	16.203117	-59.915067	-56.934367	298.154174	0.000000	0.000000	0.000000	0.000000	0.000000	0.000000	0.000000	0.000000	1652280047.688874	0.000000
159.000000	-6.284902	-70.869234	-69.384494	298.864755	0.000000	0.000000	0.000000	0.000000	0.000000	0.000000	0.000000	0.000000	1652280047.702394	0.000000
159.000000	52.712020	-22.942416	-26.764594	314.063709	0.000000	0.000000	0.000000	0.000000	0.000000	0.000000	0.000000	0.000000	1652280047.702394	0.000000
160.000000	67.682839	-16.315314	-14.654798	314.381600	0.000000	0.000000	0.000000	0.000000	0.000000	0.000000	0.000000	0.000000	1652280047.718172	0.000000
160.000000	20.245948	-52.360469	-49.742539	306.131381	0.000000	0.000000	0.000000	0.000000	0.000000	0.000000	0.000000	0.000000	1652280047.718172	0.000000
161.000000	9.239423	-52.749419	-59.477499	307.597422	0.000000	0.000000	0.000000	0.000000	0.000000	0.000000	0.000000	0.000000	1652280047.718969	0.000000
161.000000	65.401500	-15.357899	-23.548280	316.947171	0.000000	0.000000	0.000000	0.000000	0.000000	0.000000	0.000000	0.000000	1652280047.718969	0.000000
162.000000	80.076868	-8.076314	-10.346433	316.408626	0.000000	0.000000	0.000000	0.000000	0.000000	0.000000	0.000000	0.000000	1652280047.732534	0.000000
162.000000	25.163917	-51.526472	-51.096383	302.032450	0.000000	0.000000	0.000000	0.000000	0.000000	0.000000	0.000000	0.000000	1652280047.732534	0.000000
163.000000	3.857707	-66.078422	-64.051397	304.089395	0.000000	0.000000	0.000000	0.000000	0.000000	0.000000	0.000000	0.000000	1652280047.748246	0.000000
163.000000	65.734352	-19.303494	-26.177430	318.009303	0.000000	0.000000	0.000000	0.000000	0.000000	0.000000	0.000000	0.000000	1652280047.748246	0.000000
164.000000	79.583201	-9.998623	-14.939030	315.021123	0.000000	0.000000	0.000000	0.000000	0.000000	0.000000	0.000000	0.000000	1652280047.748852	0.000000
164.000000	28.537307	-46.918915	-47.708034	306.868141	0.000000	0.000000	0.000000	0.000000	0.000000	0.000000	0.000000	0.000000	1652280047.748852	0.000000
165.000000	8.491443	-63.774644	-64.784417	301.101215	0.000000	0.000000	0.000000	0.000000	0.000000	0.000000	0.000000	0.000000	1652280047.762537	0.000000
165.000000	64.851735	-21.865325	-32.991527	308.352881	0.000000	0.000000	0.000000	0.000000	0.000000	0.000000	0.000000	0.000000	1652280047.762537	0.000000
166.000000	67.323809	-18.061847	-19.662524	309.385094	0.000000	0.000000	0.000000	0.000000	0.000000	0.000000	0.000000	0.000000	1652280047.778216	0.000000
166.000000	16.292874	-67.701539	-60.543370	293.180107	0.000000	0.000000	0.000000	0.000000	0.000000	0.000000	0.000000	0.000000	1652280047.778216	0.000000
167.000000	12.710050	-64.765717	-71.086148	300.009165	0.000000	0.000000	0.000000	0.000000	0.000000	0.000000	0.000000	0.000000	1652280047.778884	0.000000
167.000000	64.163594	-17.407364	-28.716822	311.961885	0.000000	0.000000	0.000000	0.000000	0.000000	0.000000	0.000000	0.000000	1652280047.778884	0.000000
168.000000	82.627480	-15.010088	-14.213490	310.765117	0.000000	0.000000	0.000000	0.000000	0.000000	0.000000	0.000000	0.000000	1652280047.792394	0.000000
168.000000	26.039053	-52.869096	-51.298338	303.027264	0.000000	0.000000	0.000000	0.000000	0.000000	0.000000	0.000000	0.000000	1652280047.792394	0.000000
169.000000	12.844686	-61.444686	-64.840515	305.016891	0.000000	0.000000	0.000000	0.000000	0.000000	0.000000	0.000000	0.000000	1652280047.808184	0.000000
169.000000	65.839069	-19.954236	-27.247041	315.993497	0.000000	0.000000	0.000000	0.000000	0.000000	0.000000	0.000000	0.000000	1652280047.808184	0.000000
170.000000	77.144786	-21.240762	-20.661077	312.096521	0.000000	0.000000	0.000000	0.000000	0.000000	0.000000	0.000000	0.000000	1652280047.808861	0.000000
170.000000	32.748434	-52.461447	-55.745079	298.449626	0.000000	0.000000	0.000000	0.000000	0.000000	0.000000	0.000000	0.000000	1652280047.808861	0.000000
171.000000	12.276222	-54.383755	-65.921347	300.439253	0.000000	0.000000	0.000000	0.000000	0.000000	0.000000	0.000000	0.000000	1652280047.822230	0.000000
171.000000	65.521177	-19.337153	-27.789327	311.685132	0.000000	0.000000	0.000000	0.000000	0.000000	0.000000	0.000000	0.000000	1652280047.822230	0.000000
172.000000	84.355313	-14.078853	-19.785941	311.726271	0.000000	0.000000	0.000000	0.000000	0.000000	0.000000	0.000000	0.000000	1652280047.838103	0.000000
172.000000	28.159577	-51.260939	-52.749419	300.667387	0.000000	0.000000	0.000000	0.000000	0.000000	0.000000	0.000000	0.000000	1652280047.838103	0.000000
173.000000	6.621493	-67.570642	-71.157207	297.495952	0.000000	0.000000	0.000000	0.000000	0.000000	0.000000	0.000000	0.000000	1652280047.838861	0.000000
173.000000	55.961993	-25.059200	-36.705248	306.823262	0.000000	0.000000	0.000000	0.000000	0.000000	0.000000	0.000000	0.000000	1652280047.838861	0.000000
174.000000	78.951158	-14.961470	-18.536814	307.111235	0.000000	0.000000	0.000000	0.000000	0.000000	0.000000	0.000000	0.000000	1652280047.852353	0.000000
174.000000	25.605225	-55.711420	-56.350943	292.753759	0.000000	0.000000	0.000000	0.000000	0.000000	0.000000	0.000000	0.000000	1652280047.852353	0.000000
175.000000	8.334367	-67.454706	-77.137307	292.290011	0.000000	0.000000	0.000000	0.000000	0.000000	0.000000	0.000000	0.000000	1652280047.868112	0.000000
175.000000	60.715406	-27.841685	-40.325471	306.927980	0.000000	0.000000	0.000000	0.000000	0.000000	0.000000	0.000000	0.000000	1652280047.868112	0.000000
176.000000	77.795529	-15.099846	-19.913097	308.472558	0.000000	0.000000	0.000000	0.000000	0.000000	0.000000	0.000000	0.000000	1652280047.868808	0.000000
176.000000	22.875098	-58.142355	-57.435514	298.348649	0.000000	0.000000	0.000000	0.000000	0.000000	0.000000	0.000000	0.000000	1652280047.868808	0.000000
177.000000	15.896445	-61.257691	-71.344202	299.668834	0.000000	0.000000	0.000000	0.000000	0.000000	0.000000	0.000000	0.000000	1652280047.882452	0.000000
177.000000	63.755944	-20.672297	-34.206995	310.768857	0.000000	0.000000	0.000000	0.000000	0.000000	0.000000	0.000000	0.000000	1652280047.882452	0.000000
178.000000	80.779969	-12.063047	-21.124825	310.148033	0.000000	0.000000	0.000000	0.000000	0.000000	0.000000	0.000000	0.000000	1652280047.898180	0.000000
178.000000	28.088519	-50.890689	-57.611289	298.030758	0.000000	0.000000	0.000000	0.000000	0.000000	0.000000	0.000000	0.000000	1652280047.898180	0.000000
179.000000	11.094413	-63.744725	-66.961039	297.757745	0.000000	0.000000	0.000000	0.000000	0.000000	0.000000	0.000000	0.000000	1652280047.898836	0.000000
179.000000	54.451073	-27.505094	-41.559638	301.837976	0.000000	0.000000	0.000000	0.000000	0.000000	0.000000	0.000000	0.000000	1652280047.898836	0.000000
180.000000	71.471358	-20.788234	-24.434636	295.053797	0.000000	0.000000	0.000000	0.000000	0.000000	0.000000	0.000000	0.000000	1652280047.912480	0.000000
180.000000	17.758915	-60.749065	-64.444086	286.796098	0.000000	0.000000	0.000000	0.000000	0.000000	0.000000	0.000000	0.000000	1652280047.912480	0.000000
181.000000	1.692305	-80.701431	-81.247457	286.852197	0.000000	0.000000	0.000000	0.000000	0.000000	0.000000	0.000000	0.000000	1652280047.928219	0.000000
181.000000	52.996252	-30.025787	-43.156576	300.428033	0.000000	0.000000	0.000000	0.000000	0.000000	0.000000	0.000000	0.000000	1652280047.928219	0.000000
182.000000	68.576676	-21.360439	-23.480962	302.731812	0.000000	0.000000	0.000000	0.000000	0.000000	0.000000	0.000000	0.000000	1652280047.928834	0.000000
182.000000	27.303140	-51.694767	-50.550358	306.105202	0.000000	0.000000	0.000000	0.000000	0.000000	0.000000	0.000000	0.000000	1652280047.928834	0.000000
183.000000	7.268496	-61.867295	-71.785510	298.909634	0.000000	0.000000	0.000000	0.000000	0.000000	0.000000	0.000000	0.000000	1652280047.942699	0.000000
183.000000	60.838823	-22.549727	-38.489180	307.006517	0.000000	0.000000	0.000000	0.000000	0.000000	0.000000	0.000000	0.000000	1652280047.942699	0.000000
184.000000	79.029696	-7.885579	-22.201916	310.413566	0.000000	0.000000	0.000000	0.000000	0.000000	0.000000	0.000000	0.000000	1652280047.958215	0.000000
184.000000	15.473836	-62.237545	-62.245025	291.493412	0.000000	0.000000	0.000000	0.000000	0.000000	0.000000	0.000000	0.000000	1652280047.958215	0.000000
185.000000	5.746356	-72.462432	-81.060462	292.409688	0.000000	0.000000	0.000000	0.000000	0.000000	0.000000	0.000000	0.000000	1652280047.958990	0.000000
185.000000	56.029311	-23.525841	-37.569165	299.478099	0.000000	0.000000	0.000000	0.000000	0.000000	0.000000	0.000000	0.000000	1652280047.958990	0.000000
186.000000	67.129334	-21.136045	-29.236668	294.724686	0.000000	0.000000	0.000000	0.000000	0.000000	0.000000	0.000000	0.000000	1652280047.972448	0.000000
186.000000	13.334613	-62.394621	-67.409827	284.847610	0.000000	0.000000	0.000000	0.000000	0.000000	0.000000	0.000000	0.000000	1652280047.972448	0.000000
187.000000	0.959284	-65.868988	-74.298722	292.533105	0.000000	0.000000	0.000000	0.000000	0.000000	0.000000	0.000000	0.000000	1652280047.988290	0.000000
187.000000	60.434913	-20.511481	-35.149450	308.622154	0.000000	0.000000	0.000000	0.000000	0.000000	0.000000	0.000000	0.000000	1652280047.988290	0.000000
188.000000	73.685379	-15.204563	-24.576753	307.750758	0.000000	0.000000	0.000000	0.000000	0.000000	0.000000	0.000000	0.000000	1652280047.988862	0.000000
188.000000	22.639484	-60.195560	-62.102909	292.589203	0.000000	0.000000	0.000000	0.000000	0.000000	0.000000	0.000000	0.000000	1652280047.988862	0.000000
189.000000	6.247503	-64.167333	-71.419000	294.051504	0.000000	0.000000	0.000000	0.000000	0.000000	0.000000	0.000000	0.000000	1652280048.018852	0.000000
189.000000	53.856429	-20.762055	-34.020000	310.533243	0.000000	0.000000	0.000000	0.000000	0.000000	0.000000	0.000000	0.000000	1652280048.018852	0.000000
190.000000	77.713251	-16.270435	-22.261754	307.313189	0.000000	0.000000	0.000000	0.000000	0.000000	0.000000	0.000000	0.000000	1652280048.019496	0.000000
190.000000	26.910450	-55.935814	-57.327056	301.527564	0.000000	0.000000	0.000000	0.000000	0.000000	0.000000	0.000000	0.000000	1652280048.019496	0.000000
191.000000	5.824894	-68.711312	-76.838115	295.726979	0.000000	0.000000	0.000000	0.000000	0.000000	0.000000	0.000000	0.000000	1652280048.020359	0.000000
191.000000	50.520439	-29.823832	-39.323178	303.752804	0.000000	0.000000	0.000000	0.000000	0.000000	0.000000	0.000000	0.000000	1652280048.020359	0.000000
192.000000	73.853674	-15.967503	-24.879684	299.545417	0.000000	0.000000	0.000000	0.000000	0.000000	0.000000	0.000000	0.000000	1652280048.032454	0.000000
192.000000	19.909357	-60.936060	-65.708172	285.999499	0.000000	0.000000	0.000000	0.000000	0.000000	0.000000	0.000000	0.000000	1652280048.032454	0.000000
193.000000	1.527749	-70.106295	-76.666079	290.898768	0.000000	0.000000	0.000000	0.000000	0.000000	0.000000	0.000000	0.000000	1652280048.048200	0.000000
193.000000	54.110743	-32.550219	-37.453228	298.251412	0.000000	0.000000	0.000000	0.000000	0.000000	0.000000	0.000000	0.000000	1652280048.048200	0.000000
194.000000	74.208965	-25.182616	-27.213382	294.361916	0.000000	0.000000	0.000000	0.000000	0.000000	0.000000	0.000000	0.000000	1652280048.048839	0.000000
194.000000	17.519561	-59.526118	-67.417307	286.934474	0.000000	0.000000	0.000000	0.000000	0.000000	0.000000	0.000000	0.000000	1652280048.048839	0.000000
195.000000	-15.922624	-89.838007	-91.038515	275.550219	0.000000	0.000000	0.000000	0.000000	0.000000	0.000000	0.000000	0.000000	1652280048.062499	0.000000
195.000000	37.546726	-44.132689	-48.332597	288.651088	0.000000	0.000000	0.000000	0.000000	0.000000	0.000000	0.000000	0.000000	1652280048.062499	0.000000
196.000000	60.333936	-34.764240	-35.156930	288.101323	0.000000	0.000000	0.000000	0.000000	0.000000	0.000000	0.000000	0.000000	1652280048.078186	0.000000
196.000000	9.160885	-74.889627	-71.692012	278.429942	0.000000	0.000000	0.000000	0.000000	0.000000	0.000000	0.000000	0.000000	1652280048.078186	0.000000
197.000000	-5.824894	-87.006903	-83.801808	280.247533	0.000000	0.000000	0.000000	0.000000	0.000000	0.000000	0.000000	0.000000	1652280048.078982	0.000000
197.000000	46.612243	-38.268526	-41.914929	298.819876	0.000000	0.000000	0.000000	0.000000	0.000000	0.000000	0.000000	0.000000	1652280048.078982	0.000000
198.000000	68.651474	-24.034467	-21.820446	301.879115	0.000000	0.000000	0.000000	0.000000	0.000000	0.000000	0.000000	0.000000	1652280048.092432	0.000000
198.000000	18.091766	-66.198099	-59.122208	291.643008	0.000000	0.000000	0.000000	0.000000	0.000000	0.000000	0.000000	0.000000	1652280048.092432	0.000000
199.000000	-1.692305	-77.040069	-76.718438	283.691981	0.000000	0.000000	0.000000	0.000000	0.000000	0.000000	0.000000	0.000000	1652280048.108943	0.000000
199.000000	48.444794	-30.497014	-37.879577	298.311250	0.000000	0.000000	0.000000	0.000000	0.000000	0.000000	0.000000	0.000000	1652280048.108943	0.000000
200.000000	70.715898	-17.463463	-18.652751	300.345756	0.000000	0.000000	0.000000	0.000000	0.000000	0.000000	0.000000	0.000000	1652280048.109509	0.000000
200.000000	27.804286	-55.139215	-50.756052	298.479546	0.000000	0.000000	0.000000	0.000000	0.000000	0.000000	0.000000	0.000000	1652280048.109509	0.000000
0.000000	-6.062378	-79.972151	-74.693282	292.129195	0.000000	0.000000	0.000000	0.000000	0.000000	0.000000	0.000000	0.000000	1652280048.110193	0.000000
101.000000	49.624733	-32.284686	-34.276183	305.409580	0.000000	0.000000	0.000000	0.000000	0.000000	0.000000	0.000000	0.000000	1652280048.122497	0.000000
101.000000	82.382516	-13.839500	-12.648342	310.664140	0.000000	0.000000	0.000000	0.000000	0.000000	0.000000	0.000000	0.000000	1652280048.122497	0.000000
102.000000	34.777330	-53.964886	-44.456191	300.039084	0.000000	0.000000	0.000000	0.000000	0.000000	0.000000	0.000000	0.000000	1652280048.137853	0.000000
102.000000	7.483540	-67.649180	-67.348118	300.510311	0.000000	0.000000	0.000000	0.000000	0.000000	0.000000	0.000000	0.000000	1652280048.137853	0.000000
103.000000	48.439184	-36.364917	-36.381747	306.643747	0.000000	0.000000	0.000000	0.000000	0.000000	0.000000	0.000000	0.000000	1652280048.153248	0.000000
103.000000	78.227487	-22.632005	-22.611435	308.921346	0.000000	0.000000	0.000000	0.000000	0.000000	0.000000	0.000000	0.000000	1652280048.153248	0.000000
104.000000	26.153120	-55.801177	-51.576960	294.358176	0.000000	0.000000	0.000000	0.000000	0.000000	0.000000	0.000000	0.000000	1652280048.153895	0.000000
104.000000	3.870796	-75.585248	-69.820192	300.147541	0.000000	0.000000	0.000000	0.000000	0.000000	0.000000	0.000000	0.000000	1652280048.153895	0.000000
105.000000	49.549935	-29.719115	-37.971204	310.798776	0.000000	0.000000	0.000000	0.000000	0.000000	0.000000	0.000000	0.000000	1652280048.167531	0.000000
105.000000	74.547426	-16.977276	-20.128142	312.410673	0.000000	0.000000	0.000000	0.000000	0.000000	0.000000	0.000000	0.000000	1652280048.167531	0.000000
106.000000	23.883001	-56.908188	-52.205263	299.059230	0.000000	0.000000	0.000000	0.000000	0.000000	0.000000	0.000000	0.000000	1652280048.183199	0.000000
106.000000	-3.354690	-76.688519	-74.573605	297.840023	0.000000	0.000000	0.000000	0.000000	0.000000	0.000000	0.000000	0.000000	1652280048.183199	0.000000
107.000000	60.234829	-20.373105	-29.376914	317.504417	0.000000	0.000000	0.000000	0.000000	0.000000	0.000000	0.000000	0.000000	1652280048.183890	0.000000
107.000000	73.429196	-18.503155	-21.994352	310.768857	0.000000	0.000000	0.000000	0.000000	0.000000	0.000000	0.000000	0.000000	1652280048.183890	0.000000
108.000000	18.164694	-62.596576	-62.018761	296.164547	0.000000	0.000000	0.000000	0.000000	0.000000	0.000000	0.000000	0.000000	1652280048.197523	0.000000
108.000000	1.058392	-72.155760	-74.955075	297.129442	0.000000	0.000000	0.000000	0.000000	0.000000	0.000000	0.000000	0.000000	1652280048.197523	0.000000
109.000000	47.481770	-33.070065	-38.087141	313.031496	0.000000	0.000000	0.000000	0.000000	0.000000	0.000000	0.000000	0.000000	1652280048.213368	0.000000
109.000000	71.275013	-17.590619	-21.186533	308.401500	0.000000	0.000000	0.000000	0.000000	0.000000	0.000000	0.000000	0.000000	1652280048.213368	0.000000
110.000000	16.661254	-61.583063	-55.814267	298.374828	0.000000	0.000000	0.000000	0.000000	0.000000	0.000000	0.000000	0.000000	1652280048.213914	0.000000
110.000000	0.729280	-77.862847	-70.048326	301.276991	0.000000	0.000000	0.000000	0.000000	0.000000	0.000000	0.000000	0.000000	1652280048.213914	0.000000
111.000000	53.723663	-27.127364	-37.144686	315.896260	0.000000	0.000000	0.000000	0.000000	0.000000	0.000000	0.000000	0.000000	1652280048.227415	0.000000
111.000000	87.412682	-9.579754	-13.852589	316.101954	0.000000	0.000000	0.000000	0.000000	0.000000	0.000000	0.000000	0.000000	1652280048.227415	0.000000
112.000000	33.322509	-53.486179	-50.440031	298.270111	0.000000	0.000000	0.000000	0.000000	0.000000	0.000000	0.000000	0.000000	1652280048.243182	0.000000
112.000000	2.700208	-72.694305	-69.696776	295.472666	0.000000	0.000000	0.000000	0.000000	0.000000	0.000000	0.000000	0.000000	1652280048.243182	0.000000
113.000000	50.810281	-30.871004	-38.356414	305.993005	0.000000	0.000000	0.000000	0.000000	0.000000	0.000000	0.000000	0.000000	1652280048.243969	0.000000
113.000000	79.117584	-12.066787	-16.597676	307.223432	0.000000	0.000000	0.000000	0.000000	0.000000	0.000000	0.000000	0.000000	1652280048.243969	0.000000
