112.000000	-107.963432	-164.196568	-92.096906	56.478099	0.000000	0.000000	0.000000	0.000000	0.000000	0.000000	0.000000	0.000000	1651933388.615280	0.000000
112.000000	-276.266410	-240.595244	-152.956298	12.107926	0.000000	0.000000	0.000000	0.000000	0.000000	0.000000	0.000000	0.000000	1651933388.615280	0.000000
113.000000	-495.951873	-305.377791	-175.100246	75.312235	0.000000	0.000000	0.000000	0.000000	0.000000	0.000000	0.000000	0.000000	1651933388.615994	0.000000
113.000000	-346.587749	-246.814698	-126.664802	106.581539	0.000000	0.000000	0.000000	0.000000	0.000000	0.000000	0.000000	0.000000	1651933388.615994	0.000000
114.000000	-108.045710	-160.692281	-97.631958	49.806118	0.000000	0.000000	0.000000	0.000000	0.000000	0.000000	0.000000	0.000000	1651933388.629646	0.000000
114.000000	-269.990858	-241.915429	-154.138107	16.494829	0.000000	0.000000	0.000000	0.000000	0.000000	0.000000	0.000000	0.000000	1651933388.629646	0.000000
115.000000	-503.255898	-321.440661	-173.035821	78.730504	0.000000	0.000000	0.000000	0.000000	0.000000	0.000000	0.000000	0.000000	1651933388.645319	0.000000
115.000000	-340.734805	-230.033766	-107.815706	126.840577	0.000000	0.000000	0.000000	0.000000	0.000000	0.000000	0.000000	0.000000	1651933388.645319	0.000000
116.000000	-98.247172	-151.963355	-87.979277	60.793944	0.000000	0.000000	0.000000	0.000000	0.000000	0.000000	0.000000	0.000000	1651933388.646047	0.000000
116.000000	-253.284724	-231.926156	-149.164040	13.592666	0.000000	0.000000	0.000000	0.000000	0.000000	0.000000	0.000000	0.000000	1651933388.646047	0.000000
117.000000	-496.168787	-313.396136	-177.280608	66.519731	0.000000	0.000000	0.000000	0.000000	0.000000	0.000000	0.000000	0.000000	1651933388.659602	0.000000
117.000000	-348.068749	-241.204848	-123.669142	102.695783	0.000000	0.000000	0.000000	0.000000	0.000000	0.000000	0.000000	0.000000	1651933388.659602	0.000000
118.000000	-111.643493	-164.518199	-103.028634	42.576891	0.000000	0.000000	0.000000	0.000000	0.000000	0.000000	0.000000	0.000000	1651933388.675309	0.000000
118.000000	-268.031150	-230.912643	-149.538030	19.572766	0.000000	0.000000	0.000000	0.000000	0.000000	0.000000	0.000000	0.000000	1651933388.675309	0.000000
119.000000	-496.284724	-310.901623	-169.486656	80.103047	0.000000	0.000000	0.000000	0.000000	0.000000	0.000000	0.000000	0.000000	1651933388.676042	0.000000
119.000000	-332.574343	-227.442016	-113.111404	110.112004	0.000000	0.000000	0.000000	0.000000	0.000000	0.000000	0.000000	0.000000	1651933388.676042	0.000000
120.000000	-94.709226	-145.512027	-78.038622	65.532397	0.000000	0.000000	0.000000	0.000000	0.000000	0.000000	0.000000	0.000000	1651933388.689592	0.000000
120.000000	-261.609742	-234.128957	-141.040977	25.623925	0.000000	0.000000	0.000000	0.000000	0.000000	0.000000	0.000000	0.000000	1651933388.689592	0.000000
121.000000	-506.984578	-329.376729	-186.065633	65.880208	0.000000	0.000000	0.000000	0.000000	0.000000	0.000000	0.000000	0.000000	1651933388.705395	0.000000
121.000000	-341.280831	-235.538899	-115.056152	117.647903	0.000000	0.000000	0.000000	0.000000	0.000000	0.000000	0.000000	0.000000	1651933388.705395	0.000000
122.000000	-103.860762	-151.970835	-81.554128	75.835821	0.000000	0.000000	0.000000	0.000000	0.000000	0.000000	0.000000	0.000000	1651933388.706052	0.000000
122.000000	-261.770557	-239.652789	-150.873174	18.488195	0.000000	0.000000	0.000000	0.000000	0.000000	0.000000	0.000000	0.000000	1651933388.706052	0.000000
123.000000	-494.908441	-315.898130	-174.266248	75.308495	0.000000	0.000000	0.000000	0.000000	0.000000	0.000000	0.000000	0.000000	1651933388.719646	0.000000
123.000000	-338.696560	-240.763539	-121.245687	107.927903	0.000000	0.000000	0.000000	0.000000	0.000000	0.000000	0.000000	0.000000	1651933388.719646	0.000000
124.000000	-99.485079	-164.506979	-97.183170	49.503186	0.000000	0.000000	0.000000	0.000000	0.000000	0.000000	0.000000	0.000000	1651933388.735349	0.000000
124.000000	-268.824009	-250.154428	-160.017229	15.485056	0.000000	0.000000	0.000000	0.000000	0.000000	0.000000	0.000000	0.000000	1651933388.735349	0.000000
125.000000	-483.782239	-306.709195	-159.635760	85.361347	0.000000	0.000000	0.000000	0.000000	0.000000	0.000000	0.000000	0.000000	1651933388.736169	0.000000
125.000000	-331.871242	-227.909503	-112.045533	118.784832	0.000000	0.000000	0.000000	0.000000	0.000000	0.000000	0.000000	0.000000	1651933388.736169	0.000000
126.000000	-88.729126	-146.794813	-82.242270	58.542524	0.000000	0.000000	0.000000	0.000000	0.000000	0.000000	0.000000	0.000000	1651933388.749676	0.000000
126.000000	-260.674767	-234.779700	-153.090935	9.763009	0.000000	0.000000	0.000000	0.000000	0.000000	0.000000	0.000000	0.000000	1651933388.749676	0.000000
127.000000	-471.369511	-281.188118	-139.099969	100.354605	0.000000	0.000000	0.000000	0.000000	0.000000	0.000000	0.000000	0.000000	1651933388.765420	0.000000
127.000000	-313.829965	-207.575667	-97.388865	128.486133	0.000000	0.000000	0.000000	0.000000	0.000000	0.000000	0.000000	0.000000	1651933388.765420	0.000000
128.000000	-107.989611	-167.745733	-100.934290	52.745679	0.000000	0.000000	0.000000	0.000000	0.000000	0.000000	0.000000	0.000000	1651933388.766087	0.000000
128.000000	-256.310304	-228.410650	-138.860615	38.391943	0.000000	0.000000	0.000000	0.000000	0.000000	0.000000	0.000000	0.000000	1651933388.766087	0.000000
129.000000	-487.596937	-304.442816	-157.459138	91.868772	0.000000	0.000000	0.000000	0.000000	0.000000	0.000000	0.000000	0.000000	1651933388.779684	0.000000
129.000000	-329.791858	-219.004802	-91.401285	135.423647	0.000000	0.000000	0.000000	0.000000	0.000000	0.000000	0.000000	0.000000	1651933388.779684	0.000000
130.000000	-104.653620	-157.812558	-92.467156	58.830496	0.000000	0.000000	0.000000	0.000000	0.000000	0.000000	0.000000	0.000000	1651933388.795300	0.000000
130.000000	-264.216452	-238.153089	-146.407734	22.897537	0.000000	0.000000	0.000000	0.000000	0.000000	0.000000	0.000000	0.000000	1651933388.795300	0.000000
131.000000	-482.204001	-287.497329	-143.082962	108.473928	0.000000	0.000000	0.000000	0.000000	0.000000	0.000000	0.000000	0.000000	1651933388.796041	0.000000
131.000000	-320.685202	-213.563247	-91.696737	139.780631	0.000000	0.000000	0.000000	0.000000	0.000000	0.000000	0.000000	0.000000	1651933388.796041	0.000000
132.000000	-103.692466	-151.608064	-85.054675	64.578722	0.000000	0.000000	0.000000	0.000000	0.000000	0.000000	0.000000	0.000000	1651933388.809558	0.000000
132.000000	-258.875875	-222.909257	-136.773751	29.034713	0.000000	0.000000	0.000000	0.000000	0.000000	0.000000	0.000000	0.000000	1651933388.809558	0.000000
133.000000	-497.634828	-311.836598	-160.245363	92.235283	0.000000	0.000000	0.000000	0.000000	0.000000	0.000000	0.000000	0.000000	1651933388.825282	0.000000
133.000000	-336.198307	-222.299653	-100.754775	117.442208	0.000000	0.000000	0.000000	0.000000	0.000000	0.000000	0.000000	0.000000	1651933388.825282	0.000000
134.000000	-106.770404	-152.266287	-79.953451	72.765363	0.000000	0.000000	0.000000	0.000000	0.000000	0.000000	0.000000	0.000000	1651933388.826040	0.000000
134.000000	-262.036090	-243.549765	-142.267664	29.864971	0.000000	0.000000	0.000000	0.000000	0.000000	0.000000	0.000000	0.000000	1651933388.826040	0.000000
135.000000	-497.900361	-306.208049	-165.971150	74.758730	0.000000	0.000000	0.000000	0.000000	0.000000	0.000000	0.000000	0.000000	1651933388.839648	0.000000
135.000000	-324.724293	-214.651558	-93.439530	133.972566	0.000000	0.000000	0.000000	0.000000	0.000000	0.000000	0.000000	0.000000	1651933388.839648	0.000000
136.000000	-93.561077	-131.292928	-69.092782	75.087841	0.000000	0.000000	0.000000	0.000000	0.000000	0.000000	0.000000	0.000000	1651933388.855313	0.000000
136.000000	-271.367141	-244.136929	-145.244625	27.089965	0.000000	0.000000	0.000000	0.000000	0.000000	0.000000	0.000000	0.000000	1651933388.855313	0.000000
137.000000	-496.000492	-302.419530	-151.838068	102.467649	0.000000	0.000000	0.000000	0.000000	0.000000	0.000000	0.000000	0.000000	1651933388.856034	0.000000
137.000000	-328.924201	-205.780515	-85.761516	146.112281	0.000000	0.000000	0.000000	0.000000	0.000000	0.000000	0.000000	0.000000	1651933388.856034	0.000000
138.000000	-98.968973	-139.341193	-85.286549	55.311250	0.000000	0.000000	0.000000	0.000000	0.000000	0.000000	0.000000	0.000000	1651933388.869666	0.000000
138.000000	-265.271104	-228.339592	-152.743124	14.479023	0.000000	0.000000	0.000000	0.000000	0.000000	0.000000	0.000000	0.000000	1651933388.869666	0.000000
139.000000	-501.935713	-315.281046	-169.269742	83.566195	0.000000	0.000000	0.000000	0.000000	0.000000	0.000000	0.000000	0.000000	1651933388.885351	0.000000
139.000000	-335.966433	-219.345132	-95.818107	129.918515	0.000000	0.000000	0.000000	0.000000	0.000000	0.000000	0.000000	0.000000	1651933388.885351	0.000000
140.000000	-106.332836	-150.777807	-82.848134	65.902647	0.000000	0.000000	0.000000	0.000000	0.000000	0.000000	0.000000	0.000000	1651933388.886113	0.000000
140.000000	-263.790103	-233.055606	-136.388542	35.224248	0.000000	0.000000	0.000000	0.000000	0.000000	0.000000	0.000000	0.000000	1651933388.886113	0.000000
141.000000	-502.952966	-308.283693	-167.171658	79.923532	0.000000	0.000000	0.000000	0.000000	0.000000	0.000000	0.000000	0.000000	1651933388.899616	0.000000
141.000000	-339.960646	-220.220269	-98.077006	121.892689	0.000000	0.000000	0.000000	0.000000	0.000000	0.000000	0.000000	0.000000	1651933388.899616	0.000000
142.000000	-102.865948	-148.560046	-80.132966	63.355775	0.000000	0.000000	0.000000	0.000000	0.000000	0.000000	0.000000	0.000000	1651933388.915394	0.000000
142.000000	-263.341315	-232.962108	-137.581570	26.375644	0.000000	0.000000	0.000000	0.000000	0.000000	0.000000	0.000000	0.000000	1651933388.915394	0.000000
143.000000	-496.337083	-300.459823	-156.838314	85.264109	0.000000	0.000000	0.000000	0.000000	0.000000	0.000000	0.000000	0.000000	1651933388.916066	0.000000
143.000000	-334.410634	-224.106025	-96.356652	131.807164	0.000000	0.000000	0.000000	0.000000	0.000000	0.000000	0.000000	0.000000	1651933388.916066	0.000000
144.000000	-104.956552	-147.135144	-85.009796	57.749665	0.000000	0.000000	0.000000	0.000000	0.000000	0.000000	0.000000	0.000000	1651933388.929711	0.000000
144.000000	-275.245417	-230.897683	-149.882101	15.907664	0.000000	0.000000	0.000000	0.000000	0.000000	0.000000	0.000000	0.000000	1651933388.929711	0.000000
145.000000	-492.455067	-289.883385	-157.691012	80.794929	0.000000	0.000000	0.000000	0.000000	0.000000	0.000000	0.000000	0.000000	1651933388.945319	0.000000
145.000000	-336.493759	-220.923370	-107.015367	119.405656	0.000000	0.000000	0.000000	0.000000	0.000000	0.000000	0.000000	0.000000	1651933388.945319	0.000000
146.000000	-97.446833	-134.172651	-70.476545	74.773690	0.000000	0.000000	0.000000	0.000000	0.000000	0.000000	0.000000	0.000000	1651933388.946090	0.000000
146.000000	-259.403201	-232.999507	-141.456106	32.322085	0.000000	0.000000	0.000000	0.000000	0.000000	0.000000	0.000000	0.000000	1651933388.946090	0.000000
147.000000	-495.282431	-304.521354	-164.374213	78.592128	0.000000	0.000000	0.000000	0.000000	0.000000	0.000000	0.000000	0.000000	1651933388.959556	0.000000
147.000000	-337.215559	-228.231135	-105.014521	125.733567	0.000000	0.000000	0.000000	0.000000	0.000000	0.000000	0.000000	0.000000	1651933388.959556	0.000000
148.000000	-90.879569	-135.492835	-60.674267	84.187018	0.000000	0.000000	0.000000	0.000000	0.000000	0.000000	0.000000	0.000000	1651933388.975351	0.000000
148.000000	-255.726879	-221.966802	-142.521977	24.202763	0.000000	0.000000	0.000000	0.000000	0.000000	0.000000	0.000000	0.000000	1651933388.975351	0.000000
149.000000	-508.551596	-309.027933	-170.638545	71.677053	0.000000	0.000000	0.000000	0.000000	0.000000	0.000000	0.000000	0.000000	1651933388.976089	0.000000
149.000000	-331.444894	-201.543209	-85.477283	135.842516	0.000000	0.000000	0.000000	0.000000	0.000000	0.000000	0.000000	0.000000	1651933388.976089	0.000000
150.000000	-110.184932	-160.389349	-83.992543	71.751851	0.000000	0.000000	0.000000	0.000000	0.000000	0.000000	0.000000	0.000000	1651933388.989605	0.000000
150.000000	-269.313936	-233.713828	-137.903201	40.101077	0.000000	0.000000	0.000000	0.000000	0.000000	0.000000	0.000000	0.000000	1651933388.989605	0.000000
151.000000	-508.749811	-313.426056	-177.426464	66.489811	0.000000	0.000000	0.000000	0.000000	0.000000	0.000000	0.000000	0.000000	1651933389.005371	0.000000
151.000000	-344.785117	-223.174790	-102.905217	120.355590	0.000000	0.000000	0.000000	0.000000	0.000000	0.000000	0.000000	0.000000	1651933389.005371	0.000000
152.000000	-104.900454	-150.530973	-85.417445	62.207626	0.000000	0.000000	0.000000	0.000000	0.000000	0.000000	0.000000	0.000000	1651933389.006102	0.000000
152.000000	-259.990365	-225.119538	-136.833590	25.781000	0.000000	0.000000	0.000000	0.000000	0.000000	0.000000	0.000000	0.000000	1651933389.006102	0.000000
153.000000	-502.601415	-310.647310	-175.683670	70.326949	0.000000	0.000000	0.000000	0.000000	0.000000	0.000000	0.000000	0.000000	1651933389.019621	0.000000
153.000000	-345.585455	-229.528880	-112.943109	115.501200	0.000000	0.000000	0.000000	0.000000	0.000000	0.000000	0.000000	0.000000	1651933389.019621	0.000000
154.000000	-111.475198	-160.980254	-83.558715	65.674513	0.000000	0.000000	0.000000	0.000000	0.000000	0.000000	0.000000	0.000000	1651933389.035267	0.000000
154.000000	-278.098961	-250.060931	-151.033990	21.622232	0.000000	0.000000	0.000000	0.000000	0.000000	0.000000	0.000000	0.000000	1651933389.035267	0.000000
155.000000	-498.622162	-299.210696	-161.887179	76.314529	0.000000	0.000000	0.000000	0.000000	0.000000	0.000000	0.000000	0.000000	1651933389.036057	0.000000
155.000000	-340.517891	-215.478076	-93.854659	125.961700	0.000000	0.000000	0.000000	0.000000	0.000000	0.000000	0.000000	0.000000	1651933389.036057	0.000000
156.000000	-113.666779	-153.986641	-88.263509	58.419107	0.000000	0.000000	0.000000	0.000000	0.000000	0.000000	0.000000	0.000000	1651933389.049713	0.000000
156.000000	-275.080861	-234.596444	-147.765317	25.953036	0.000000	0.000000	0.000000	0.000000	0.000000	0.000000	0.000000	0.000000	1651933389.049713	0.000000
157.000000	-505.795290	-302.729942	-161.771243	91.352666	0.000000	0.000000	0.000000	0.000000	0.000000	0.000000	0.000000	0.000000	1651933389.065302	0.000000
157.000000	-324.051111	-200.615713	-73.730258	155.764963	0.000000	0.000000	0.000000	0.000000	0.000000	0.000000	0.000000	0.000000	1651933389.065302	0.000000
158.000000	-108.131727	-153.339638	-75.704925	86.071928	0.000000	0.000000	0.000000	0.000000	0.000000	0.000000	0.000000	0.000000	1651933389.066037	0.000000
158.000000	-271.135267	-226.308826	-135.128195	41.226787	0.000000	0.000000	0.000000	0.000000	0.000000	0.000000	0.000000	0.000000	1651933389.066037	0.000000
159.000000	-502.358322	-298.357999	-161.483270	80.409719	0.000000	0.000000	0.000000	0.000000	0.000000	0.000000	0.000000	0.000000	1651933389.096079	0.000000
159.000000	-358.114120	-232.580638	-118.680115	107.793266	0.000000	0.000000	0.000000	0.000000	0.000000	0.000000	0.000000	0.000000	1651933389.096079	0.000000
160.000000	-114.680292	-151.671643	-86.131766	56.466879	0.000000	0.000000	0.000000	0.000000	0.000000	0.000000	0.000000	0.000000	1651933389.096801	0.000000
160.000000	-266.815683	-219.879938	-137.233759	34.633344	0.000000	0.000000	0.000000	0.000000	0.000000	0.000000	0.000000	0.000000	1651933389.096801	0.000000
161.000000	-503.513951	-309.132651	-159.332828	89.564994	0.000000	0.000000	0.000000	0.000000	0.000000	0.000000	0.000000	0.000000	1651933389.097478	0.000000
161.000000	-332.349949	-212.392658	-97.740415	127.797991	0.000000	0.000000	0.000000	0.000000	0.000000	0.000000	0.000000	0.000000	1651933389.097478	0.000000
162.000000	-114.074428	-159.955521	-86.232743	69.526610	0.000000	0.000000	0.000000	0.000000	0.000000	0.000000	0.000000	0.000000	1651933389.109604	0.000000
162.000000	-289.838507	-249.922554	-154.179246	20.814413	0.000000	0.000000	0.000000	0.000000	0.000000	0.000000	0.000000	0.000000	1651933389.109604	0.000000
163.000000	-520.777329	-324.799091	-183.084932	65.180846	0.000000	0.000000	0.000000	0.000000	0.000000	0.000000	0.000000	0.000000	1651933389.125064	0.000000
163.000000	-357.201585	-236.829165	-109.091012	111.918376	0.000000	0.000000	0.000000	0.000000	0.000000	0.000000	0.000000	0.000000	1651933389.125064	0.000000
164.000000	-124.213297	-159.959261	-79.583201	72.032343	0.000000	0.000000	0.000000	0.000000	0.000000	0.000000	0.000000	0.000000	1651933389.140320	0.000000
164.000000	-272.227318	-225.923616	-144.275991	23.552020	0.000000	0.000000	0.000000	0.000000	0.000000	0.000000	0.000000	0.000000	1651933389.140320	0.000000
165.000000	-504.946332	-303.433043	-165.757976	76.729657	0.000000	0.000000	0.000000	0.000000	0.000000	0.000000	0.000000	0.000000	1651933389.141083	0.000000
165.000000	-344.968372	-228.044140	-105.190296	125.800885	0.000000	0.000000	0.000000	0.000000	0.000000	0.000000	0.000000	0.000000	1651933389.141083	0.000000
166.000000	-122.642539	-159.981700	-91.464863	65.663293	0.000000	0.000000	0.000000	0.000000	0.000000	0.000000	0.000000	0.000000	1651933389.155324	0.000000
166.000000	-290.305994	-250.348903	-155.525610	24.213982	0.000000	0.000000	0.000000	0.000000	0.000000	0.000000	0.000000	0.000000	1651933389.155324	0.000000
167.000000	-505.843908	-302.752381	-153.337768	108.182216	0.000000	0.000000	0.000000	0.000000	0.000000	0.000000	0.000000	0.000000	1651933389.156066	0.000000
167.000000	-353.297129	-223.402924	-107.853105	125.396976	0.000000	0.000000	0.000000	0.000000	0.000000	0.000000	0.000000	0.000000	1651933389.156066	0.000000
168.000000	-111.834228	-141.016668	-85.458584	57.136322	0.000000	0.000000	0.000000	0.000000	0.000000	0.000000	0.000000	0.000000	1651933389.169664	0.000000
168.000000	-271.400800	-226.009634	-146.460092	20.260908	0.000000	0.000000	0.000000	0.000000	0.000000	0.000000	0.000000	0.000000	1651933389.169664	0.000000
169.000000	-505.989765	-302.733682	-162.844594	77.380400	0.000000	0.000000	0.000000	0.000000	0.000000	0.000000	0.000000	0.000000	1651933389.185328	0.000000
169.000000	-355.051142	-230.426456	-109.296706	118.736214	0.000000	0.000000	0.000000	0.000000	0.000000	0.000000	0.000000	0.000000	1651933389.185328	0.000000
170.000000	-106.979838	-147.864425	-80.398499	66.729165	0.000000	0.000000	0.000000	0.000000	0.000000	0.000000	0.000000	0.000000	1651933389.186181	0.000000
170.000000	-277.665132	-240.284832	-160.121947	14.235929	0.000000	0.000000	0.000000	0.000000	0.000000	0.000000	0.000000	0.000000	1651933389.186181	0.000000
171.000000	-504.905194	-306.432443	-171.887672	62.697553	0.000000	0.000000	0.000000	0.000000	0.000000	0.000000	0.000000	0.000000	1651933389.199668	0.000000
171.000000	-333.034351	-214.715136	-105.309973	110.280300	0.000000	0.000000	0.000000	0.000000	0.000000	0.000000	0.000000	0.000000	1651933389.199668	0.000000
172.000000	-109.010604	-136.409111	-80.099307	64.298230	0.000000	0.000000	0.000000	0.000000	0.000000	0.000000	0.000000	0.000000	1651933389.215340	0.000000
172.000000	-277.306102	-245.707687	-152.268157	21.932643	0.000000	0.000000	0.000000	0.000000	0.000000	0.000000	0.000000	0.000000	1651933389.215340	0.000000
173.000000	-524.016082	-335.532604	-187.423216	60.255398	0.000000	0.000000	0.000000	0.000000	0.000000	0.000000	0.000000	0.000000	1651933389.216065	0.000000
173.000000	-349.867641	-235.658576	-111.297553	111.132997	0.000000	0.000000	0.000000	0.000000	0.000000	0.000000	0.000000	0.000000	1651933389.216065	0.000000
174.000000	-110.831935	-151.866118	-76.666079	74.841008	0.000000	0.000000	0.000000	0.000000	0.000000	0.000000	0.000000	0.000000	1651933389.229578	0.000000
174.000000	-269.549549	-228.466748	-142.353682	33.361778	0.000000	0.000000	0.000000	0.000000	0.000000	0.000000	0.000000	0.000000	1651933389.229578	0.000000
175.000000	-496.370742	-290.425671	-155.880900	89.269542	0.000000	0.000000	0.000000	0.000000	0.000000	0.000000	0.000000	0.000000	1651933389.245276	0.000000
175.000000	-330.696914	-202.137853	-77.167226	147.219292	0.000000	0.000000	0.000000	0.000000	0.000000	0.000000	0.000000	0.000000	1651933389.245276	0.000000
176.000000	-105.158507	-150.497314	-85.896152	62.061770	0.000000	0.000000	0.000000	0.000000	0.000000	0.000000	0.000000	0.000000	1651933389.246015	0.000000
176.000000	-257.731466	-218.926264	-126.855537	37.494367	0.000000	0.000000	0.000000	0.000000	0.000000	0.000000	0.000000	0.000000	1651933389.246015	0.000000
177.000000	-493.943547	-294.094513	-147.985971	100.178830	0.000000	0.000000	0.000000	0.000000	0.000000	0.000000	0.000000	0.000000	1651933389.259672	0.000000
177.000000	-331.482293	-206.393859	-87.369673	138.898014	0.000000	0.000000	0.000000	0.000000	0.000000	0.000000	0.000000	0.000000	1651933389.259672	0.000000
178.000000	-95.662901	-140.616498	-75.263617	72.615767	0.000000	0.000000	0.000000	0.000000	0.000000	0.000000	0.000000	0.000000	1651933389.275088	0.000000
178.000000	-253.804571	-219.835059	-131.380815	38.694875	0.000000	0.000000	0.000000	0.000000	0.000000	0.000000	0.000000	0.000000	1651933389.275088	0.000000
179.000000	-487.181808	-291.764555	-155.922039	81.243717	0.000000	0.000000	0.000000	0.000000	0.000000	0.000000	0.000000	0.000000	1651933389.290426	0.000000
179.000000	-327.910688	-208.065594	-98.694090	126.489026	0.000000	0.000000	0.000000	0.000000	0.000000	0.000000	0.000000	0.000000	1651933389.290426	0.000000
180.000000	-102.880908	-152.486941	-82.519023	71.531197	0.000000	0.000000	0.000000	0.000000	0.000000	0.000000	0.000000	0.000000	1651933389.291110	0.000000
180.000000	-258.666441	-228.455529	-136.650335	32.441762	0.000000	0.000000	0.000000	0.000000	0.000000	0.000000	0.000000	0.000000	1651933389.291110	0.000000
181.000000	-483.576544	-283.697591	-146.074882	93.929457	0.000000	0.000000	0.000000	0.000000	0.000000	0.000000	0.000000	0.000000	1651933389.305421	0.000000
181.000000	-329.743239	-203.525356	-81.049242	141.740338	0.000000	0.000000	0.000000	0.000000	0.000000	0.000000	0.000000	0.000000	1651933389.305421	0.000000
182.000000	-92.147395	-130.582347	-62.948126	82.234790	0.000000	0.000000	0.000000	0.000000	0.000000	0.000000	0.000000	0.000000	1651933389.306126	0.000000
182.000000	-275.548349	-231.051019	-145.248365	30.915883	0.000000	0.000000	0.000000	0.000000	0.000000	0.000000	0.000000	0.000000	1651933389.306126	0.000000
183.000000	-504.112335	-301.162924	-149.358515	100.743555	0.000000	0.000000	0.000000	0.000000	0.000000	0.000000	0.000000	0.000000	1651933389.319706	0.000000
183.000000	-336.381562	-208.779915	-79.100754	148.924686	0.000000	0.000000	0.000000	0.000000	0.000000	0.000000	0.000000	0.000000	1651933389.319706	0.000000
184.000000	-99.099869	-143.585979	-69.059123	87.044302	0.000000	0.000000	0.000000	0.000000	0.000000	0.000000	0.000000	0.000000	1651933389.335096	0.000000
184.000000	-264.893374	-219.128218	-129.069557	37.707541	0.000000	0.000000	0.000000	0.000000	0.000000	0.000000	0.000000	0.000000	1651933389.335096	0.000000
185.000000	-501.939453	-299.263055	-158.173459	85.724117	0.000000	0.000000	0.000000	0.000000	0.000000	0.000000	0.000000	0.000000	1651933389.350323	0.000000
185.000000	-343.083462	-228.713582	-101.543894	124.690134	0.000000	0.000000	0.000000	0.000000	0.000000	0.000000	0.000000	0.000000	1651933389.350323	0.000000
186.000000	-97.596429	-144.797707	-77.328041	71.160946	0.000000	0.000000	0.000000	0.000000	0.000000	0.000000	0.000000	0.000000	1651933389.351054	0.000000
186.000000	-258.644001	-226.783793	-136.384802	32.752174	0.000000	0.000000	0.000000	0.000000	0.000000	0.000000	0.000000	0.000000	1651933389.351054	0.000000
187.000000	-477.398229	-278.678645	-125.920562	116.870004	0.000000	0.000000	0.000000	0.000000	0.000000	0.000000	0.000000	0.000000	1651933389.365438	0.000000
187.000000	-331.661808	-212.149565	-81.318515	147.350188	0.000000	0.000000	0.000000	0.000000	0.000000	0.000000	0.000000	0.000000	1651933389.365438	0.000000
188.000000	-105.046310	-152.771173	-66.377614	96.001362	0.000000	0.000000	0.000000	0.000000	0.000000	0.000000	0.000000	0.000000	1651933389.366140	0.000000
188.000000	-263.019684	-237.536006	-138.725979	26.110112	0.000000	0.000000	0.000000	0.000000	0.000000	0.000000	0.000000	0.000000	1651933389.366140	0.000000
189.000000	-494.893481	-314.132897	-159.755436	87.358453	0.000000	0.000000	0.000000	0.000000	0.000000	0.000000	0.000000	0.000000	1651933389.379717	0.000000
189.000000	-341.146194	-219.861239	-90.672004	132.955313	0.000000	0.000000	0.000000	0.000000	0.000000	0.000000	0.000000	0.000000	1651933389.379717	0.000000
190.000000	-88.033505	-134.505502	-58.078776	88.641239	0.000000	0.000000	0.000000	0.000000	0.000000	0.000000	0.000000	0.000000	1651933389.395420	0.000000
190.000000	-252.013159	-225.265394	-128.284178	47.068511	0.000000	0.000000	0.000000	0.000000	0.000000	0.000000	0.000000	0.000000	1651933389.395420	0.000000
191.000000	-498.940053	-312.449942	-160.630573	85.196791	0.000000	0.000000	0.000000	0.000000	0.000000	0.000000	0.000000	0.000000	1651933389.396135	0.000000
191.000000	-348.169726	-241.945348	-114.136137	123.052058	0.000000	0.000000	0.000000	0.000000	0.000000	0.000000	0.000000	0.000000	1651933389.396135	0.000000
192.000000	-104.672320	-154.495267	-75.719884	80.432158	0.000000	0.000000	0.000000	0.000000	0.000000	0.000000	0.000000	0.000000	1651933389.409632	0.000000
192.000000	-251.661608	-224.775467	-134.387695	29.030973	0.000000	0.000000	0.000000	0.000000	0.000000	0.000000	0.000000	0.000000	1651933389.409632	0.000000
193.000000	-480.823978	-303.878091	-166.554575	73.629280	0.000000	0.000000	0.000000	0.000000	0.000000	0.000000	0.000000	0.000000	1651933389.425445	0.000000
193.000000	-317.554905	-206.236783	-86.703971	135.027218	0.000000	0.000000	0.000000	0.000000	0.000000	0.000000	0.000000	0.000000	1651933389.425445	0.000000
194.000000	-84.966787	-142.550027	-69.440592	78.719284	0.000000	0.000000	0.000000	0.000000	0.000000	0.000000	0.000000	0.000000	1651933389.426161	0.000000
194.000000	-240.239953	-221.267441	-127.850350	37.778599	0.000000	0.000000	0.000000	0.000000	0.000000	0.000000	0.000000	0.000000	1651933389.426161	0.000000
195.000000	-466.193489	-285.601200	-145.341862	96.367872	0.000000	0.000000	0.000000	0.000000	0.000000	0.000000	0.000000	0.000000	1651933389.439621	0.000000
195.000000	-311.369111	-207.833720	-82.481624	138.748418	0.000000	0.000000	0.000000	0.000000	0.000000	0.000000	0.000000	0.000000	1651933389.439621	0.000000
196.000000	-80.104917	-132.343840	-67.234051	76.531443	0.000000	0.000000	0.000000	0.000000	0.000000	0.000000	0.000000	0.000000	1651933389.455294	0.000000
196.000000	-227.864625	-198.682185	-126.193574	41.769073	0.000000	0.000000	0.000000	0.000000	0.000000	0.000000	0.000000	0.000000	1651933389.455294	0.000000
197.000000	-457.973189	-267.294390	-133.785571	98.843686	0.000000	0.000000	0.000000	0.000000	0.000000	0.000000	0.000000	0.000000	1651933389.456027	0.000000
197.000000	-311.720661	-198.540069	-77.099908	148.913466	0.000000	0.000000	0.000000	0.000000	0.000000	0.000000	0.000000	0.000000	1651933389.456027	0.000000
198.000000	-88.590750	-136.637245	-71.359161	70.603701	0.000000	0.000000	0.000000	0.000000	0.000000	0.000000	0.000000	0.000000	1651933389.469603	0.000000
198.000000	-257.948380	-233.747487	-150.360808	15.604733	0.000000	0.000000	0.000000	0.000000	0.000000	0.000000	0.000000	0.000000	1651933389.469603	0.000000
199.000000	-480.962354	-298.372958	-148.333782	101.824386	0.000000	0.000000	0.000000	0.000000	0.000000	0.000000	0.000000	0.000000	1651933389.485286	0.000000
199.000000	-328.490373	-225.501008	-106.813413	111.136737	0.000000	0.000000	0.000000	0.000000	0.000000	0.000000	0.000000	0.000000	1651933389.485286	0.000000
200.000000	-90.269965	-143.612158	-81.441931	60.229219	0.000000	0.000000	0.000000	0.000000	0.000000	0.000000	0.000000	0.000000	1651933389.485981	0.000000
200.000000	-249.496206	-218.873905	-133.602316	36.682809	0.000000	0.000000	0.000000	0.000000	0.000000	0.000000	0.000000	0.000000	1651933389.485981	0.000000
0.000000	-488.733866	-297.080823	-160.303332	81.757953	0.000000	0.000000	0.000000	0.000000	0.000000	0.000000	0.000000	0.000000	1651933389.500262	0.000000
101.000000	-316.107564	-190.762947	-76.058345	146.334805	0.000000	0.000000	0.000000	0.000000	0.000000	0.000000	0.000000	0.000000	1651933389.500996	0.000000
101.000000	-72.468041	-101.648611	-47.350873	91.455514	0.000000	0.000000	0.000000	0.000000	0.000000	0.000000	0.000000	0.000000	1651933389.500996	0.000000
102.000000	-246.257452	-220.753205	-137.875152	29.302116	0.000000	0.000000	0.000000	0.000000	0.000000	0.000000	0.000000	0.000000	1651933389.514601	0.000000
102.000000	-497.444093	-301.333089	-162.371496	83.063178	0.000000	0.000000	0.000000	0.000000	0.000000	0.000000	0.000000	0.000000	1651933389.514601	0.000000
103.000000	-336.721893	-212.057937	-94.398815	132.287741	0.000000	0.000000	0.000000	0.000000	0.000000	0.000000	0.000000	0.000000	1651933389.530435	0.000000
103.000000	-96.074290	-134.552251	-73.709688	74.569865	0.000000	0.000000	0.000000	0.000000	0.000000	0.000000	0.000000	0.000000	1651933389.530435	0.000000
104.000000	-245.617930	-209.784078	-124.441431	42.402986	0.000000	0.000000	0.000000	0.000000	0.000000	0.000000	0.000000	0.000000	1651933389.531120	0.000000
104.000000	-485.199661	-288.176121	-145.078199	99.096129	0.000000	0.000000	0.000000	0.000000	0.000000	0.000000	0.000000	0.000000	1651933389.531120	0.000000
105.000000	-326.549365	-201.773212	-90.778592	135.967803	0.000000	0.000000	0.000000	0.000000	0.000000	0.000000	0.000000	0.000000	1651933389.544699	0.000000
105.000000	-93.284325	-133.026371	-67.467795	78.130250	0.000000	0.000000	0.000000	0.000000	0.000000	0.000000	0.000000	0.000000	1651933389.544699	0.000000
106.000000	-257.881062	-222.548357	-136.629765	32.054683	0.000000	0.000000	0.000000	0.000000	0.000000	0.000000	0.000000	0.000000	1651933389.560393	0.000000
106.000000	-485.857883	-286.579184	-142.303193	100.861362	0.000000	0.000000	0.000000	0.000000	0.000000	0.000000	0.000000	0.000000	1651933389.560393	0.000000
107.000000	-338.053297	-219.683593	-82.812605	161.829211	0.000000	0.000000	0.000000	0.000000	0.000000	0.000000	0.000000	0.000000	1651933389.561126	0.000000
107.000000	-103.180100	-142.219046	-80.688342	65.938176	0.000000	0.000000	0.000000	0.000000	0.000000	0.000000	0.000000	0.000000	1651933389.561126	0.000000
108.000000	-261.108595	-220.483932	-145.530727	10.524078	0.000000	0.000000	0.000000	0.000000	0.000000	0.000000	0.000000	0.000000	1651933389.574692	0.000000
108.000000	-486.676921	-284.664355	-156.118384	83.736360	0.000000	0.000000	0.000000	0.000000	0.000000	0.000000	0.000000	0.000000	1651933389.574692	0.000000
109.000000	-330.786671	-194.723501	-75.800292	143.122231	0.000000	0.000000	0.000000	0.000000	0.000000	0.000000	0.000000	0.000000	1651933389.606844	0.000000
109.000000	-114.945825	-153.382647	-76.787626	76.353797	0.000000	0.000000	0.000000	0.000000	0.000000	0.000000	0.000000	0.000000	1651933389.606844	0.000000
110.000000	-257.970819	-211.867202	-125.234290	41.827041	0.000000	0.000000	0.000000	0.000000	0.000000	0.000000	0.000000	0.000000	1651933389.607493	0.000000
110.000000	-489.698760	-293.023031	-153.369557	83.160415	0.000000	0.000000	0.000000	0.000000	0.000000	0.000000	0.000000	0.000000	1651933389.607493	0.000000
111.000000	-331.138222	-190.127164	-79.992720	136.682124	0.000000	0.000000	0.000000	0.000000	0.000000	0.000000	0.000000	0.000000	1651933389.608270	0.000000
111.000000	-104.892974	-139.275744	-74.461408	71.484448	0.000000	0.000000	0.000000	0.000000	0.000000	0.000000	0.000000	0.000000	1651933389.608270	0.000000
112.000000	-250.352643	-203.863817	-122.851974	37.686972	0.000000	0.000000	0.000000	0.000000	0.000000	0.000000	0.000000	0.000000	1651933389.609018	0.000000
112.000000	-497.249618	-293.262385	-165.311058	78.175129	0.000000	0.000000	0.000000	0.000000	0.000000	0.000000	0.000000	0.000000	1651933389.609018	0.000000
113.000000	-334.911781	-196.668249	-85.318338	133.267595	0.000000	0.000000	0.000000	0.000000	0.000000	0.000000	0.000000	0.000000	1651933389.619623	0.000000
113.000000	-90.154028	-122.767826	-60.088973	74.424009	0.000000	0.000000	0.000000	0.000000	0.000000	0.000000	0.000000	0.000000	1651933389.619623	0.000000
114.000000	-245.745086	-209.335290	-128.742316	22.102809	0.000000	0.000000	0.000000	0.000000	0.000000	0.000000	0.000000	0.000000	1651933389.634628	0.000000
114.000000	-504.912673	-327.987356	-187.582162	58.364879	0.000000	0.000000	0.000000	0.000000	0.000000	0.000000	0.000000	0.000000	1651933389.634628	0.000000
115.000000	-351.621654	-237.313482	-107.724078	114.994444	0.000000	0.000000	0.000000	0.000000	0.000000	0.000000	0.000000	0.000000	1651933389.650384	0.000000
115.000000	-98.333190	-143.991758	-69.008634	80.789319	0.000000	0.000000	0.000000	0.000000	0.000000	0.000000	0.000000	0.000000	1651933389.650384	0.000000
116.000000	-246.997953	-221.157114	-130.896498	39.186672	0.000000	0.000000	0.000000	0.000000	0.000000	0.000000	0.000000	0.000000	1651933389.651188	0.000000
116.000000	-478.729634	-293.389542	-155.920169	78.986687	0.000000	0.000000	0.000000	0.000000	0.000000	0.000000	0.000000	0.000000	1651933389.651188	0.000000
117.000000	-332.555644	-218.296090	-91.616329	125.114613	0.000000	0.000000	0.000000	0.000000	0.000000	0.000000	0.000000	0.000000	1651933389.664665	0.000000
117.000000	-95.214113	-145.319423	-70.347518	67.583732	0.000000	0.000000	0.000000	0.000000	0.000000	0.000000	0.000000	0.000000	1651933389.664665	0.000000
118.000000	-247.865609	-221.366548	-130.144779	30.798076	0.000000	0.000000	0.000000	0.000000	0.000000	0.000000	0.000000	0.000000	1651933389.680314	0.000000
118.000000	-481.788872	-290.752912	-146.166510	91.410635	0.000000	0.000000	0.000000	0.000000	0.000000	0.000000	0.000000	0.000000	1651933389.680314	0.000000
119.000000	-331.396275	-215.857676	-94.484832	130.462670	0.000000	0.000000	0.000000	0.000000	0.000000	0.000000	0.000000	0.000000	1651933389.681044	0.000000
119.000000	-87.064871	-134.541031	-65.018161	84.031812	0.000000	0.000000	0.000000	0.000000	0.000000	0.000000	0.000000	0.000000	1651933389.681044	0.000000
120.000000	-256.953566	-235.207918	-143.458822	12.734359	0.000000	0.000000	0.000000	0.000000	0.000000	0.000000	0.000000	0.000000	1651933389.694630	0.000000
120.000000	-485.035105	-299.246225	-153.616391	79.528973	0.000000	0.000000	0.000000	0.000000	0.000000	0.000000	0.000000	0.000000	1651933389.694630	0.000000
121.000000	-349.777883	-232.758284	-104.563863	120.802508	0.000000	0.000000	0.000000	0.000000	0.000000	0.000000	0.000000	0.000000	1651933389.710404	0.000000
121.000000	-99.174667	-142.454659	-65.276214	83.089357	0.000000	0.000000	0.000000	0.000000	0.000000	0.000000	0.000000	0.000000	1651933389.710404	0.000000
122.000000	-249.784178	-226.849242	-138.133205	24.630981	0.000000	0.000000	0.000000	0.000000	0.000000	0.000000	0.000000	0.000000	1651933389.711148	0.000000
122.000000	-489.040538	-293.640115	-161.010173	86.103717	0.000000	0.000000	0.000000	0.000000	0.000000	0.000000	0.000000	0.000000	1651933389.711148	0.000000
123.000000	-343.057283	-223.150481	-101.336329	137.968649	0.000000	0.000000	0.000000	0.000000	0.000000	0.000000	0.000000	0.000000	1651933389.724619	0.000000
123.000000	-108.041970	-154.762670	-79.996460	73.922863	0.000000	0.000000	0.000000	0.000000	0.000000	0.000000	0.000000	0.000000	1651933389.724619	0.000000
124.000000	-259.702393	-230.263770	-141.054067	26.370035	0.000000	0.000000	0.000000	0.000000	0.000000	0.000000	0.000000	0.000000	1651933389.740398	0.000000
124.000000	-503.454112	-310.652920	-173.665994	74.558646	0.000000	0.000000	0.000000	0.000000	0.000000	0.000000	0.000000	0.000000	1651933389.740398	0.000000
125.000000	-328.269719	-209.903755	-85.886802	143.720615	0.000000	0.000000	0.000000	0.000000	0.000000	0.000000	0.000000	0.000000	1651933389.741152	0.000000
125.000000	-106.190719	-146.826602	-90.341023	55.769388	0.000000	0.000000	0.000000	0.000000	0.000000	0.000000	0.000000	0.000000	1651933389.741152	0.000000
126.000000	-252.645202	-228.277883	-146.349765	11.589950	0.000000	0.000000	0.000000	0.000000	0.000000	0.000000	0.000000	0.000000	1651933389.754694	0.000000
126.000000	-490.506579	-291.972120	-160.374390	79.637430	0.000000	0.000000	0.000000	0.000000	0.000000	0.000000	0.000000	0.000000	1651933389.754694	0.000000
127.000000	-345.536837	-219.032851	-97.783424	125.929911	0.000000	0.000000	0.000000	0.000000	0.000000	0.000000	0.000000	0.000000	1651933389.770391	0.000000
127.000000	-120.723971	-158.835421	-87.775452	69.614498	0.000000	0.000000	0.000000	0.000000	0.000000	0.000000	0.000000	0.000000	1651933389.770391	0.000000
128.000000	-267.619761	-231.367041	-144.831366	22.461839	0.000000	0.000000	0.000000	0.000000	0.000000	0.000000	0.000000	0.000000	1651933389.771154	0.000000
128.000000	-505.604555	-310.342508	-172.405648	62.721862	0.000000	0.000000	0.000000	0.000000	0.000000	0.000000	0.000000	0.000000	1651933389.771154	0.000000
129.000000	-346.120261	-221.340369	-99.541177	129.830627	0.000000	0.000000	0.000000	0.000000	0.000000	0.000000	0.000000	0.000000	1651933389.784614	0.000000
129.000000	-102.978145	-142.607995	-80.729480	60.347026	0.000000	0.000000	0.000000	0.000000	0.000000	0.000000	0.000000	0.000000	1651933389.784614	0.000000
130.000000	-268.397660	-240.391419	-153.605171	9.076737	0.000000	0.000000	0.000000	0.000000	0.000000	0.000000	0.000000	0.000000	1651933389.800394	0.000000
130.000000	-515.982777	-323.914605	-183.165340	60.698576	0.000000	0.000000	0.000000	0.000000	0.000000	0.000000	0.000000	0.000000	1651933389.800394	0.000000
131.000000	-362.830134	-237.032989	-116.161293	107.959692	0.000000	0.000000	0.000000	0.000000	0.000000	0.000000	0.000000	0.000000	1651933389.801210	0.000000
131.000000	-114.811189	-148.565656	-79.427995	62.422670	0.000000	0.000000	0.000000	0.000000	0.000000	0.000000	0.000000	0.000000	1651933389.801210	0.000000
132.000000	-275.776483	-240.810288	-152.935729	19.582116	0.000000	0.000000	0.000000	0.000000	0.000000	0.000000	0.000000	0.000000	1651933389.814673	0.000000
132.000000	-508.966725	-304.885994	-164.660315	84.218807	0.000000	0.000000	0.000000	0.000000	0.000000	0.000000	0.000000	0.000000	1651933389.814673	0.000000
133.000000	-346.782223	-221.467526	-94.660608	139.165417	0.000000	0.000000	0.000000	0.000000	0.000000	0.000000	0.000000	0.000000	1651933389.830441	0.000000
133.000000	-114.381100	-155.480731	-89.626702	54.658638	0.000000	0.000000	0.000000	0.000000	0.000000	0.000000	0.000000	0.000000	1651933389.830441	0.000000
134.000000	-260.390534	-210.259045	-132.384979	19.585856	0.000000	0.000000	0.000000	0.000000	0.000000	0.000000	0.000000	0.000000	1651933389.831156	0.000000
134.000000	-506.101962	-293.722393	-154.338191	88.141962	0.000000	0.000000	0.000000	0.000000	0.000000	0.000000	0.000000	0.000000	1651933389.831156	0.000000
135.000000	-370.560507	-250.818260	-126.771389	96.373482	0.000000	0.000000	0.000000	0.000000	0.000000	0.000000	0.000000	0.000000	1651933389.844693	0.000000
135.000000	-118.588488	-162.175152	-90.595337	48.083894	0.000000	0.000000	0.000000	0.000000	0.000000	0.000000	0.000000	0.000000	1651933389.844693	0.000000
136.000000	-265.065409	-236.412166	-145.455929	16.175067	0.000000	0.000000	0.000000	0.000000	0.000000	0.000000	0.000000	0.000000	1651933389.860417	0.000000
136.000000	-505.226825	-301.804317	-166.485386	81.013713	0.000000	0.000000	0.000000	0.000000	0.000000	0.000000	0.000000	0.000000	1651933389.860417	0.000000
137.000000	-354.396660	-232.043963	-113.045956	105.177206	0.000000	0.000000	0.000000	0.000000	0.000000	0.000000	0.000000	0.000000	1651933389.861174	0.000000
137.000000	-109.302316	-144.893074	-80.957614	60.317106	0.000000	0.000000	0.000000	0.000000	0.000000	0.000000	0.000000	0.000000	1651933389.861174	0.000000
138.000000	-270.843555	-227.294290	-140.616498	21.938253	0.000000	0.000000	0.000000	0.000000	0.000000	0.000000	0.000000	0.000000	1651933389.874726	0.000000
138.000000	-508.626394	-302.428880	-174.686987	67.561293	0.000000	0.000000	0.000000	0.000000	0.000000	0.000000	0.000000	0.000000	1651933389.874726	0.000000
139.000000	-353.588841	-220.412874	-104.810696	115.727464	0.000000	0.000000	0.000000	0.000000	0.000000	0.000000	0.000000	0.000000	1651933389.890392	0.000000
139.000000	-110.551443	-156.322208	-77.819838	70.818746	0.000000	0.000000	0.000000	0.000000	0.000000	0.000000	0.000000	0.000000	1651933389.890392	0.000000
140.000000	-261.680800	-226.838022	-132.358799	38.158199	0.000000	0.000000	0.000000	0.000000	0.000000	0.000000	0.000000	0.000000	1651933389.891164	0.000000
140.000000	-497.137421	-298.457106	-160.583824	81.709334	0.000000	0.000000	0.000000	0.000000	0.000000	0.000000	0.000000	0.000000	1651933389.891164	0.000000
141.000000	-332.394828	-197.285333	-85.179961	129.557614	0.000000	0.000000	0.000000	0.000000	0.000000	0.000000	0.000000	0.000000	1651933389.904734	0.000000
141.000000	-125.331527	-163.525256	-98.976452	56.135898	0.000000	0.000000	0.000000	0.000000	0.000000	0.000000	0.000000	0.000000	1651933389.904734	0.000000
142.000000	-278.061562	-241.176798	-154.985194	17.465333	0.000000	0.000000	0.000000	0.000000	0.000000	0.000000	0.000000	0.000000	1651933389.920485	0.000000
142.000000	-516.023916	-311.247564	-171.571650	82.195521	0.000000	0.000000	0.000000	0.000000	0.000000	0.000000	0.000000	0.000000	1651933389.920485	0.000000
143.000000	-360.948964	-233.375367	-98.220993	133.929557	0.000000	0.000000	0.000000	0.000000	0.000000	0.000000	0.000000	0.000000	1651933389.921196	0.000000
143.000000	-120.465917	-152.451412	-94.391335	49.433998	0.000000	0.000000	0.000000	0.000000	0.000000	0.000000	0.000000	0.000000	1651933389.921196	0.000000
144.000000	-270.218991	-231.064109	-144.199323	20.797584	0.000000	0.000000	0.000000	0.000000	0.000000	0.000000	0.000000	0.000000	1651933389.934693	0.000000
144.000000	-508.585255	-320.204624	-180.790504	52.949504	0.000000	0.000000	0.000000	0.000000	0.000000	0.000000	0.000000	0.000000	1651933389.934693	0.000000
145.000000	-356.117014	-219.679853	-102.129188	118.730604	0.000000	0.000000	0.000000	0.000000	0.000000	0.000000	0.000000	0.000000	1651933389.950142	0.000000
145.000000	-125.114613	-158.827941	-93.086110	52.223963	0.000000	0.000000	0.000000	0.000000	0.000000	0.000000	0.000000	0.000000	1651933389.950142	0.000000
146.000000	-267.096175	-228.741631	-148.047680	10.699854	0.000000	0.000000	0.000000	0.000000	0.000000	0.000000	0.000000	0.000000	1651933389.965324	0.000000
146.000000	-514.617714	-310.342508	-168.834044	68.305533	0.000000	0.000000	0.000000	0.000000	0.000000	0.000000	0.000000	0.000000	1651933389.965324	0.000000
147.000000	-369.820007	-246.663232	-121.617807	106.243078	0.000000	0.000000	0.000000	0.000000	0.000000	0.000000	0.000000	0.000000	1651933389.966074	0.000000
147.000000	-128.057914	-155.563009	-95.229073	54.797014	0.000000	0.000000	0.000000	0.000000	0.000000	0.000000	0.000000	0.000000	1651933389.966074	0.000000
148.000000	-272.634967	-234.646933	-146.129111	16.373282	0.000000	0.000000	0.000000	0.000000	0.000000	0.000000	0.000000	0.000000	1651933389.980425	0.000000
148.000000	-507.328649	-306.969118	-161.975067	88.968480	0.000000	0.000000	0.000000	0.000000	0.000000	0.000000	0.000000	0.000000	1651933389.980425	0.000000
149.000000	-348.330542	-206.840777	-85.699807	140.601539	0.000000	0.000000	0.000000	0.000000	0.000000	0.000000	0.000000	0.000000	1651933389.981152	0.000000
149.000000	-100.094682	-122.992220	-64.595552	79.839384	0.000000	0.000000	0.000000	0.000000	0.000000	0.000000	0.000000	0.000000	1651933389.981152	0.000000
150.000000	-259.186287	-222.215506	-143.533620	22.390781	0.000000	0.000000	0.000000	0.000000	0.000000	0.000000	0.000000	0.000000	1651933389.994738	0.000000
150.000000	-499.994705	-298.501985	-156.630750	88.699207	0.000000	0.000000	0.000000	0.000000	0.000000	0.000000	0.000000	0.000000	1651933389.994738	0.000000
151.000000	-346.752304	-229.089442	-95.027118	133.918338	0.000000	0.000000	0.000000	0.000000	0.000000	0.000000	0.000000	0.000000	1651933390.010392	0.000000
151.000000	-111.576175	-157.982724	-74.341731	80.048819	0.000000	0.000000	0.000000	0.000000	0.000000	0.000000	0.000000	0.000000	1651933390.010392	0.000000
152.000000	-265.611435	-235.084501	-139.008341	34.575375	0.000000	0.000000	0.000000	0.000000	0.000000	0.000000	0.000000	0.000000	1651933390.011154	0.000000
152.000000	-510.948872	-297.653028	-161.013913	85.135083	0.000000	0.000000	0.000000	0.000000	0.000000	0.000000	0.000000	0.000000	1651933390.011154	0.000000
153.000000	-355.780423	-204.536999	-89.394829	135.264702	0.000000	0.000000	0.000000	0.000000	0.000000	0.000000	0.000000	0.000000	1651933390.024720	0.000000
153.000000	-121.812281	-146.849042	-77.288772	66.839492	0.000000	0.000000	0.000000	0.000000	0.000000	0.000000	0.000000	0.000000	1651933390.024720	0.000000
154.000000	-267.372928	-228.199346	-134.808434	33.060716	0.000000	0.000000	0.000000	0.000000	0.000000	0.000000	0.000000	0.000000	1651933390.040457	0.000000
154.000000	-507.253851	-298.329950	-157.988334	86.705841	0.000000	0.000000	0.000000	0.000000	0.000000	0.000000	0.000000	0.000000	1651933390.040457	0.000000
155.000000	-358.521769	-221.871435	-93.288064	130.589827	0.000000	0.000000	0.000000	0.000000	0.000000	0.000000	0.000000	0.000000	1651933390.041136	0.000000
155.000000	-113.042216	-135.457306	-64.861085	80.112397	0.000000	0.000000	0.000000	0.000000	0.000000	0.000000	0.000000	0.000000	1651933390.041136	0.000000
156.000000	-258.154074	-203.781539	-118.558568	41.295975	0.000000	0.000000	0.000000	0.000000	0.000000	0.000000	0.000000	0.000000	1651933390.054622	0.000000
156.000000	-507.313689	-292.043178	-161.264486	82.786425	0.000000	0.000000	0.000000	0.000000	0.000000	0.000000	0.000000	0.000000	1651933390.054622	0.000000
157.000000	-362.400046	-223.139261	-105.252004	109.489311	0.000000	0.000000	0.000000	0.000000	0.000000	0.000000	0.000000	0.000000	1651933390.070392	0.000000
157.000000	-111.452759	-143.752405	-70.564432	68.855298	0.000000	0.000000	0.000000	0.000000	0.000000	0.000000	0.000000	0.000000	1651933390.070392	0.000000
158.000000	-254.668487	-208.175921	-126.038368	31.325402	0.000000	0.000000	0.000000	0.000000	0.000000	0.000000	0.000000	0.000000	1651933390.071162	0.000000
158.000000	-513.428426	-326.966363	-169.862516	78.575298	0.000000	0.000000	0.000000	0.000000	0.000000	0.000000	0.000000	0.000000	1651933390.071162	0.000000
159.000000	-361.943778	-238.016583	-98.415467	128.304748	0.000000	0.000000	0.000000	0.000000	0.000000	0.000000	0.000000	0.000000	1651933390.084793	0.000000
159.000000	-95.258992	-135.423647	-68.485048	75.669396	0.000000	0.000000	0.000000	0.000000	0.000000	0.000000	0.000000	0.000000	1651933390.084793	0.000000
160.000000	-258.213913	-221.531104	-140.552920	13.680554	0.000000	0.000000	0.000000	0.000000	0.000000	0.000000	0.000000	0.000000	1651933390.100393	0.000000
160.000000	-492.402708	-290.790311	-159.409496	76.671689	0.000000	0.000000	0.000000	0.000000	0.000000	0.000000	0.000000	0.000000	1651933390.100393	0.000000
161.000000	-366.027749	-250.107679	-122.777176	103.318476	0.000000	0.000000	0.000000	0.000000	0.000000	0.000000	0.000000	0.000000	1651933390.101137	0.000000
161.000000	-116.812035	-159.063555	-88.471073	63.226749	0.000000	0.000000	0.000000	0.000000	0.000000	0.000000	0.000000	0.000000	1651933390.101137	0.000000
162.000000	-266.404294	-234.845148	-148.287033	24.586102	0.000000	0.000000	0.000000	0.000000	0.000000	0.000000	0.000000	0.000000	1651933390.114733	0.000000
162.000000	-504.725678	-307.148634	-163.643062	77.819838	0.000000	0.000000	0.000000	0.000000	0.000000	0.000000	0.000000	0.000000	1651933390.114733	0.000000
163.000000	-361.379053	-231.209965	-107.477245	112.526110	0.000000	0.000000	0.000000	0.000000	0.000000	0.000000	0.000000	0.000000	1651933390.130433	0.000000
163.000000	-115.536729	-157.679792	-88.108303	54.078953	0.000000	0.000000	0.000000	0.000000	0.000000	0.000000	0.000000	0.000000	1651933390.130433	0.000000
164.000000	-268.846448	-232.526410	-142.879138	16.391982	0.000000	0.000000	0.000000	0.000000	0.000000	0.000000	0.000000	0.000000	1651933390.131174	0.000000
164.000000	-510.638460	-306.770904	-162.289219	83.014559	0.000000	0.000000	0.000000	0.000000	0.000000	0.000000	0.000000	0.000000	1651933390.131174	0.000000
165.000000	-362.639399	-242.414705	-118.117260	107.174313	0.000000	0.000000	0.000000	0.000000	0.000000	0.000000	0.000000	0.000000	1651933390.144715	0.000000
165.000000	-116.150073	-154.586895	-88.403755	55.444017	0.000000	0.000000	0.000000	0.000000	0.000000	0.000000	0.000000	0.000000	1651933390.144715	0.000000
166.000000	-274.437599	-239.572381	-150.669350	17.921601	0.000000	0.000000	0.000000	0.000000	0.000000	0.000000	0.000000	0.000000	1651933390.160390	0.000000
166.000000	-509.411773	-321.610827	-176.579376	66.398184	0.000000	0.000000	0.000000	0.000000	0.000000	0.000000	0.000000	0.000000	1651933390.160390	0.000000
167.000000	-348.289403	-216.471019	-91.642509	139.438430	0.000000	0.000000	0.000000	0.000000	0.000000	0.000000	0.000000	0.000000	1651933390.161139	0.000000
167.000000	-107.653020	-158.304355	-97.158861	47.982916	0.000000	0.000000	0.000000	0.000000	0.000000	0.000000	0.000000	0.000000	1651933390.161139	0.000000
168.000000	-275.761523	-246.999823	-160.718461	11.773205	0.000000	0.000000	0.000000	0.000000	0.000000	0.000000	0.000000	0.000000	1651933390.174706	0.000000
168.000000	-505.813989	-317.841008	-175.958553	70.328819	0.000000	0.000000	0.000000	0.000000	0.000000	0.000000	0.000000	0.000000	1651933390.174706	0.000000
169.000000	-345.809849	-226.209719	-105.775590	113.012297	0.000000	0.000000	0.000000	0.000000	0.000000	0.000000	0.000000	0.000000	1651933390.190404	0.000000
169.000000	-93.845310	-125.539092	-70.725248	61.764448	0.000000	0.000000	0.000000	0.000000	0.000000	0.000000	0.000000	0.000000	1651933390.190404	0.000000
170.000000	-259.926787	-236.771196	-162.203201	-0.153336	0.000000	0.000000	0.000000	0.000000	0.000000	0.000000	0.000000	0.000000	1651933390.191133	0.000000
170.000000	-495.562923	-311.748711	-179.795690	56.468749	0.000000	0.000000	0.000000	0.000000	0.000000	0.000000	0.000000	0.000000	1651933390.191133	0.000000
171.000000	-348.775590	-229.422293	-118.610927	100.820223	0.000000	0.000000	0.000000	0.000000	0.000000	0.000000	0.000000	0.000000	1651933390.204745	0.000000
171.000000	-106.078522	-156.554082	-84.791012	57.594459	0.000000	0.000000	0.000000	0.000000	0.000000	0.000000	0.000000	0.000000	1651933390.204745	0.000000
172.000000	-256.190627	-240.167025	-145.433490	26.504671	0.000000	0.000000	0.000000	0.000000	0.000000	0.000000	0.000000	0.000000	1651933390.220328	0.000000
172.000000	-497.298237	-315.907479	-172.334590	69.247988	0.000000	0.000000	0.000000	0.000000	0.000000	0.000000	0.000000	0.000000	1651933390.220328	0.000000
173.000000	-346.598968	-242.272589	-127.122939	98.748318	0.000000	0.000000	0.000000	0.000000	0.000000	0.000000	0.000000	0.000000	1651933390.221084	0.000000
173.000000	-116.269750	-173.047041	-105.603555	43.042509	0.000000	0.000000	0.000000	0.000000	0.000000	0.000000	0.000000	0.000000	1651933390.221084	0.000000
174.000000	-267.380407	-263.159930	-164.589257	-3.653882	0.000000	0.000000	0.000000	0.000000	0.000000	0.000000	0.000000	0.000000	1651933390.234660	0.000000
174.000000	-510.522523	-338.986402	-186.628488	53.559107	0.000000	0.000000	0.000000	0.000000	0.000000	0.000000	0.000000	0.000000	1651933390.234660	0.000000
175.000000	-353.087695	-241.169319	-117.904086	109.646387	0.000000	0.000000	0.000000	0.000000	0.000000	0.000000	0.000000	0.000000	1651933390.250394	0.000000
175.000000	-114.246464	-163.947864	-97.256098	54.172451	0.000000	0.000000	0.000000	0.000000	0.000000	0.000000	0.000000	0.000000	1651933390.250394	0.000000
176.000000	-249.470027	-234.572135	-141.431797	21.235152	0.000000	0.000000	0.000000	0.000000	0.000000	0.000000	0.000000	0.000000	1651933390.251140	0.000000
176.000000	-488.337437	-308.928826	-174.589750	55.937684	0.000000	0.000000	0.000000	0.000000	0.000000	0.000000	0.000000	0.000000	1651933390.251140	0.000000
177.000000	-337.555890	-232.171119	-105.895267	119.777776	0.000000	0.000000	0.000000	0.000000	0.000000	0.000000	0.000000	0.000000	1651933390.264688	0.000000
177.000000	-100.696806	-150.660000	-82.532112	58.761308	0.000000	0.000000	0.000000	0.000000	0.000000	0.000000	0.000000	0.000000	1651933390.264688	0.000000
178.000000	-257.177960	-252.052427	-168.516152	-13.164448	0.000000	0.000000	0.000000	0.000000	0.000000	0.000000	0.000000	0.000000	1651933390.280452	0.000000
178.000000	-513.349888	-329.516975	-183.868441	57.448603	0.000000	0.000000	0.000000	0.000000	0.000000	0.000000	0.000000	0.000000	1651933390.280452	0.000000
179.000000	-356.569542	-251.906571	-121.543009	96.055590	0.000000	0.000000	0.000000	0.000000	0.000000	0.000000	0.000000	0.000000	1651933390.281150	0.000000
179.000000	-111.673413	-158.704525	-103.251158	30.599861	0.000000	0.000000	0.000000	0.000000	0.000000	0.000000	0.000000	0.000000	1651933390.281150	0.000000
180.000000	-253.718553	-235.712805	-147.853205	-1.623117	0.000000	0.000000	0.000000	0.000000	0.000000	0.000000	0.000000	0.000000	1651933390.294795	0.000000
180.000000	-516.700838	-330.515529	-185.816929	48.775775	0.000000	0.000000	0.000000	0.000000	0.000000	0.000000	0.000000	0.000000	1651933390.294795	0.000000
181.000000	-365.956690	-246.076067	-114.448418	107.840015	0.000000	0.000000	0.000000	0.000000	0.000000	0.000000	0.000000	0.000000	1651933390.310367	0.000000
181.000000	-116.236091	-153.012397	-89.529465	49.639692	0.000000	0.000000	0.000000	0.000000	0.000000	0.000000	0.000000	0.000000	1651933390.310367	0.000000
182.000000	-265.390781	-250.279715	-150.680569	19.623255	0.000000	0.000000	0.000000	0.000000	0.000000	0.000000	0.000000	0.000000	1651933390.311128	0.000000
182.000000	-503.757044	-320.963824	-170.449680	75.516060	0.000000	0.000000	0.000000	0.000000	0.000000	0.000000	0.000000	0.000000	1651933390.311128	0.000000
183.000000	-355.451311	-236.049396	-105.536237	118.517430	0.000000	0.000000	0.000000	0.000000	0.000000	0.000000	0.000000	0.000000	1651933390.324778	0.000000
183.000000	-112.907580	-149.807303	-80.766879	63.795213	0.000000	0.000000	0.000000	0.000000	0.000000	0.000000	0.000000	0.000000	1651933390.324778	0.000000
184.000000	-272.481631	-263.148711	-161.365463	-0.762940	0.000000	0.000000	0.000000	0.000000	0.000000	0.000000	0.000000	0.000000	1651933390.340369	0.000000
184.000000	-508.652573	-329.621692	-179.440400	66.472982	0.000000	0.000000	0.000000	0.000000	0.000000	0.000000	0.000000	0.000000	1651933390.340369	0.000000
185.000000	-360.100007	-252.456337	-115.690065	102.465779	0.000000	0.000000	0.000000	0.000000	0.000000	0.000000	0.000000	0.000000	1651933390.341126	0.000000
185.000000	-102.076829	-150.884394	-80.276953	62.523647	0.000000	0.000000	0.000000	0.000000	0.000000	0.000000	0.000000	0.000000	1651933390.341126	0.000000
186.000000	-280.746810	-268.070419	-181.407587	-12.483786	0.000000	0.000000	0.000000	0.000000	0.000000	0.000000	0.000000	0.000000	1651933390.371119	0.000000
186.000000	-510.922693	-327.213197	-196.950611	44.250496	0.000000	0.000000	0.000000	0.000000	0.000000	0.000000	0.000000	0.000000	1651933390.371119	0.000000
187.000000	-349.949919	-239.419045	-107.940993	112.896360	0.000000	0.000000	0.000000	0.000000	0.000000	0.000000	0.000000	0.000000	1651933390.371885	0.000000
187.000000	-99.103609	-154.212905	-91.014205	44.770342	0.000000	0.000000	0.000000	0.000000	0.000000	0.000000	0.000000	0.000000	1651933390.371885	0.000000
188.000000	-268.588395	-261.929503	-178.591443	-33.034536	0.000000	0.000000	0.000000	0.000000	0.000000	0.000000	0.000000	0.000000	1651933390.372580	0.000000
188.000000	-537.490942	-360.647902	-215.313520	25.386441	0.000000	0.000000	0.000000	0.000000	0.000000	0.000000	0.000000	0.000000	1651933390.372580	0.000000
189.000000	-381.869965	-263.956529	-134.883232	93.983686	0.000000	0.000000	0.000000	0.000000	0.000000	0.000000	0.000000	0.000000	1651933390.384671	0.000000
189.000000	-133.073120	-172.426218	-112.761724	36.658499	0.000000	0.000000	0.000000	0.000000	0.000000	0.000000	0.000000	0.000000	1651933390.384671	0.000000
190.000000	-258.445786	-226.875421	-136.779361	17.427934	0.000000	0.000000	0.000000	0.000000	0.000000	0.000000	0.000000	0.000000	1651933390.400422	0.000000
190.000000	-522.546302	-340.762854	-180.379115	64.487095	0.000000	0.000000	0.000000	0.000000	0.000000	0.000000	0.000000	0.000000	1651933390.400422	0.000000
191.000000	-383.433243	-266.944709	-148.316952	80.744440	0.000000	0.000000	0.000000	0.000000	0.000000	0.000000	0.000000	0.000000	1651933390.401224	0.000000
191.000000	-128.701177	-180.265048	-93.347903	57.856252	0.000000	0.000000	0.000000	0.000000	0.000000	0.000000	0.000000	0.000000	1651933390.401224	0.000000
192.000000	-268.554736	-254.767595	-153.967941	17.614929	0.000000	0.000000	0.000000	0.000000	0.000000	0.000000	0.000000	0.000000	1651933390.414737	0.000000
192.000000	-514.969264	-327.014982	-186.609788	55.668411	0.000000	0.000000	0.000000	0.000000	0.000000	0.000000	0.000000	0.000000	1651933390.414737	0.000000
193.000000	-362.452404	-243.615213	-127.979376	91.403155	0.000000	0.000000	0.000000	0.000000	0.000000	0.000000	0.000000	0.000000	1651933390.430374	0.000000
193.000000	-136.173497	-187.752328	-114.081908	35.472951	0.000000	0.000000	0.000000	0.000000	0.000000	0.000000	0.000000	0.000000	1651933390.430374	0.000000
194.000000	-281.307795	-255.923224	-164.477060	4.820731	0.000000	0.000000	0.000000	0.000000	0.000000	0.000000	0.000000	0.000000	1651933390.431095	0.000000
194.000000	-507.051896	-322.220430	-174.170881	70.254021	0.000000	0.000000	0.000000	0.000000	0.000000	0.000000	0.000000	0.000000	1651933390.431095	0.000000
195.000000	-358.820961	-239.157252	-115.865841	109.234998	0.000000	0.000000	0.000000	0.000000	0.000000	0.000000	0.000000	0.000000	1651933390.444710	0.000000
195.000000	-117.735791	-163.742170	-89.675321	57.886172	0.000000	0.000000	0.000000	0.000000	0.000000	0.000000	0.000000	0.000000	1651933390.444710	0.000000
196.000000	-254.825563	-219.881808	-133.357353	20.000985	0.000000	0.000000	0.000000	0.000000	0.000000	0.000000	0.000000	0.000000	1651933390.460375	0.000000
196.000000	-507.885894	-320.623493	-178.509165	64.864825	0.000000	0.000000	0.000000	0.000000	0.000000	0.000000	0.000000	0.000000	1651933390.460375	0.000000
197.000000	-363.843647	-243.013089	-111.441539	115.054282	0.000000	0.000000	0.000000	0.000000	0.000000	0.000000	0.000000	0.000000	1651933390.461132	0.000000
197.000000	-101.755198	-142.948326	-60.047834	78.923109	0.000000	0.000000	0.000000	0.000000	0.000000	0.000000	0.000000	0.000000	1651933390.461132	0.000000
198.000000	-266.647387	-238.682285	-145.650404	15.569204	0.000000	0.000000	0.000000	0.000000	0.000000	0.000000	0.000000	0.000000	1651933390.474753	0.000000
198.000000	-505.380161	-307.040177	-159.865764	81.320385	0.000000	0.000000	0.000000	0.000000	0.000000	0.000000	0.000000	0.000000	1651933390.474753	0.000000
199.000000	-373.328033	-248.391065	-110.035336	112.391473	0.000000	0.000000	0.000000	0.000000	0.000000	0.000000	0.000000	0.000000	1651933390.490427	0.000000
199.000000	-117.257083	-149.538030	-74.966295	60.638738	0.000000	0.000000	0.000000	0.000000	0.000000	0.000000	0.000000	0.000000	1651933390.490427	0.000000
200.000000	-281.113320	-247.429911	-151.383670	10.673674	0.000000	0.000000	0.000000	0.000000	0.000000	0.000000	0.000000	0.000000	1651933390.491178	0.000000
200.000000	-525.336267	-324.512989	-172.817037	71.196475	0.000000	0.000000	0.000000	0.000000	0.000000	0.000000	0.000000	0.000000	1651933390.491178	0.000000
0.000000	-372.819407	-248.181631	-113.767757	121.619677	0.000000	0.000000	0.000000	0.000000	0.000000	0.000000	0.000000	0.000000	1651933390.505160	0.000000
101.000000	-123.042709	-162.339707	-90.191427	55.427187	0.000000	0.000000	0.000000	0.000000	0.000000	0.000000	0.000000	0.000000	1651933390.520439	0.000000
101.000000	-260.211019	-240.653212	-153.339638	8.469003	0.000000	0.000000	0.000000	0.000000	0.000000	0.000000	0.000000	0.000000	1651933390.520439	0.000000
102.000000	-502.777190	-312.421893	-173.187287	70.439146	0.000000	0.000000	0.000000	0.000000	0.000000	0.000000	0.000000	0.000000	1651933390.521190	0.000000
102.000000	-339.549257	-226.280777	-100.345256	125.980400	0.000000	0.000000	0.000000	0.000000	0.000000	0.000000	0.000000	0.000000	1651933390.521190	0.000000
103.000000	-111.060069	-151.572535	-83.291312	58.837976	0.000000	0.000000	0.000000	0.000000	0.000000	0.000000	0.000000	0.000000	1651933390.535400	0.000000
103.000000	-259.496698	-238.828141	-151.073259	9.123486	0.000000	0.000000	0.000000	0.000000	0.000000	0.000000	0.000000	0.000000	1651933390.535400	0.000000
104.000000	-498.177113	-308.255644	-167.783132	70.169873	0.000000	0.000000	0.000000	0.000000	0.000000	0.000000	0.000000	0.000000	1651933390.536211	0.000000
104.000000	-360.657252	-236.187772	-117.402939	114.525086	0.000000	0.000000	0.000000	0.000000	0.000000	0.000000	0.000000	0.000000	1651933390.536211	0.000000
105.000000	-112.567249	-149.178999	-81.671935	68.849688	0.000000	0.000000	0.000000	0.000000	0.000000	0.000000	0.000000	0.000000	1651933390.549695	0.000000
105.000000	-261.407787	-224.107895	-138.144425	29.150650	0.000000	0.000000	0.000000	0.000000	0.000000	0.000000	0.000000	0.000000	1651933390.549695	0.000000
106.000000	-504.243231	-300.480392	-157.262793	77.933905	0.000000	0.000000	0.000000	0.000000	0.000000	0.000000	0.000000	0.000000	1651933390.565413	0.000000
106.000000	-354.078768	-219.945386	-106.759184	120.299492	0.000000	0.000000	0.000000	0.000000	0.000000	0.000000	0.000000	0.000000	1651933390.565413	0.000000
107.000000	-116.726018	-149.078022	-72.423163	81.714944	0.000000	0.000000	0.000000	0.000000	0.000000	0.000000	0.000000	0.000000	1651933390.566159	0.000000
107.000000	-272.593828	-226.942739	-139.745102	18.858446	0.000000	0.000000	0.000000	0.000000	0.000000	0.000000	0.000000	0.000000	1651933390.566159	0.000000
108.000000	-520.717491	-322.171812	-180.674567	54.911081	0.000000	0.000000	0.000000	0.000000	0.000000	0.000000	0.000000	0.000000	1651933390.579736	0.000000
108.000000	-391.866717	-267.453335	-126.677891	106.764794	0.000000	0.000000	0.000000	0.000000	0.000000	0.000000	0.000000	0.000000	1651933390.579736	0.000000
109.000000	-126.808788	-157.201085	-92.525125	48.942201	0.000000	0.000000	0.000000	0.000000	0.000000	0.000000	0.000000	0.000000	1651933390.595346	0.000000
109.000000	-277.609034	-241.618107	-155.534959	8.629819	0.000000	0.000000	0.000000	0.000000	0.000000	0.000000	0.000000	0.000000	1651933390.595346	0.000000
110.000000	-510.242031	-312.979138	-167.745733	73.490904	0.000000	0.000000	0.000000	0.000000	0.000000	0.000000	0.000000	0.000000	1651933390.596148	0.000000
110.000000	-368.496083	-235.047102	-107.630581	120.045179	0.000000	0.000000	0.000000	0.000000	0.000000	0.000000	0.000000	0.000000	1651933390.596148	0.000000
